cell,lon,lat,ssp,year,hazard
54,120.98934621946,53.1655657942916,Current,2024,0.0163469351118316
55,121.766597775951,53.2204133988419,Current,2024,0.0167718886122683
56,122.625962550526,53.2615170240288,Current,2024,0.0154968166471738
57,123.503872211582,53.2867806513094,Current,2024,0.023395197164921
58,124.234533147575,53.1929084230386,Current,2024,0.0219263947194038
59,125.067534970276,53.1220547884351,Current,2024,0.0249380640924737
125,120.201065679812,52.686172327543,Current,2024,0.0167018607303328
126,120.844576434726,52.8132208818435,Current,2024,0.0163926014200169
127,121.721720998195,52.820390340621,Current,2024,0.015279432802463
128,122.620036282315,52.820390340621,Current,2024,0.0289382962937533
129,123.518351566434,52.820390340621,Current,2024,0.0237139240414287
130,124.416446647668,52.8202403435421,Current,2024,0.0269990287274712
131,125.28164631535,52.8005737429746,Current,2024,0.0260565404950832
132,125.869886774161,52.6803504259881,Current,2024,0.0376434614583601
197,120.067097887072,52.5451834148273,Current,2024,0.0167018607303328
198,120.968340417924,52.2812213666407,Current,2024,0.0159667365140517
199,121.721720998195,52.274134035273,Current,2024,0.0206491135552306
200,122.620036282315,52.274134035273,Current,2024,0.0220180819796065
201,123.518351566434,52.274134035273,Current,2024,0.0346984578760252
202,124.416666850554,52.274134035273,Current,2024,0.0304337748022278
203,125.314982134673,52.274134035273,Current,2024,0.0199747241303101
204,126.039464540426,52.2416405198819,Current,2024,0.0264427000030992
269,120.217755654577,51.5814892348358,Current,2024,0.0192963212581115
270,120.848137852535,51.704730306573,Current,2024,0.0232487424668226
271,121.721720998195,51.7210618695902,Current,2024,0.0199307001174299
272,122.620036282315,51.7210618695902,Current,2024,0.0235147305174465
273,123.518351566434,51.7210618695902,Current,2024,0.0379144769166278
274,124.416666850554,51.7210618695902,Current,2024,0.032012542366341
275,125.314982134673,51.7210618695902,Current,2024,0.0301902848552168
276,126.170400509542,51.7017618694339,Current,2024,0.0294444044378925
277,126.709879883934,51.4945263196956,Current,2024,0.0318739745373015
341,120.052672960567,51.1281229030947,Current,2024,0.0229877593493409
342,120.823405714076,51.1611409828537,Current,2024,0.0252054284081075
343,121.721720998195,51.1611409828537,Current,2024,0.0266633338631683
344,122.620036282315,51.1611409828537,Current,2024,0.0231014576797362
345,123.518351566434,51.1611409828537,Current,2024,0.0267532019432598
346,124.416666850554,51.1611409828537,Current,2024,0.0288330134945235
347,125.314982134673,51.1611409828537,Current,2024,0.0347872334564724
348,126.213297418793,51.1611409828537,Current,2024,0.0329409278207313
349,126.794002975364,51.1063729353377,Current,2024,0.0318739745373015
412,119.343388779203,50.476249202058,Current,2024,0.0238477426175708
413,119.925453215316,50.5941192066292,Current,2024,0.0255887864813326
414,120.823405714076,50.5943407078584,Current,2024,0.0269985535495116
415,121.721720998195,50.5943407078585,Current,2024,0.0288407640874
416,122.620036282315,50.5943407078584,Current,2024,0.034644725639887
417,123.518351566434,50.5943407078585,Current,2024,0.0267392225789985
418,124.416666850554,50.5943407078585,Current,2024,0.029500889930673
419,125.314982134673,50.5943407078585,Current,2024,0.0341466414717214
420,126.213297418793,50.5943407078585,Current,2024,0.035513201981908
421,126.964999554068,50.5798376124154,Current,2024,0.0366895142753266
481,116.711274531013,49.77390874873,Current,2024,0.0193232169444074
482,116.834034981637,49.7553445255093,Current,2024,0.0193232169444074
483,118.469695477319,49.7918715903298,Current,2024,0.0212477384526216
484,119.132454390713,49.9209814543472,Current,2024,0.0274100714322588
485,119.925090429956,50.0206326773674,Current,2024,0.0284398230812708
486,120.823405714076,50.0206326773673,Current,2024,0.0243048920790653
487,121.721720998195,50.0206326773674,Current,2024,0.0277956772478073
488,122.620036282315,50.0206326773673,Current,2024,0.0257616289910529
489,123.518351566434,50.0206326773674,Current,2024,0.0319977146307187
490,124.416666850554,50.0206326773673,Current,2024,0.0302405052851391
491,125.314982134673,50.0206326773674,Current,2024,0.0351811816851112
492,126.213297418793,50.0206326773673,Current,2024,0.0347560360305552
493,127.071793365452,50.0151123819584,Current,2024,0.0359672930096856
494,127.570463755481,49.7388191656239,Current,2024,0.0348233374745567
521,87.7091892693464,49.1515402210725,Current,2024,0.0169647799249183
553,116.572765545186,49.3853507424718,Current,2024,0.0195233943458211
554,117.198954478699,49.4001066010845,Current,2024,0.0258480905981512
555,118.165290837583,49.4066779423352,Current,2024,0.0263654526153005
556,119.026775145837,49.4399909322379,Current,2024,0.0271187835786388
557,119.925090429956,49.4399909322379,Current,2024,0.0315817204511421
558,120.823405714076,49.4399909322379,Current,2024,0.028782939796573
559,121.721720998195,49.4399909322379,Current,2024,0.0355206130523531
560,122.620036282315,49.4399909322379,Current,2024,0.0272549639240022
561,123.518351566434,49.4399909322379,Current,2024,0.0320874271679127
562,124.416666850554,49.4399909322379,Current,2024,0.0346218293891946
563,125.314982134673,49.4399909322379,Current,2024,0.0326950094743919
564,126.213297418793,49.4399909322379,Current,2024,0.0341560788529436
565,127.111612702912,49.4399909322379,Current,2024,0.0317331477445822
566,127.98718532064,49.3623581966388,Current,2024,0.034583573894632
567,128.831379265101,49.3034455231243,Current,2024,0.0299404195484808
568,129.488923343649,49.2420104228533,Current,2024,0.0300651003086224
592,86.9202945882899,48.8163648995094,Current,2024,0.0313921577500157
593,87.5175865543879,48.8189026350264,Current,2024,0.0268026644442865
624,115.85369488121,48.5865829278789,Current,2024,0.0192212142162922
625,116.39445686148,48.831778041997,Current,2024,0.0203606665298801
626,117.230144577598,48.8523920310858,Current,2024,0.0270358438126075
627,118.128459861717,48.8523920310858,Current,2024,0.0280194266691726
628,119.026775145837,48.8523920310858,Current,2024,0.0264265297407209
629,119.925090429956,48.8523920310858,Current,2024,0.029095695161348
630,120.823405714076,48.8523920310858,Current,2024,0.0288002677351702
631,121.721720998195,48.8523920310858,Current,2024,0.0244243089083167
632,122.620036282315,48.8523920310858,Current,2024,0.0274543112092344
633,123.518351566434,48.8523920310858,Current,2024,0.044555396402703
634,124.416666850554,48.8523920310858,Current,2024,0.0343752348499576
635,125.314982134673,48.8523920310858,Current,2024,0.0335299911236513
636,126.213297418793,48.8523920310858,Current,2024,0.0332324537872309
637,127.111612702912,48.8523920310858,Current,2024,0.0356507991596553
638,128.009927987032,48.8523920310858,Current,2024,0.0305012787381416
639,128.908243271151,48.8523920310858,Current,2024,0.0302824185975593
640,129.75001917565,48.8148712474288,Current,2024,0.0306704374394502
641,130.410048953189,48.71833618111,Current,2024,0.0311672495906127
663,85.9139404436413,48.1661656374963,Current,2024,0.0255401380729419
664,86.7048538340238,48.24460805052,Current,2024,0.0355800797835387
665,87.5854669535804,48.2576294146869,Current,2024,0.0297101980926022
666,88.3705260671709,48.1766476271419,Current,2024,0.0251436925148307
667,89.2463380726373,47.9857316877949,Current,2024,0.0179177164447056
696,115.740599914767,48.1790012201688,Current,2024,0.026516514162699
697,116.331829293478,48.2578151613334,Current,2024,0.0195288337701062
698,117.230144577598,48.2578151613334,Current,2024,0.02374623206667
699,118.13011213289,48.2733226343002,Current,2024,0.0249259524287557
700,119.026775145837,48.2578151613334,Current,2024,0.0237888528044281
701,119.925090429956,48.2578151613334,Current,2024,0.0242733457918911
702,120.823405714076,48.2578151613334,Current,2024,0.0268582821043393
703,121.721720998195,48.2578151613334,Current,2024,0.0277044277771383
704,122.620036282315,48.2578151613334,Current,2024,0.0290889858206225
705,123.518351566434,48.2578151613334,Current,2024,0.0253214560185302
706,124.416666850554,48.2578151613334,Current,2024,0.0257026055217656
707,125.314982134673,48.2578151613334,Current,2024,0.0280679168102196
708,126.213297418793,48.2578151613334,Current,2024,0.0331187153355427
709,127.111612702912,48.2578151613334,Current,2024,0.0288410069808854
710,128.009927987032,48.2578151613334,Current,2024,0.0290952685897047
711,128.908243271151,48.2578151613334,Current,2024,0.0295832993884708
712,129.806558555271,48.2578151613334,Current,2024,0.031159129127864
713,130.477617167769,48.2559764356194,Current,2024,0.0311586280285173
715,132.899793063143,47.9733221656625,Current,2024,0.0305266361506862
716,133.481662555861,48.0495881915785,Current,2024,0.0314636822397144
717,134.264868847672,48.1579412262461,Current,2024,0.0300565443883124
718,134.863543647366,48.3538447960947,Current,2024,0.0310810799200864
735,85.9058128763012,47.6648905617173,Current,2024,0.0263950124867839
736,86.6874249175338,47.6562422514796,Current,2024,0.0338588182295618
737,87.5857402016534,47.6562422514796,Current,2024,0.0346099550135788
738,88.4840554857729,47.6562422514796,Current,2024,0.0383666750499115
739,89.3688027335583,47.6470389607416,Current,2024,0.0179177164447056
740,90.0896256775331,47.5522301592798,Current,2024,0.0181691853730391
768,115.742960922916,47.8573574112534,Current,2024,0.029406015598975
769,116.242724460058,47.8813254246438,Current,2024,0.0223140276674562
770,117.253385819125,47.8491485644781,Current,2024,0.0203618506714133
771,118.234383493322,47.9444967142522,Current,2024,0.0230647815142642
772,119.144935197998,47.7461877501696,Current,2024,0.0259364716635675
773,119.925090429956,47.6562422514796,Current,2024,0.0274652591508688
774,120.823405714076,47.6562422514796,Current,2024,0.0258259808598754
775,121.721720998195,47.6562422514796,Current,2024,0.0280183375754832
776,122.620036282315,47.6562422514796,Current,2024,0.0263092498653843
777,123.518351566434,47.6562422514796,Current,2024,0.0299539382669801
778,124.416666850554,47.6562422514796,Current,2024,0.0326743989390863
779,125.314982134673,47.6562422514796,Current,2024,0.0345835779680067
780,126.213297418793,47.6562422514796,Current,2024,0.0337151288776879
781,127.111612702912,47.6562422514796,Current,2024,0.0418923946906488
782,128.009927987032,47.6562422514796,Current,2024,0.0267230310131305
783,128.908243271151,47.6562422514796,Current,2024,0.033551689898819
784,129.806558555271,47.6562422514796,Current,2024,0.0337828737733726
785,130.648852643266,47.6230947207924,Current,2024,0.033687170627616
786,131.589570707117,47.5189403775607,Current,2024,0.0319623215786615
787,132.560679800733,47.5906497215057,Current,2024,0.0305215857967782
788,133.399819691749,47.6562422514796,Current,2024,0.0317858855852711
789,134.22058328802,47.671576188675,Current,2024,0.0310552788954471
804,83.1954396533843,46.9248112568598,Current,2024,0.029957510273505
805,83.9825645471563,46.8576473432864,Current,2024,0.0305572887656554
806,84.9135394220077,46.8595437220095,Current,2024,0.0273570230337925
807,85.8462850827722,47.0177993100224,Current,2024,0.0327465523273546
808,86.6874249175338,47.0476580844109,Current,2024,0.0302070532325294
809,87.5857402016533,47.0476580844109,Current,2024,0.0400714343834168
810,88.4840554857729,47.0476580844109,Current,2024,0.0299343768384136
811,89.3823707698924,47.0476580844109,Current,2024,0.0248856031767354
812,90.2402545961506,47.02754482209,Current,2024,0.0198133967045405
813,90.821609325153,46.839788193661,Current,2024,0.019089861172626
844,119.417442796296,47.2978021972506,Current,2024,0.027171651143752
845,120.035341980555,47.0853409027756,Current,2024,0.0272194654437906
846,120.823405714076,47.0476580844109,Current,2024,0.0262121893473877
847,121.721720998195,47.0476580844109,Current,2024,0.021962699446102
848,122.620036282315,47.0476580844109,Current,2024,0.0252908514863431
849,123.518351566434,47.0476580844109,Current,2024,0.0288356236563945
850,124.416666850554,47.0476580844109,Current,2024,0.0307150581779297
851,125.314982134673,47.0476580844109,Current,2024,0.0310412048755806
852,126.213297418793,47.0476580844109,Current,2024,0.037467276943951
853,127.111612702912,47.0476580844109,Current,2024,0.0340523728221573
854,128.009927987032,47.0476580844109,Current,2024,0.033127347151853
855,128.908243271151,47.0476580844109,Current,2024,0.0296667311772927
856,129.806558555271,47.0476580844109,Current,2024,0.0276900341614772
857,130.70487383939,47.0476580844109,Current,2024,0.0275830281714549
858,131.60318912351,47.0476580844109,Current,2024,0.0314159791742747
859,132.501504407629,47.0476580844109,Current,2024,0.0278199237292561
860,133.399819691749,47.0476580844109,Current,2024,0.0282057357627878
861,133.976514896106,47.0990881560482,Current,2024,0.0285783668776873
875,82.5864580400594,46.2200896094133,Current,2024,0.0266563747121725
876,83.1104393169426,46.424295443549,Current,2024,0.0305789438236903
877,83.9924790651753,46.4320504115606,Current,2024,0.0311719304868487
878,84.8907943492948,46.4320504115606,Current,2024,0.0264830610381418
879,85.7891096334143,46.4320504115606,Current,2024,0.032036054166618
880,86.6874249175338,46.4320504115606,Current,2024,0.0217744298780483
881,87.5857402016533,46.4320504115606,Current,2024,0.019235704869516
882,88.4840554857729,46.4320504115606,Current,2024,0.0233287647358434
883,89.3823707698924,46.4320504115606,Current,2024,0.0218963332624618
884,90.2806860540119,46.4320504115606,Current,2024,0.0238913594949107
885,90.8529326169999,46.4570364332891,Current,2024,0.0275653440166618
913,116.624950112389,46.2109749385944,Current,2024,0.0227147415918857
914,117.298604040098,46.2912349368042,Current,2024,0.023096870923583
915,118.159114464416,46.3879039558282,Current,2024,0.0261144662619451
916,119.008821423464,46.3971338258893,Current,2024,0.024385975211821
917,119.949979796371,46.409367537793,Current,2024,0.0237633938079203
918,120.823405714076,46.4320504115606,Current,2024,0.0250720183897103
919,121.721720998195,46.4320504115606,Current,2024,0.0291544625495557
920,122.620036282315,46.4320504115606,Current,2024,0.0297638362361575
921,123.518351566434,46.4320504115606,Current,2024,0.0277024698929944
922,124.416666850554,46.4320504115606,Current,2024,0.0288182393026105
923,125.314982134673,46.4320504115606,Current,2024,0.0310080167394301
924,126.213297418793,46.4320504115606,Current,2024,0.0335848612300941
925,127.111612702912,46.4320504115606,Current,2024,0.0352298164277497
926,128.009927987032,46.4320504115606,Current,2024,0.0343264496589921
927,128.908243271151,46.4320504115606,Current,2024,0.0346967654564478
928,129.806558555271,46.4320504115606,Current,2024,0.0275129757612924
929,130.70487383939,46.4320504115606,Current,2024,0.0267169936703376
930,131.60318912351,46.4320504115606,Current,2024,0.0218302520043497
931,132.501504407629,46.4320504115606,Current,2024,0.0270538087956833
932,133.389053099742,46.4374325074708,Current,2024,0.0292110826467242
933,133.896669596222,46.6427376126053,Current,2024,0.0286100719194
947,82.489698890592,45.7739902536515,Current,2024,0.0285046586042895
948,83.0941637810557,45.8094100677068,Current,2024,0.0280606610635478
949,83.9924790651753,45.8094100677068,Current,2024,0.0317334318053043
950,84.8907943492948,45.8094100677068,Current,2024,0.0317885959844888
951,85.7891096334143,45.8094100677068,Current,2024,0.0304369952092974
952,86.6874249175338,45.8094100677068,Current,2024,0.0184138858925091
953,87.5857402016533,45.8094100677068,Current,2024,0.0235510696171016
954,88.4840554857729,45.8094100677068,Current,2024,0.0171790192679725
955,89.3823707698924,45.8094100677068,Current,2024,0.0194102901521793
956,90.2695569077331,45.814686522634,Current,2024,0.0181371786663661
957,90.8288417443276,45.9987771619666,Current,2024,0.0165488259053357
984,115.809621293604,45.5400507832078,Current,2024,0.0273683487107961
985,116.434159903514,45.7684662849873,Current,2024,0.0268792105106382
986,117.230144577598,45.8094100677068,Current,2024,0.0251958167153786
987,118.128459861717,45.8094100677068,Current,2024,0.0254656801397205
988,119.026775145837,45.8094100677068,Current,2024,0.0293634314859704
989,119.925090429956,45.8094100677068,Current,2024,0.0248362045627407
990,120.823405714076,45.8094100677068,Current,2024,0.0253641540579168
991,121.721720998195,45.8094100677068,Current,2024,0.0294729437291
992,122.620036282315,45.8094100677068,Current,2024,0.0269362551094778
993,123.518351566434,45.8094100677068,Current,2024,0.0282258207552364
994,124.416666850554,45.8094100677068,Current,2024,0.0314974017975077
995,125.314982134673,45.8094100677068,Current,2024,0.0288899858122539
996,126.213297418793,45.8094100677068,Current,2024,0.0297753359103413
997,127.111612702912,45.8094100677068,Current,2024,0.0298382141135265
998,128.009927987032,45.8094100677068,Current,2024,0.0335848596428225
999,128.908243271151,45.8094100677068,Current,2024,0.0269426440334207
1000,129.806558555271,45.8094100677068,Current,2024,0.0287452279144906
1001,130.70487383939,45.8094100677068,Current,2024,0.0248315651061947
1002,131.60318912351,45.8094100677068,Current,2024,0.0186231677054262
1003,132.501504407629,45.8094100677068,Current,2024,0.0201375109206822
1004,133.233182127971,45.8607042493194,Current,2024,0.0193771162973811
1016,79.9363938972813,44.9066047477668,Current,2024,0.0248896220536962
1017,80.4564404704518,44.9712759932945,Current,2024,0.0248136910554926
1018,81.3471555017718,45.0528063060372,Current,2024,0.026293672870536
1019,82.2140548287345,45.0946694965179,Current,2024,0.0288468597419752
1020,83.0941637810557,45.1797310861844,Current,2024,0.0266859783349422
1021,83.9924790651753,45.1797310861844,Current,2024,0.0277450548009898
1022,84.8907943492948,45.1797310861844,Current,2024,0.0316955231166055
1023,85.7891096334143,45.1797310861844,Current,2024,0.0224219598593511
1024,86.6874249175338,45.1797310861844,Current,2024,0.0221286043003254
1025,87.5857402016533,45.1797310861844,Current,2024,0.0219829227687748
1026,88.4840554857729,45.1797310861844,Current,2024,0.0216174843313348
1027,89.3823707698924,45.1797310861844,Current,2024,0.0257164756893542
1028,90.2800829501215,45.1793106464764,Current,2024,0.0196934254869059
1029,91.1194345968524,45.0364794852579,Current,2024,0.0184381803036483
1030,92.0417781335629,44.9627999803671,Current,2024,0.0167251732914618
1031,92.9584517272128,44.9452867559723,Current,2024,0.0166460519444992
1032,93.5464982617403,44.9115270827412,Current,2024,0.0184807177163927
1052,112.010960226976,44.9572125033315,Current,2024,0.0327410674532377
1053,112.434486393606,44.939557062824,Current,2024,0.0327410674532377
1054,113.990734958105,44.9006753118312,Current,2024,0.0346601236336115
1055,114.618557263157,45.0954099368791,Current,2024,0.0283104157076977
1056,115.452379275369,45.1497868782039,Current,2024,0.0285387744837947
1057,116.331829293478,45.1797310861844,Current,2024,0.028528881198301
1058,117.230144577598,45.1797310861844,Current,2024,0.0269381960787711
1059,118.128459861717,45.1797310861844,Current,2024,0.0249242192794604
1060,119.026775145837,45.1797310861844,Current,2024,0.0291221581712815
1061,119.925090429956,45.1797310861844,Current,2024,0.0305181773425243
1062,120.823405714076,45.1797310861844,Current,2024,0.0254558807512671
1063,121.721720998195,45.1797310861844,Current,2024,0.0311216629066659
1064,122.620036282315,45.1797310861844,Current,2024,0.0300294249937709
1065,123.518351566434,45.1797310861844,Current,2024,0.0289758169184603
1066,124.416666850554,45.1797310861844,Current,2024,0.0300679698459483
1067,125.314982134673,45.1797310861844,Current,2024,0.0310724698312331
1068,126.213297418793,45.1797310861844,Current,2024,0.0314702875319983
1069,127.111612702912,45.1797310861844,Current,2024,0.0357092008858003
1070,128.009927987032,45.1797310861844,Current,2024,0.0316517119312354
1071,128.908243271151,45.1797310861844,Current,2024,0.0304000734998682
1072,129.806558555271,45.1797310861844,Current,2024,0.02917871762985
1073,130.699693229755,45.1837349789964,Current,2024,0.0189787007535294
1074,131.511355856558,45.2733694799337,Current,2024,0.0173233391815649
1075,132.539464402326,45.3003609509092,Current,2024,0.0204146417571666
1076,133.015704468497,45.2952727602257,Current,2024,0.0180883384818655
1088,79.9436488587448,44.8526351994795,Current,2024,0.0248896220536962
1089,80.5706542667929,44.5815399614433,Current,2024,0.0251619331466751
1090,81.2975332128167,44.5430108142727,Current,2024,0.030631521093581
1091,82.1958484969362,44.5430108142727,Current,2024,0.0272496178930226
1092,83.0941637810557,44.5430108142727,Current,2024,0.0268248710144658
1093,83.9924790651753,44.5430108142727,Current,2024,0.0266296186932345
1094,84.8907943492948,44.5430108142727,Current,2024,0.0331458278999728
1095,85.7891096334143,44.5430108142727,Current,2024,0.0349485396316044
1096,86.6874249175338,44.5430108142727,Current,2024,0.0274146265315811
1097,87.5857402016533,44.5430108142727,Current,2024,0.0327670288338222
1098,88.4840554857729,44.5430108142727,Current,2024,0.0234363271006575
1099,89.3823707698924,44.5430108142727,Current,2024,0.0218707122899767
1100,90.2806860540119,44.5430108142727,Current,2024,0.0187709127127655
1101,91.1790013381314,44.5430108142727,Current,2024,0.0214395844239431
1102,92.077316622251,44.5430108142727,Current,2024,0.0167251732914618
1103,92.9756319063705,44.5430108142727,Current,2024,0.0177667531791829
1104,93.8402729088573,44.513471030713,Current,2024,0.0184807177163927
1105,94.6153384661333,44.3328496760139,Current,2024,0.0202037242780022
1106,95.30953572512,44.2619661087531,Current,2024,0.0202487775296694
1124,111.895110475411,44.5287576899889,Current,2024,0.0271264590748987
1125,112.72877469682,44.533244994128,Current,2024,0.0333437763045786
1126,113.652927758688,44.5158677912215,Current,2024,0.0344020951205509
1127,114.535198725239,44.5430108142727,Current,2024,0.0294999298592573
1128,115.433514009359,44.5430108142727,Current,2024,0.0291285782412116
1129,116.331829293478,44.5430108142727,Current,2024,0.0267699889261018
1130,117.230144577598,44.5430108142727,Current,2024,0.0269492618698163
1131,118.128459861717,44.5430108142727,Current,2024,0.0271909557049737
1132,119.026775145837,44.5430108142727,Current,2024,0.030468810112934
1133,119.925090429956,44.5430108142727,Current,2024,0.029207129385728
1134,120.823405714076,44.5430108142727,Current,2024,0.0296679245493973
1135,121.721720998195,44.5430108142727,Current,2024,0.0295039613967598
1136,122.620036282315,44.5430108142727,Current,2024,0.0292911037372805
1137,123.518351566434,44.5430108142727,Current,2024,0.0276595044994709
1138,124.416666850554,44.5430108142727,Current,2024,0.0293347894166397
1139,125.314982134673,44.5430108142727,Current,2024,0.0286306296162469
1140,126.213297418793,44.5430108142727,Current,2024,0.0292600366582191
1141,127.111612702912,44.5430108142727,Current,2024,0.0390460037186662
1142,128.009927987032,44.5430108142727,Current,2024,0.0314603688276962
1143,128.908243271151,44.5430108142727,Current,2024,0.030004785859963
1144,129.806558555271,44.5430108142727,Current,2024,0.0245295284320153
1145,130.672759861699,44.5283973535412,Current,2024,0.01795340048528
1146,131.172650604186,44.2763016588904,Current,2024,0.0163469367941138
1161,80.6755289831368,43.9406838257672,Current,2024,0.0291132163024781
1162,81.2975332128167,43.8992500285015,Current,2024,0.0307515984674274
1163,82.1958484969362,43.8992500285015,Current,2024,0.0276230708853193
1164,83.0941637810557,43.8992500285015,Current,2024,0.028360397471811
1165,83.9924790651753,43.8992500285015,Current,2024,0.0297251552306886
1166,84.8907943492948,43.8992500285015,Current,2024,0.0288955080825197
1167,85.7891096334143,43.8992500285015,Current,2024,0.0331970957145398
1168,86.6874249175338,43.8992500285015,Current,2024,0.0261071888623222
1169,87.5857402016533,43.8992500285015,Current,2024,0.034421881571121
1170,88.4840554857729,43.8992500285015,Current,2024,0.0276604019427804
1171,89.3823707698924,43.8992500285015,Current,2024,0.0209057021324501
1172,90.2806860540119,43.8992500285015,Current,2024,0.0200077773020848
1173,91.1790013381314,43.8992500285015,Current,2024,0.0213484929668882
1174,92.077316622251,43.8992500285015,Current,2024,0.0223264398260964
1175,92.9756319063705,43.8992500285015,Current,2024,0.0244040106450739
1176,93.87394719049,43.8992500285015,Current,2024,0.0166043107575846
1177,94.7722624746095,43.8992500285015,Current,2024,0.017600862794335
1178,95.4144637873526,43.8172689954224,Current,2024,0.0176844821289501
1196,111.997167349209,43.9341148912802,Current,2024,0.0348970350186433
1197,112.738568157,43.8992500285015,Current,2024,0.0334133163019571
1198,113.636883441119,43.8992500285015,Current,2024,0.0332310594523557
1199,114.535198725239,43.8992500285015,Current,2024,0.0318060563871516
1200,115.433514009358,43.8992500285015,Current,2024,0.0334503437661028
1201,116.331829293478,43.8992500285015,Current,2024,0.0283697935059088
1202,117.230144577598,43.8992500285015,Current,2024,0.0261297338447323
1203,118.128459861717,43.8992500285015,Current,2024,0.0223709186429361
1204,119.026775145837,43.8992500285015,Current,2024,0.0286844148859419
1205,119.925090429956,43.8992500285015,Current,2024,0.0288497811317425
1206,120.823405714076,43.8992500285015,Current,2024,0.0276732024727543
1207,121.721720998195,43.8992500285015,Current,2024,0.022537704844742
1208,122.620036282315,43.8992500285015,Current,2024,0.0306351955134677
1209,123.518351566434,43.8992500285015,Current,2024,0.028338889199848
1210,124.416666850554,43.8992500285015,Current,2024,0.0319461455467955
1211,125.314982134673,43.8992500285015,Current,2024,0.0333512341980967
1212,126.213297418793,43.8992500285015,Current,2024,0.0306129536764136
1213,127.111612702912,43.8992500285015,Current,2024,0.0281159503679926
1214,128.009927987032,43.8992500285015,Current,2024,0.0289922675794687
1215,128.908243271151,43.8992500285015,Current,2024,0.0297462135516711
1216,129.806558555271,43.8992500285015,Current,2024,0.0190532212995844
1217,130.704582630247,43.8993103095403,Current,2024,0.016062112145341
1218,131.186676988833,44.0503076834506,Current,2024,0.0163469367941138
1233,80.7030751081177,43.1562486557851,Current,2024,0.0250978867970163
1234,81.2975332128167,43.248453049607,Current,2024,0.0293922099291666
1235,82.1958484969362,43.248453049607,Current,2024,0.0297117980326783
1236,83.0941637810557,43.248453049607,Current,2024,0.0310006801750585
1237,83.9924790651753,43.248453049607,Current,2024,0.031296591764011
1238,84.8907943492948,43.248453049607,Current,2024,0.0262160418672476
1239,85.7891096334143,43.248453049607,Current,2024,0.0256113436962253
1240,86.6874249175338,43.248453049607,Current,2024,0.0245329105311763
1241,87.5857402016533,43.248453049607,Current,2024,0.0365032803013946
1242,88.4840554857729,43.248453049607,Current,2024,0.0259975020175176
1243,89.3823707698924,43.248453049607,Current,2024,0.0226617404728393
1244,90.2806860540119,43.248453049607,Current,2024,0.0221945695465389
1245,91.1790013381314,43.248453049607,Current,2024,0.0220890185938214
1246,92.077316622251,43.248453049607,Current,2024,0.0229738876033438
1247,92.9756319063705,43.248453049607,Current,2024,0.019421417366691
1248,93.87394719049,43.248453049607,Current,2024,0.0306191598969302
1249,94.7722624746095,43.248453049607,Current,2024,0.0199490252013333
1250,95.5933874791401,43.2155213017952,Current,2024,0.0191623998342118
1251,96.1858805876544,42.9701353819985,Current,2024,0.0191144183927715
1267,111.07658365322,43.1252903048484,Current,2024,0.0334643458208941
1268,111.851925386763,43.2390308010058,Current,2024,0.0337287753868006
1269,112.738568157,43.248453049607,Current,2024,0.0343215853352856
1270,113.636883441119,43.248453049607,Current,2024,0.0317745700369865
1271,114.535198725239,43.248453049607,Current,2024,0.0291301007016764
1272,115.433514009359,43.248453049607,Current,2024,0.028485761334953
1273,116.331829293478,43.248453049607,Current,2024,0.0279886944911684
1274,117.230144577598,43.248453049607,Current,2024,0.0257908226901725
1275,118.128459861717,43.248453049607,Current,2024,0.021794200691503
1276,119.026775145837,43.248453049607,Current,2024,0.0233344906357987
1277,119.925090429956,43.248453049607,Current,2024,0.018780215770861
1278,120.823405714076,43.248453049607,Current,2024,0.023103292123315
1279,121.721720998195,43.248453049607,Current,2024,0.0232592605773254
1280,122.620036282315,43.248453049607,Current,2024,0.0216654945933336
1281,123.518351566434,43.248453049607,Current,2024,0.0307325070830718
1282,124.416666850554,43.2484530496071,Current,2024,0.0261071528849552
1283,125.314982134673,43.248453049607,Current,2024,0.029273693867867
1284,126.213297418793,43.248453049607,Current,2024,0.0303885703701892
1285,127.111612702912,43.248453049607,Current,2024,0.0302307041915619
1286,128.009927987032,43.248453049607,Current,2024,0.0286032967214106
1287,128.908243271151,43.248453049607,Current,2024,0.0193987173031777
1288,129.802811080537,43.2568013608888,Current,2024,0.0201696803769152
1289,130.689203399301,43.25753161573,Current,2024,0.0254585308825878
1290,131.180801633405,43.3955850213517,Current,2024,0.0158882629711291
1305,80.5331240840171,42.570150221232,Current,2024,0.0282495419878138
1306,81.2975332128167,42.5906278568488,Current,2024,0.0262857868311788
1307,82.1958484969362,42.5906278568488,Current,2024,0.0261306270470526
1308,83.0941637810557,42.5906278568488,Current,2024,0.0281166672662525
1309,83.9924790651753,42.5906278568488,Current,2024,0.0280758613066794
1310,84.8907943492948,42.5906278568488,Current,2024,0.0217502090501528
1311,85.7891096334143,42.5906278568488,Current,2024,0.0226327726391106
1312,86.6874249175338,42.5906278568488,Current,2024,0.0217461549204311
1313,87.5857402016533,42.5906278568488,Current,2024,0.0256704466938998
1314,88.4840554857729,42.5906278568488,Current,2024,0.0244079531433081
1315,89.3823707698924,42.5906278568488,Current,2024,0.0283662570676616
1316,90.2806860540119,42.5906278568488,Current,2024,0.0237942300957077
1317,91.1790013381314,42.5906278568488,Current,2024,0.0180631462863494
1318,92.0773166222509,42.5906278568488,Current,2024,0.0441408006261824
1319,92.9756319063705,42.5906278568488,Current,2024,0.0394362277923662
1320,93.87394719049,42.5906278568488,Current,2024,0.0240477020742572
1321,94.7722624746095,42.5906278568488,Current,2024,0.0211159170681111
1322,95.670577758729,42.5906278568489,Current,2024,0.0207724040691902
1323,96.5427021819796,42.5312882153912,Current,2024,0.0200468188167535
1324,97.4502289847477,42.5031340987946,Current,2024,0.0195288335131675
1325,98.3526296825811,42.4483079839519,Current,2024,0.0202487761947454
1326,99.2565830108415,42.4190381688162,Current,2024,0.0208261951060167
1327,100.178702434497,42.4533079720676,Current,2024,0.0258978811399885
1328,101.023852221463,42.4373705560413,Current,2024,0.0245822027251666
1329,101.70268984272,42.3688234486571,Current,2024,0.0204926461103877
1334,106.887424536544,42.2624944487364,Current,2024,0.0376642375844998
1335,107.441645799222,42.3202655678622,Current,2024,0.0290979579412313
1336,108.247241899994,42.3323011677378,Current,2024,0.0427309410987831
1337,109.178153777824,42.3428442277352,Current,2024,0.0430259152689665
1338,110.098759691491,42.4796242238723,Current,2024,0.0378308720154981
1339,110.942232477379,42.5904115404423,Current,2024,0.034437930816989
1340,111.84025287288,42.5906278568488,Current,2024,0.0338663470410723
1341,112.738568157,42.5906278568488,Current,2024,0.0315048150922297
1342,113.636883441119,42.5906278568488,Current,2024,0.0343290959136312
1343,114.535198725239,42.5906278568488,Current,2024,0.0261362180604583
1344,115.433514009358,42.5906278568488,Current,2024,0.0262612955197997
1345,116.331829293478,42.5906278568488,Current,2024,0.0243268861012393
1346,117.230144577598,42.5906278568488,Current,2024,0.0283513324711483
1347,118.128459861717,42.5906278568489,Current,2024,0.0314097939596958
1348,119.026775145837,42.5906278568488,Current,2024,0.0294549094565851
1349,119.925090429956,42.5906278568489,Current,2024,0.0264196553053822
1350,120.823405714076,42.5906278568489,Current,2024,0.0238082357450459
1351,121.721720998195,42.5906278568488,Current,2024,0.0261790364393194
1352,122.620036282315,42.5906278568488,Current,2024,0.0255251758010885
1353,123.518351566434,42.5906278568489,Current,2024,0.0297092834105308
1354,124.416666850554,42.5906278568488,Current,2024,0.0285949212519171
1355,125.314982134673,42.5906278568489,Current,2024,0.0267236118302978
1356,126.213297418793,42.5906278568488,Current,2024,0.0271114048075112
1357,127.111612702912,42.5906278568488,Current,2024,0.0253970348021645
1358,128.009927987032,42.5906278568488,Current,2024,0.0266016384286549
1359,128.893704673033,42.6008141799495,Current,2024,0.0290095452181314
1360,129.585860189338,42.6862388789742,Current,2024,0.0301196786707461
1361,130.482257284338,42.7738508614804,Current,2024,0.0347725096792825
1375,78.9813123858114,41.6228380678697,Current,2024,0.0238272466116656
1376,79.5959340595915,41.7445482896672,Current,2024,0.0246830736541703
1377,80.4251775731921,41.9070144310611,Current,2024,0.0266398350601705
1378,81.2975332128167,41.9257862013885,Current,2024,0.0304675043539684
1379,82.1958484969362,41.9257862013885,Current,2024,0.030207439864229
1380,83.0941637810557,41.9257862013885,Current,2024,0.0289970211947143
1381,83.9924790651753,41.9257862013885,Current,2024,0.0243819460214645
1382,84.8907943492948,41.9257862013885,Current,2024,0.0240975096979478
1383,85.7891096334143,41.9257862013885,Current,2024,0.0289659640484279
1384,86.6874249175338,41.9257862013885,Current,2024,0.0269542257750364
1385,87.5857402016533,41.9257862013885,Current,2024,0.0320204565740662
1386,88.4840554857729,41.9257862013885,Current,2024,0.0205428406613457
1387,89.3823707698924,41.9257862013885,Current,2024,0.0189025852810996
1388,90.2806860540119,41.9257862013885,Current,2024,0.0284124590151778
1389,91.1790013381314,41.9257862013885,Current,2024,0.0273911370094316
1390,92.077316622251,41.9257862013885,Current,2024,0.0265088337007694
1391,92.9756319063705,41.9257862013885,Current,2024,0.0223699517121632
1392,93.87394719049,41.9257862013885,Current,2024,0.0345071925439863
1393,94.7722624746095,41.9257862013885,Current,2024,0.019431846278959
1394,95.670577758729,41.9257862013885,Current,2024,0.0193825144475981
1395,96.5688930428485,41.9257862013885,Current,2024,0.0220242056907136
1396,97.4672083269681,41.9257862013885,Current,2024,0.0214318249613618
1397,98.3655236110876,41.9257862013885,Current,2024,0.0209424522611825
1398,99.2638388952071,41.9257862013885,Current,2024,0.0214556909311133
1399,100.162154179327,41.9257862013885,Current,2024,0.022097850041394
1400,101.060469463446,41.9257862013885,Current,2024,0.0255677272181181
1401,101.942646001794,41.9095453364348,Current,2024,0.0223633032397239
1402,102.812601119577,41.831065132166,Current,2024,0.0233421663483312
1403,103.72746780193,41.7013626400191,Current,2024,0.0320952732630214
1404,104.431859190234,41.6928070641039,Current,2024,0.0340053329517041
1405,105.660821468978,41.7409076712434,Current,2024,0.0355819392503064
1406,106.48529662286,41.8786923088043,Current,2024,0.0342222369146904
1407,107.348676452283,41.9257862013885,Current,2024,0.0384834751174932
1408,108.246991736402,41.9257862013885,Current,2024,0.0406646893964723
1409,109.145307020522,41.9257862013885,Current,2024,0.043394452492066
1410,110.043622304641,41.9257862013885,Current,2024,0.0447272204959285
1411,110.941937588761,41.9257862013885,Current,2024,0.0373434070733004
1412,111.84025287288,41.9257862013885,Current,2024,0.0453349387725958
1413,112.738568157,41.9257862013885,Current,2024,0.0302923729550284
1414,113.636883441119,41.9257862013885,Current,2024,0.0318122905058285
1415,114.535198725239,41.9257862013885,Current,2024,0.0259805065713765
1416,115.433514009359,41.9257862013885,Current,2024,0.0264888740367291
1417,116.331829293478,41.9257862013885,Current,2024,0.025267557924089
1418,117.230144577598,41.9257862013885,Current,2024,0.0240596415154989
1419,118.128459861717,41.9257862013885,Current,2024,0.0228421297997413
1420,119.026775145837,41.9257862013885,Current,2024,0.0307717942425625
1421,119.925090429956,41.9257862013885,Current,2024,0.0266067675610051
1422,120.823405714076,41.9257862013885,Current,2024,0.0295544893067242
1423,121.721720998195,41.9257862013885,Current,2024,0.0262436528711923
1424,122.620036282315,41.9257862013885,Current,2024,0.0277261576075304
1425,123.518351566434,41.9257862013885,Current,2024,0.0321277676636647
1426,124.416666850554,41.9257862013885,Current,2024,0.03005942923098
1427,125.314982134673,41.9257862013885,Current,2024,0.0249057206054207
1428,126.212413105333,41.9264251636035,Current,2024,0.0294776167693001
1429,127.131530251111,41.9497474286265,Current,2024,0.0292120278686919
1430,127.926487556897,41.9602354870851,Current,2024,0.0301846413896666
1431,128.757660683326,42.1461834407202,Current,2024,0.0250491377785376
1445,77.0314363164389,40.9712350645775,Current,2024,0.0240601349207678
1446,77.8144746348776,41.0199114750087,Current,2024,0.0242278571403729
1447,78.6404396109219,41.2081229775401,Current,2024,0.025350454714353
1448,79.5009026445776,41.2539437184118,Current,2024,0.0254042031263305
1449,80.3992179286972,41.2539437184118,Current,2024,0.0287141609624779
1450,81.2975332128167,41.2539437184118,Current,2024,0.0269029272569258
1451,82.1958484969362,41.2539437184118,Current,2024,0.0263109181133261
1452,83.0941637810557,41.2539437184118,Current,2024,0.0267623060687647
1453,83.9924790651753,41.2539437184118,Current,2024,0.0276792738884333
1454,84.8907943492948,41.2539437184118,Current,2024,0.0230591573994869
1455,85.7891096334143,41.2539437184118,Current,2024,0.0259881500279151
1456,86.6874249175338,41.2539437184118,Current,2024,0.0290256932691345
1457,87.5857402016533,41.2539437184118,Current,2024,0.035084113349054
1458,88.4840554857729,41.2539437184118,Current,2024,0.0261434802037613
1459,89.3823707698924,41.2539437184118,Current,2024,0.0253782441426874
1460,90.2806860540119,41.2539437184118,Current,2024,0.0209366252788098
1461,91.1790013381314,41.2539437184118,Current,2024,0.0491446437129203
1462,92.077316622251,41.2539437184118,Current,2024,0.0431917547636853
1463,92.9756319063705,41.2539437184118,Current,2024,0.0176598451782143
1464,93.87394719049,41.2539437184118,Current,2024,0.022500982632187
1465,94.7722624746095,41.2539437184118,Current,2024,0.0196652904198348
1466,95.670577758729,41.2539437184118,Current,2024,0.0237266647887605
1467,96.5688930428485,41.2539437184118,Current,2024,0.0225448284998401
1468,97.4672083269681,41.2539437184118,Current,2024,0.022223154166408
1469,98.3655236110876,41.2539437184118,Current,2024,0.0227273832816289
1470,99.2638388952071,41.2539437184118,Current,2024,0.0218898267809396
1471,100.162154179327,41.2539437184118,Current,2024,0.0266138533626453
1472,101.060469463446,41.2539437184118,Current,2024,0.0222768202965835
1473,101.958784747566,41.2539437184118,Current,2024,0.0221655667030719
1474,102.857100031685,41.2539437184118,Current,2024,0.0326054867140033
1475,103.755415315805,41.2539437184118,Current,2024,0.0337711053426583
1476,104.653021784128,41.2532779088603,Current,2024,0.0345801124901199
1477,105.552045884044,41.2539437184118,Current,2024,0.0359871620760301
1478,106.450361168163,41.2539437184118,Current,2024,0.0291706305165101
1479,107.348676452283,41.2539437184118,Current,2024,0.0323383794924769
1480,108.246991736402,41.2539437184118,Current,2024,0.0369099767622664
1481,109.145307020522,41.2539437184118,Current,2024,0.0349349677763903
1482,110.043622304641,41.2539437184118,Current,2024,0.036334084254372
1483,110.941937588761,41.2539437184118,Current,2024,0.0355744286768588
1484,111.84025287288,41.2539437184118,Current,2024,0.0298396639455417
1485,112.738568157,41.2539437184118,Current,2024,0.0285818942769934
1486,113.636883441119,41.2539437184118,Current,2024,0.0296649069554348
1487,114.535198725239,41.2539437184118,Current,2024,0.023605905459744
1488,115.433514009359,41.2539437184118,Current,2024,0.0349310754152722
1489,116.331829293478,41.2539437184118,Current,2024,0.0296012433170506
1490,117.230144577598,41.2539437184118,Current,2024,0.0198751731241682
1491,118.128459861717,41.2539437184118,Current,2024,0.0259932645526518
1492,119.026775145837,41.2539437184118,Current,2024,0.0306606034744436
1493,119.925090429956,41.2539437184118,Current,2024,0.0283389662005412
1494,120.822163757095,41.2550195371267,Current,2024,0.0300241517206755
1495,121.719972632914,41.2642875298532,Current,2024,0.0318557569747184
1496,122.620036282315,41.2539437184118,Current,2024,0.0293178313408374
1497,123.518351566434,41.2539437184118,Current,2024,0.034738493511783
1498,124.416666850554,41.2539437184118,Current,2024,0.0265084281805992
1499,125.314982134673,41.2539437184118,Current,2024,0.0216093922560923
1500,126.084041655184,41.3199422813251,Current,2024,0.0229475094193899
1501,127.372353444627,41.5264493227708,Current,2024,0.0261579945408938
1502,127.895481934282,41.4968124141756,Current,2024,0.0265511931204971
1515,75.1271582199641,40.3521889033288,Current,2024,0.0330047736143225
1516,75.8227459082286,40.3569746511942,Current,2024,0.0300151674448631
1517,76.9010004417236,40.5382763445894,Current,2024,0.023013541833226
1518,77.7042720763386,40.5751200376639,Current,2024,0.0250934109468851
1519,78.6025873604581,40.5751200376639,Current,2024,0.0249103741532069
1520,79.5009026445776,40.5751200376639,Current,2024,0.0255651676475986
1521,80.3992179286972,40.5751200376639,Current,2024,0.0261306288374346
1522,81.2975332128167,40.5751200376639,Current,2024,0.0286894779683989
1523,82.1958484969362,40.5751200376639,Current,2024,0.0276992444072569
1524,83.0941637810557,40.5751200376639,Current,2024,0.0267452905678833
1525,83.9924790651753,40.5751200376639,Current,2024,0.0244714078171655
1526,84.8907943492948,40.5751200376639,Current,2024,0.0335755716173548
1527,85.7891096334143,40.5751200376639,Current,2024,0.0318034851836984
1528,86.6874249175338,40.5751200376639,Current,2024,0.03752203413123
1529,87.5857402016533,40.5751200376639,Current,2024,0.0271192288033453
1530,88.4840554857729,40.5751200376639,Current,2024,0.0270212944733453
1531,89.3823707698924,40.5751200376639,Current,2024,0.026194327610721
1532,90.2806860540119,40.5751200376639,Current,2024,0.0518283980275442
1533,91.1790013381314,40.5751200376639,Current,2024,0.0575558635970057
1534,92.0773166222509,40.5751200376639,Current,2024,0.0336685430280146
1535,92.9756319063705,40.5751200376639,Current,2024,0.0639436946774896
1536,93.87394719049,40.5751200376639,Current,2024,0.0267711804481923
1537,94.7722624746095,40.5751200376639,Current,2024,0.0284203317656595
1538,95.670577758729,40.5751200376639,Current,2024,0.0239946310074091
1539,96.5688930428486,40.5751200376639,Current,2024,0.0232964346440134
1540,97.4672083269681,40.5751200376639,Current,2024,0.0246100710384251
1541,98.3655236110876,40.5751200376639,Current,2024,0.0234462093839505
1542,99.2638388952071,40.5751200376639,Current,2024,0.0244564532737588
1543,100.162154179327,40.5751200376639,Current,2024,0.0276660343841346
1544,101.060469463446,40.5751200376639,Current,2024,0.0247036490593972
1545,101.958784747566,40.5751200376639,Current,2024,0.0247586120758567
1546,102.857100031685,40.5751200376639,Current,2024,0.0332705677040389
1547,103.755415315805,40.5751200376639,Current,2024,0.0342222352999464
1548,104.653730599924,40.5751200376639,Current,2024,0.0299736215081859
1549,105.552045884044,40.5751200376639,Current,2024,0.0317745674963459
1550,106.450361168163,40.5751200376639,Current,2024,0.0322192745387797
1551,107.348676452283,40.5751200376639,Current,2024,0.031236853067575
1552,108.246991736402,40.5751200376639,Current,2024,0.0357201200995886
1553,109.145307020522,40.5751200376639,Current,2024,0.0337044588290748
1554,110.043622304641,40.5751200376639,Current,2024,0.0297975172227423
1555,110.941937588761,40.5751200376639,Current,2024,0.0287389679561052
1556,111.84025287288,40.5751200376639,Current,2024,0.0315549922385571
1557,112.738568157,40.5751200376639,Current,2024,0.0280897191650734
1558,113.636883441119,40.5751200376639,Current,2024,0.0294433261564085
1559,114.535198725239,40.5751200376638,Current,2024,0.0243038872212531
1560,115.433514009359,40.5751200376639,Current,2024,0.0484351720206152
1561,116.331829293478,40.5751200376639,Current,2024,0.0488670678436927
1562,117.230144577598,40.5751200376639,Current,2024,0.0421856780201936
1563,118.128459861717,40.5751200376639,Current,2024,0.0257935451414519
1564,119.026775145837,40.5751200376639,Current,2024,0.0260782372613834
1565,119.925090429956,40.5751200376639,Current,2024,0.0278429574326812
1566,120.612123422316,40.684860817085,Current,2024,0.0262310561720909
1567,122.026119896069,40.7249288576241,Current,2024,0.0292787948180661
1568,122.625492920489,40.5762521857515,Current,2024,0.0284881392024016
1569,123.518351566434,40.5751200376639,Current,2024,0.0270904227480436
1570,124.393809583038,40.5932873981844,Current,2024,0.0286121729186351
1571,125.202784575777,40.7466398157893,Current,2024,0.0228159683943437
1572,125.872694377099,40.9009174161831,Current,2024,0.0204015658573312
1586,74.2592843866313,39.8369351596155,Current,2024,0.0295248633660858
1587,75.0093738458061,39.8893022926001,Current,2024,0.0307126263809888
1588,75.9076415080996,39.8893388920514,Current,2024,0.031424039515533
1589,76.8059567922191,39.8893388920514,Current,2024,0.032804902229171
1590,77.7042720763386,39.8893388920514,Current,2024,0.0322662384419739
1591,78.6025873604581,39.8893388920514,Current,2024,0.0321669870400966
1592,79.5009026445777,39.8893388920514,Current,2024,0.0259758310894119
1593,80.3992179286972,39.8893388920514,Current,2024,0.0255389507166777
1594,81.2975332128167,39.8893388920514,Current,2024,0.0329672964680894
1595,82.1958484969362,39.8893388920514,Current,2024,0.0250282672826559
1596,83.0941637810557,39.8893388920514,Current,2024,0.0357494021817253
1597,83.9924790651753,39.8893388920514,Current,2024,0.0351899363122786
1598,84.8907943492948,39.8893388920514,Current,2024,0.0364371436918092
1599,85.7891096334143,39.8893388920514,Current,2024,0.0331618817399519
1600,86.6874249175338,39.8893388920514,Current,2024,0.0801473844723675
1601,87.5857402016533,39.8893388920514,Current,2024,0.0334828586368247
1602,88.4840554857729,39.8893388920514,Current,2024,0.0448626740505134
1603,89.3823707698924,39.8893388920514,Current,2024,0.0293002672740832
1604,90.2806860540119,39.8893388920514,Current,2024,0.0452217070531654
1605,91.1790013381314,39.8893388920514,Current,2024,0.0426721803493558
1606,92.077316622251,39.8893388920514,Current,2024,0.0346984526248086
1607,92.9756319063705,39.8893388920514,Current,2024,0.0762217261161431
1608,93.87394719049,39.8893388920514,Current,2024,0.0504815376701999
1609,94.7722624746095,39.8893388920514,Current,2024,0.0306301106104672
1610,95.670577758729,39.8893388920514,Current,2024,0.0356190737460305
1611,96.5688930428485,39.8893388920514,Current,2024,0.0285139870632298
1612,97.4672083269681,39.8893388920514,Current,2024,0.0260574562514453
1613,98.3655236110876,39.8893388920514,Current,2024,0.0267509877157004
1614,99.2638388952071,39.8893388920514,Current,2024,0.0241313450960274
1615,100.162154179327,39.8893388920514,Current,2024,0.0342980007348432
1616,101.060469463446,39.8893388920514,Current,2024,0.0276558677485941
1617,101.958784747566,39.8893388920514,Current,2024,0.0260220962194533
1618,102.857100031685,39.8893388920514,Current,2024,0.0318326045837968
1619,103.755415315805,39.8893388920514,Current,2024,0.0278174475664683
1620,104.653730599924,39.8893388920514,Current,2024,0.025331085929249
1621,105.552045884044,39.8893388920514,Current,2024,0.0339571783751079
1622,106.450361168163,39.8893388920514,Current,2024,0.0309466753878932
1623,107.348676452283,39.8893388920514,Current,2024,0.0344054069197797
1624,108.246991736402,39.8893388920514,Current,2024,0.0296732421647005
1625,109.145307020522,39.8893388920514,Current,2024,0.0296603645336162
1626,110.043622304641,39.8893388920514,Current,2024,0.0375847312064282
1627,110.941937588761,39.8893388920514,Current,2024,0.0330605596339184
1628,111.84025287288,39.8893388920514,Current,2024,0.0265511932068462
1629,112.738568157,39.8893388920514,Current,2024,0.0294894850713862
1630,113.636883441119,39.8893388920514,Current,2024,0.0323177807012002
1631,114.535198725239,39.8893388920514,Current,2024,0.024385747247662
1632,115.433514009358,39.8893388920514,Current,2024,0.047999540856597
1633,116.331829293478,39.8893388920515,Current,2024,0.050261328760454
1634,117.230144577598,39.8893388920514,Current,2024,0.0361186993743384
1635,118.128459861717,39.8893388920514,Current,2024,0.0284294774166755
1636,119.000638569385,39.9070696693149,Current,2024,0.0296640153832035
1637,119.780247113583,40.1004167779105,Current,2024,0.0347523674288834
1639,121.854415223062,39.8013716911971,Current,2024,0.0267932689128572
1640,122.604872547557,39.9030267522865,Current,2024,0.0260092426040078
1641,123.487156775072,40.0086656775236,Current,2024,0.0232941306104633
1642,124.150922411075,40.0667953665598,Current,2024,0.0268274717043767
1657,73.6141100326944,39.3423035398834,Current,2024,0.0279281548949667
1658,74.147814595318,39.1994595351786,Current,2024,0.0303652173321906
1659,75.00932622398,39.1966282239535,Current,2024,0.0304446273101873
1660,75.9076415080996,39.1966282239535,Current,2024,0.0307068189672717
1661,76.8059567922191,39.1966282239535,Current,2024,0.0329591637536208
1662,77.7042720763386,39.1966282239535,Current,2024,0.0320055810945746
1663,78.6025873604581,39.1966282239535,Current,2024,0.0251467241233345
1664,79.5009026445776,39.1966282239535,Current,2024,0.0243899547813299
1665,80.3992179286972,39.1966282239535,Current,2024,0.0248758030653173
1666,81.2975332128167,39.1966282239535,Current,2024,0.0328315711370712
1667,82.1958484969362,39.1966282239535,Current,2024,0.0250491337955098
1668,83.0941637810558,39.1966282239535,Current,2024,0.0312277149166081
1669,83.9924790651753,39.1966282239535,Current,2024,0.0323499784715916
1670,84.8907943492948,39.1966282239535,Current,2024,0.0476835595457769
1671,85.7891096334143,39.1966282239535,Current,2024,0.0366996368456864
1672,86.6874249175338,39.1966282239535,Current,2024,0.0301238327113249
1673,87.5857402016533,39.1966282239535,Current,2024,0.0414449363513392
1674,88.4840554857729,39.1966282239535,Current,2024,0.0508710434084206
1675,89.3823707698924,39.1966282239535,Current,2024,0.0581196599173072
1676,90.2806860540119,39.1966282239535,Current,2024,0.0717445787859395
1677,91.1790013381314,39.1966282239535,Current,2024,0.0873571499211009
1678,92.077316622251,39.1966282239535,Current,2024,0.0769896818030763
1679,92.9756319063705,39.1966282239535,Current,2024,0.0832064948045186
1680,93.87394719049,39.1966282239535,Current,2024,0.0825500785874017
1681,94.7722624746095,39.1966282239535,Current,2024,0.0502704776263844
1682,95.670577758729,39.1966282239535,Current,2024,0.0410926005433435
1683,96.5688930428485,39.1966282239535,Current,2024,0.0451347843466901
1684,97.4672083269681,39.1966282239535,Current,2024,0.0487392726115695
1685,98.3655236110876,39.1966282239535,Current,2024,0.0548202916486333
1686,99.2638388952071,39.1966282239535,Current,2024,0.0394415612746962
1687,100.162154179327,39.1966282239535,Current,2024,0.0306023782123208
1688,101.060469463446,39.1966282239535,Current,2024,0.0230636054895866
1689,101.958784747566,39.1966282239535,Current,2024,0.0235387771724244
1690,102.857100031685,39.1966282239535,Current,2024,0.0376226812290518
1691,103.755415315805,39.1966282239535,Current,2024,0.0288886603717233
1692,104.653730599924,39.1966282239535,Current,2024,0.0302879570180361
1693,105.552045884044,39.1966282239535,Current,2024,0.0307792680604706
1694,106.450361168163,39.1966282239535,Current,2024,0.0313948521435015
1695,107.348676452283,39.1966282239535,Current,2024,0.0305924373817821
1696,108.246991736402,39.1966282239535,Current,2024,0.0302192938463601
1697,109.145307020522,39.1966282239535,Current,2024,0.0295366881829902
1698,110.043622304641,39.1966282239535,Current,2024,0.0330817196329
1699,110.941937588761,39.1966282239535,Current,2024,0.0319334100418773
1700,111.84025287288,39.1966282239535,Current,2024,0.027136561011697
1701,112.738568157,39.1966282239535,Current,2024,0.0292473605278171
1702,113.63688344112,39.1966282239535,Current,2024,0.0287326782056878
1703,114.535198725239,39.1966282239535,Current,2024,0.0283297760195681
1704,115.433514009359,39.1966282239535,Current,2024,0.0299767148050835
1705,116.331829293478,39.1966282239535,Current,2024,0.0316460627654468
1706,117.228110076583,39.1981868654922,Current,2024,0.0404487607027373
1707,118.144855633027,39.3184915352931,Current,2024,0.0425712670753786
1708,118.859705174687,39.3561311640381,Current,2024,0.0281384740039816
1710,121.194863599229,39.0069158277496,Current,2024,0.0262760203871585
1711,121.7477690923,39.2514299701734,Current,2024,0.0371367550982464
1712,122.407887035842,39.4091472251908,Current,2024,0.0250306320785324
1713,123.138929147052,39.0683825545945,Current,2024,0.0175420688696822
1730,74.1455915283951,38.7408234252086,Current,2024,0.0283888339495213
1731,75.0831386667765,38.527938273115,Current,2024,0.0302737619501841
1732,75.9076415080996,38.4970202888683,Current,2024,0.0300191816081173
1733,76.8059567922191,38.4970202888683,Current,2024,0.0320530658114865
1734,77.7042720763386,38.4970202888683,Current,2024,0.033801466358084
1735,78.6025873604581,38.4970202888683,Current,2024,0.0254770963258955
1736,79.5009026445777,38.4970202888683,Current,2024,0.0344785939079811
1737,80.3992179286972,38.4970202888683,Current,2024,0.0344200076356597
1738,81.2975332128167,38.4970202888683,Current,2024,0.0331532436173136
1739,82.1958484969362,38.4970202888683,Current,2024,0.0279832085950851
1740,83.0941637810557,38.4970202888683,Current,2024,0.0351909075471379
1741,83.9924790651753,38.4970202888683,Current,2024,0.0254346829876997
1742,84.8907943492948,38.4970202888683,Current,2024,0.035779044191904
1743,85.7891096334143,38.4970202888683,Current,2024,0.0347346195638072
1744,86.6874249175338,38.4970202888683,Current,2024,0.0341466389476088
1745,87.5857402016533,38.4970202888683,Current,2024,0.0377683035137353
1746,88.4840554857729,38.4970202888683,Current,2024,0.054789127737747
1747,89.3823707698924,38.4970202888683,Current,2024,0.0351132044211058
1748,90.2806860540119,38.4970202888683,Current,2024,0.055372627937103
1749,91.1790013381314,38.4970202888683,Current,2024,0.0804710742264462
1750,92.077316622251,38.4970202888683,Current,2024,0.112410380718921
1751,92.9756319063705,38.4970202888683,Current,2024,0.0892059553887116
1752,93.87394719049,38.4970202888683,Current,2024,0.0782243038709152
1753,94.7722624746095,38.4970202888683,Current,2024,0.0687294762081665
1754,95.670577758729,38.4970202888683,Current,2024,0.0693666220280925
1755,96.5688930428485,38.4970202888683,Current,2024,0.0450480383253992
1756,97.4672083269681,38.4970202888683,Current,2024,0.0456320376847882
1757,98.3655236110876,38.4970202888683,Current,2024,0.0480640936845231
1758,99.2638388952071,38.4970202888683,Current,2024,0.0389092183289856
1759,100.162154179327,38.4970202888683,Current,2024,0.0295443758249209
1760,101.060469463446,38.4970202888683,Current,2024,0.0410122848945433
1761,101.958784747566,38.4970202888683,Current,2024,0.0414536814974359
1762,102.857100031685,38.4970202888683,Current,2024,0.0377927536436852
1763,103.755415315805,38.4970202888683,Current,2024,0.039450471828992
1764,104.653730599924,38.4970202888683,Current,2024,0.033469876493639
1765,105.552045884044,38.4970202888683,Current,2024,0.033147588253715
1766,106.450361168163,38.4970202888683,Current,2024,0.0342955461029272
1767,107.348676452283,38.4970202888683,Current,2024,0.0300446443876433
1768,108.246991736402,38.4970202888683,Current,2024,0.0268196071413502
1769,109.145307020522,38.4970202888683,Current,2024,0.0289809526657234
1770,110.043622304641,38.4970202888683,Current,2024,0.0283324489001406
1771,110.941937588761,38.4970202888683,Current,2024,0.0259202383811972
1772,111.84025287288,38.4970202888683,Current,2024,0.0284498038194487
1773,112.738568157,38.4970202888683,Current,2024,0.0292268303811928
1774,113.63688344112,38.4970202888683,Current,2024,0.027956043714344
1775,114.535198725239,38.4970202888683,Current,2024,0.0300489762412728
1776,115.433514009359,38.4970202888683,Current,2024,0.0273845473124783
1777,116.331829293478,38.4970202888683,Current,2024,0.0250544272504546
1778,117.196139258734,38.4835575410924,Current,2024,0.0362131576886126
1779,117.761311898238,38.221306391133,Current,2024,0.0200689753828285
1780,118.736262627272,38.1540804093516,Current,2024,0.019296322727504
1782,121.096646092899,38.6961608297162,Current,2024,0.0347389705345017
1783,121.374439562356,38.8310120491465,Current,2024,0.0227344749832263
1803,75.2102399988028,37.8147391426785,Current,2024,0.0311405799915078
1804,75.9076415080996,37.790551756013,Current,2024,0.0373253620262993
1805,76.8059567922191,37.790551756013,Current,2024,0.0326189654302315
1806,77.7042720763386,37.790551756013,Current,2024,0.0327599107258086
1807,78.6025873604581,37.790551756013,Current,2024,0.0332012203887158
1808,79.5009026445777,37.790551756013,Current,2024,0.0327660293690946
1809,80.3992179286972,37.790551756013,Current,2024,0.0328567613183076
1810,81.2975332128167,37.790551756013,Current,2024,0.072186819361923
1811,82.1958484969362,37.790551756013,Current,2024,0.0346888697005381
1812,83.0941637810557,37.790551756013,Current,2024,0.0266194135111207
1813,83.9924790651753,37.790551756013,Current,2024,0.0257258942357156
1814,84.8907943492948,37.790551756013,Current,2024,0.0491446432168217
1815,85.7891096334143,37.790551756013,Current,2024,0.0446708998901383
1816,86.6874249175338,37.790551756013,Current,2024,0.0563310569699691
1817,87.5857402016533,37.790551756013,Current,2024,0.0420773328161175
1818,88.4840554857729,37.790551756013,Current,2024,0.0588057099484731
1819,89.3823707698924,37.790551756013,Current,2024,0.104476054364862
1820,90.2806860540119,37.790551756013,Current,2024,0.0982303863963487
1821,91.1790013381314,37.790551756013,Current,2024,0.133700781430466
1822,92.077316622251,37.790551756013,Current,2024,0.0935150508953518
1823,92.9756319063705,37.790551756013,Current,2024,0.0731424748135765
1824,93.87394719049,37.790551756013,Current,2024,0.0508284098956747
1825,94.7722624746095,37.790551756013,Current,2024,0.0893481128730538
1826,95.670577758729,37.790551756013,Current,2024,0.0416006418151567
1827,96.5688930428485,37.790551756013,Current,2024,0.0517168134929768
1828,97.4672083269681,37.790551756013,Current,2024,0.0498345434383518
1829,98.3655236110876,37.790551756013,Current,2024,0.0424966606242617
1830,99.2638388952071,37.790551756013,Current,2024,0.0620503159269412
1831,100.162154179327,37.790551756013,Current,2024,0.0376951971641566
1832,101.060469463446,37.790551756013,Current,2024,0.0269783229299188
1833,101.958784747566,37.790551756013,Current,2024,0.034423212041426
1834,102.857100031685,37.790551756013,Current,2024,0.0380282029587564
1835,103.755415315805,37.790551756013,Current,2024,0.04497591634864
1836,104.653730599924,37.790551756013,Current,2024,0.0302634396885603
1837,105.552045884044,37.790551756013,Current,2024,0.0290683143683202
1838,106.450361168163,37.790551756013,Current,2024,0.0321259288700129
1839,107.348676452283,37.790551756013,Current,2024,0.0326791069902249
1840,108.246991736402,37.790551756013,Current,2024,0.0286073639544113
1841,109.145307020522,37.790551756013,Current,2024,0.0287105241914403
1842,110.043622304641,37.790551756013,Current,2024,0.0285569317992314
1843,110.941937588761,37.790551756013,Current,2024,0.0284604701875181
1844,111.84025287288,37.790551756013,Current,2024,0.0306569788248251
1845,112.738568157,37.790551756013,Current,2024,0.0340326287917037
1846,113.636883441119,37.7905517560129,Current,2024,0.0288709690648037
1847,114.535198725239,37.790551756013,Current,2024,0.0472025369099647
1848,115.433514009358,37.790551756013,Current,2024,0.0243283500717437
1849,116.331829293478,37.790551756013,Current,2024,0.0250322118821807
1850,117.230144577598,37.790551756013,Current,2024,0.0275231132198684
1851,118.119567463375,37.7571696681828,Current,2024,0.0272784010265574
1852,118.811831921606,37.7754752517988,Current,2024,0.0398511068976501
1853,120.275669528152,37.5419396020678,Current,2024,0.0197763763317158
1854,120.773406251066,37.6038103092886,Current,2024,0.02460599121456
1855,121.656260598116,37.4984798900351,Current,2024,0.031130628926333
1856,122.198048399983,37.4475999943582,Current,2024,0.0204944218903248
1874,74.5383597066917,37.182238201356,Current,2024,0.0464941491114603
1875,75.09449886685,37.1836695308115,Current,2024,0.0306631253456642
1876,75.916306373446,37.0868802121126,Current,2024,0.0388609023806336
1877,76.8059567922191,37.0772638054809,Current,2024,0.0333904690704901
1878,77.7042720763386,37.0772638054809,Current,2024,0.0345726584587827
1879,78.6025873604581,37.0772638054809,Current,2024,0.0337758099837262
1880,79.5009026445776,37.0772638054809,Current,2024,0.0313735543643764
1881,80.3992179286972,37.0772638054809,Current,2024,0.0320978090629491
1882,81.2975332128167,37.0772638054809,Current,2024,0.0310363062570208
1883,82.1958484969362,37.0772638054809,Current,2024,0.034967978557488
1884,83.0941637810557,37.0772638054809,Current,2024,0.0327784778500165
1885,83.9924790651753,37.0772638054809,Current,2024,0.0287213239755546
1886,84.8907943492948,37.0772638054809,Current,2024,0.046596416223686
1887,85.7891096334143,37.0772638054809,Current,2024,0.0502896487355707
1888,86.6874249175338,37.0772638054809,Current,2024,0.037977286610034
1889,87.5857402016533,37.0772638054809,Current,2024,0.0673625116578152
1890,88.4840554857729,37.0772638054809,Current,2024,0.0678951073540449
1891,89.3823707698924,37.0772638054809,Current,2024,0.0710033910066537
1892,90.2806860540119,37.0772638054809,Current,2024,0.0799523116236756
1893,91.1790013381314,37.0772638054809,Current,2024,0.0930903700905461
1894,92.077316622251,37.0772638054809,Current,2024,0.0816082626818915
1895,92.9756319063705,37.0772638054809,Current,2024,0.110732115763925
1896,93.87394719049,37.0772638054809,Current,2024,0.0902651869856881
1897,94.7722624746095,37.0772638054809,Current,2024,0.0618973817913175
1898,95.670577758729,37.0772638054809,Current,2024,0.0614834219027012
1899,96.5688930428486,37.0772638054809,Current,2024,0.0308112726767542
1900,97.4672083269681,37.0772638054809,Current,2024,0.0391559622947925
1901,98.3655236110876,37.0772638054809,Current,2024,0.0284671413903106
1902,99.2638388952071,37.0772638054809,Current,2024,0.0319615033136568
1903,100.162154179327,37.0772638054809,Current,2024,0.0242449257456109
1904,101.060469463446,37.0772638054809,Current,2024,0.0303289888324876
1905,101.958784747566,37.0772638054809,Current,2024,0.0222797842641942
1906,102.857100031685,37.0772638054809,Current,2024,0.0282647478502198
1907,103.755415315805,37.0772638054809,Current,2024,0.0446597116538352
1908,104.653730599924,37.0772638054809,Current,2024,0.0382846858182541
1909,105.552045884044,37.0772638054809,Current,2024,0.0265035464683723
1910,106.450361168163,37.0772638054809,Current,2024,0.0257828323456932
1911,107.348676452283,37.0772638054809,Current,2024,0.0240580904161308
1912,108.246991736402,37.0772638054809,Current,2024,0.0299399493329254
1913,109.145307020522,37.0772638054809,Current,2024,0.02880532762483
1914,110.043622304641,37.0772638054809,Current,2024,0.0297898385286441
1915,110.941937588761,37.0772638054809,Current,2024,0.0272937247899115
1916,111.84025287288,37.0772638054809,Current,2024,0.0304807347662035
1917,112.738568157,37.0772638054809,Current,2024,0.0316093741657624
1918,113.636883441119,37.0772638054809,Current,2024,0.0278107180482273
1919,114.535198725239,37.0772638054809,Current,2024,0.0301517194437417
1920,115.433514009359,37.0772638054809,Current,2024,0.0204571813543648
1921,116.331829293478,37.0772638054809,Current,2024,0.0229124518470293
1922,117.230144577598,37.0772638054809,Current,2024,0.0337743713400691
1923,118.128459861717,37.0772638054809,Current,2024,0.0328787671797378
1924,118.965149080216,37.0064569511871,Current,2024,0.0338150437681705
1925,119.980692553906,37.0290900784476,Current,2024,0.026821762689578
1926,120.823405714076,37.0772638054809,Current,2024,0.0292344333942344
1927,121.688522248746,37.132552678032,Current,2024,0.0274374504472475
1928,122.3472028895,37.1393174513548,Current,2024,0.0303827219004736
1948,76.1682950065795,36.3725667307127,Current,2024,0.0475528454335121
1949,76.8059567922191,36.3572022215529,Current,2024,0.0469947787825155
1950,77.7042720763386,36.3572022215529,Current,2024,0.0340087173261774
1951,78.6025873604581,36.3572022215529,Current,2024,0.0369053706762369
1952,79.5009026445776,36.3572022215529,Current,2024,0.0398034421842328
1953,80.3992179286972,36.3572022215529,Current,2024,0.0380135609660046
1954,81.2975332128167,36.3572022215529,Current,2024,0.0519352814673824
1955,82.1958484969362,36.3572022215529,Current,2024,0.0769045100967537
1956,83.0941637810557,36.3572022215529,Current,2024,0.0296350590049171
1957,83.9924790651753,36.3572022215529,Current,2024,0.0734885616920094
1958,84.8907943492948,36.3572022215529,Current,2024,0.0427191758440245
1959,85.7891096334143,36.3572022215529,Current,2024,0.0328954016222952
1960,86.6874249175338,36.3572022215529,Current,2024,0.0554825147195059
1961,87.5857402016533,36.3572022215529,Current,2024,0.0523275292850113
1962,88.4840554857729,36.3572022215529,Current,2024,0.0524422680117689
1963,89.3823707698924,36.3572022215529,Current,2024,0.175978135808443
1964,90.2806860540119,36.3572022215529,Current,2024,0.178415758641265
1965,91.1790013381314,36.3572022215529,Current,2024,0.100189600403183
1966,92.077316622251,36.3572022215529,Current,2024,0.0755447610733119
1967,92.9756319063705,36.3572022215529,Current,2024,0.0632244018159461
1968,93.87394719049,36.3572022215529,Current,2024,0.084539489739047
1969,94.7722624746095,36.3572022215529,Current,2024,0.0340020459427436
1970,95.670577758729,36.3572022215529,Current,2024,0.087227286354724
1971,96.5688930428486,36.3572022215529,Current,2024,0.0526735770823158
1972,97.4672083269681,36.3572022215529,Current,2024,0.043329737962705
1973,98.3655236110876,36.3572022215529,Current,2024,0.0301941917957371
1974,99.2638388952071,36.3572022215529,Current,2024,0.03221744871165
1975,100.162154179327,36.3572022215529,Current,2024,0.0283709770677737
1976,101.060469463446,36.3572022215529,Current,2024,0.0228800386641814
1977,101.958784747566,36.3572022215529,Current,2024,0.0237065994255268
1978,102.857100031685,36.3572022215529,Current,2024,0.0407201302634375
1979,103.755415315805,36.3572022215529,Current,2024,0.0206042044763056
1980,104.653730599924,36.3572022215529,Current,2024,0.0347334847191418
1981,105.552045884044,36.3572022215529,Current,2024,0.029881381859561
1982,106.450361168163,36.3572022215529,Current,2024,0.0279273569629266
1983,107.348676452283,36.3572022215529,Current,2024,0.0496650258289056
1984,108.246991736402,36.3572022215529,Current,2024,0.0370601150834504
1985,109.145307020522,36.3572022215529,Current,2024,0.0317305688529371
1986,110.043622304641,36.3572022215529,Current,2024,0.0333160661304618
1987,110.941937588761,36.3572022215529,Current,2024,0.0306217181821203
1988,111.84025287288,36.3572022215529,Current,2024,0.0317968423226059
1989,112.738568157,36.3572022215529,Current,2024,0.0312321786035635
1990,113.63688344112,36.3572022215529,Current,2024,0.0300040478711798
1991,114.535198725239,36.3572022215529,Current,2024,0.0313436562644771
1992,115.433514009359,36.357202221553,Current,2024,0.0246061963067703
1993,116.331829293478,36.3572022215529,Current,2024,0.0294072297663307
1994,117.230144577598,36.3572022215529,Current,2024,0.0391902785330256
1995,118.128459861717,36.3572022215529,Current,2024,0.0290198064616298
1996,119.026775145837,36.3572022215529,Current,2024,0.0339875043636315
1997,119.904223353102,36.375017714134,Current,2024,0.0417643898825932
1998,120.634986151713,36.4644828997828,Current,2024,0.0423235647829388
1999,121.346122541522,36.7061750168915,Current,2024,0.0196926900842018
2020,76.2441451848537,35.9175050300443,Current,2024,0.0470464212590535
2021,76.9100707783439,35.827204814307,Current,2024,0.0470851869176446
2022,77.7261771263695,35.7324022219012,Current,2024,0.0478540018858613
2023,78.6025873604581,35.6304174817484,Current,2024,0.0372713384275996
2024,79.5009026445776,35.6304174817484,Current,2024,0.0403521912023522
2025,80.3992179286972,35.6304174817484,Current,2024,0.0388538131857354
2026,81.2975332128167,35.6304174817484,Current,2024,0.0570661127102827
2027,82.1958484969362,35.6304174817484,Current,2024,0.030866664535488
2028,83.0941637810557,35.6304174817484,Current,2024,0.0723434114890311
2029,83.9924790651753,35.6304174817484,Current,2024,0.0713313049902088
2030,84.8907943492948,35.6304174817484,Current,2024,0.0334365934208951
2031,85.7891096334143,35.6304174817484,Current,2024,0.0399098291097222
2032,86.6874249175338,35.6304174817484,Current,2024,0.0552857012028333
2033,87.5857402016533,35.6304174817484,Current,2024,0.0907019594483812
2034,88.4840554857729,35.6304174817484,Current,2024,0.0754835020503321
2035,89.3823707698924,35.6304174817484,Current,2024,0.140946704495611
2036,90.2806860540119,35.6304174817484,Current,2024,0.0658603559785975
2037,91.1790013381314,35.6304174817484,Current,2024,0.0867723385472519
2038,92.077316622251,35.6304174817484,Current,2024,0.109411654116891
2039,92.9756319063705,35.6304174817484,Current,2024,0.0385656769536353
2040,93.87394719049,35.6304174817484,Current,2024,0.0329619587948855
2041,94.7722624746095,35.6304174817484,Current,2024,0.0434690430784297
2042,95.670577758729,35.6304174817484,Current,2024,0.0601194047964369
2043,96.5688930428485,35.6304174817484,Current,2024,0.0554825179997241
2044,97.4672083269681,35.6304174817484,Current,2024,0.0394411001343211
2045,98.3655236110876,35.6304174817484,Current,2024,0.0313232341488077
2046,99.2638388952071,35.6304174817484,Current,2024,0.0277522029237626
2047,100.162154179327,35.6304174817484,Current,2024,0.0359266954901516
2048,101.060469463446,35.6304174817484,Current,2024,0.042091839313344
2049,101.958784747566,35.6304174817484,Current,2024,0.0363062573515477
2050,102.857100031685,35.6304174817484,Current,2024,0.0327972170466174
2051,103.755415315805,35.6304174817484,Current,2024,0.0238864252288191
2052,104.653730599924,35.6304174817484,Current,2024,0.0314440020997306
2053,105.552045884044,35.6304174817484,Current,2024,0.0267766182370598
2054,106.450361168163,35.6304174817484,Current,2024,0.0249820759793717
2055,107.348676452283,35.6304174817484,Current,2024,0.0301375915232631
2056,108.246991736402,35.6304174817484,Current,2024,0.0286532241786277
2057,109.145307020522,35.6304174817484,Current,2024,0.0301693559232539
2058,110.043622304641,35.6304174817484,Current,2024,0.0393786111596242
2059,110.941937588761,35.6304174817484,Current,2024,0.0283465188063405
2060,111.84025287288,35.6304174817484,Current,2024,0.0294676195699169
2061,112.738568157,35.6304174817484,Current,2024,0.0327321336923192
2062,113.636883441119,35.6304174817484,Current,2024,0.028989439247329
2063,114.535198725239,35.6304174817484,Current,2024,0.032762536729832
2064,115.433514009359,35.6304174817485,Current,2024,0.0242686608488784
2065,116.331829293478,35.6304174817484,Current,2024,0.0295529812508882
2066,117.230144577598,35.6304174817484,Current,2024,0.0326134074691743
2067,118.128459861717,35.6304174817484,Current,2024,0.0329509580185312
2068,119.025928273074,35.6311170409294,Current,2024,0.0355787139818298
2069,119.73502507067,35.7726726436646,Current,2024,0.0414158619460969
2094,78.1112076251138,35.2114043263818,Current,2024,0.0460113592051924
2095,78.6403388427137,34.9233891274439,Current,2024,0.0328863028365853
2096,79.5009026445777,34.896964841197,Current,2024,0.0337524357232759
2097,80.3992179286972,34.896964841197,Current,2024,0.0321574981854144
2098,81.2975332128167,34.896964841197,Current,2024,0.025392342877955
2099,82.1958484969362,34.896964841197,Current,2024,0.0466220150784114
2100,83.0941637810557,34.896964841197,Current,2024,0.0356606491187864
2101,83.9924790651753,34.896964841197,Current,2024,0.039287661390352
2102,84.8907943492948,34.896964841197,Current,2024,0.0385684858384655
2103,85.7891096334143,34.896964841197,Current,2024,0.0290496072351932
2104,86.6874249175338,34.896964841197,Current,2024,0.0536912972316753
2105,87.5857402016533,34.896964841197,Current,2024,0.0594185187699907
2106,88.4840554857729,34.896964841197,Current,2024,0.0528747431472038
2107,89.3823707698924,34.896964841197,Current,2024,0.0506354102119528
2108,90.2806860540119,34.896964841197,Current,2024,0.0728348900608768
2109,91.1790013381314,34.896964841197,Current,2024,0.0760365227681179
2110,92.077316622251,34.896964841197,Current,2024,0.131313853858637
2111,92.9756319063705,34.896964841197,Current,2024,0.0432365497830025
2112,93.87394719049,34.896964841197,Current,2024,0.0356709569267438
2113,94.7722624746095,34.896964841197,Current,2024,0.0694665964079033
2114,95.670577758729,34.896964841197,Current,2024,0.100644827440865
2115,96.5688930428486,34.896964841197,Current,2024,0.055771394063618
2116,97.4672083269681,34.896964841197,Current,2024,0.0502863740859745
2117,98.3655236110876,34.896964841197,Current,2024,0.0314178742189044
2118,99.2638388952071,34.896964841197,Current,2024,0.0513194450724325
2119,100.162154179327,34.896964841197,Current,2024,0.0617997501989266
2120,101.060469463446,34.896964841197,Current,2024,0.0574718266331561
2121,101.958784747566,34.896964841197,Current,2024,0.0285583760794225
2122,102.857100031685,34.896964841197,Current,2024,0.0304260586583041
2123,103.755415315805,34.896964841197,Current,2024,0.0300682053336752
2124,104.653730599924,34.896964841197,Current,2024,0.0369288384960067
2125,105.552045884044,34.896964841197,Current,2024,0.0288873224455257
2126,106.450361168163,34.896964841197,Current,2024,0.0290762590815941
2127,107.348676452283,34.896964841197,Current,2024,0.0296234877492131
2128,108.246991736402,34.896964841197,Current,2024,0.0374500585884567
2129,109.145307020522,34.896964841197,Current,2024,0.0339646502390262
2130,110.043622304641,34.896964841197,Current,2024,0.0297282538585084
2131,110.941937588761,34.896964841197,Current,2024,0.0351307733581356
2132,111.84025287288,34.896964841197,Current,2024,0.0318407622953231
2133,112.738568157,34.896964841197,Current,2024,0.0339994947656497
2134,113.636883441119,34.896964841197,Current,2024,0.0288700769519109
2135,114.535198725239,34.8969648411969,Current,2024,0.0342509344361579
2136,115.433514009359,34.896964841197,Current,2024,0.0267548959766786
2137,116.331829293478,34.8969648411969,Current,2024,0.0276321502765515
2138,117.230144577598,34.896964841197,Current,2024,0.0308958438111732
2139,118.128459861717,34.896964841197,Current,2024,0.0294404389493133
2140,118.960405580646,34.8858763711916,Current,2024,0.0337496559069908
2167,78.9220448563581,34.1045227382353,Current,2024,0.0331511545270501
2168,79.5009026445776,34.1569044119049,Current,2024,0.0333996310954002
2169,80.3992179286972,34.1569044119048,Current,2024,0.0260999708088042
2170,81.2975332128167,34.1569044119048,Current,2024,0.0543117380581218
2171,82.1958484969362,34.1569044119048,Current,2024,0.0471239863946769
2172,83.0941637810557,34.1569044119048,Current,2024,0.0490638335158827
2173,83.9924790651753,34.1569044119048,Current,2024,0.0478014950269371
2174,84.8907943492948,34.1569044119048,Current,2024,0.0494556024452507
2175,85.7891096334143,34.1569044119048,Current,2024,0.0300567734339878
2176,86.6874249175338,34.1569044119048,Current,2024,0.0492390854022651
2177,87.5857402016533,34.1569044119048,Current,2024,0.0588538608987128
2178,88.4840554857729,34.1569044119048,Current,2024,0.0404635294427277
2179,89.3823707698924,34.1569044119048,Current,2024,0.0504553336870989
2180,90.2806860540119,34.1569044119048,Current,2024,0.0550143043852237
2181,91.1790013381314,34.1569044119048,Current,2024,0.0636059528860591
2182,92.077316622251,34.1569044119048,Current,2024,0.0459205385453539
2183,92.9756319063705,34.1569044119048,Current,2024,0.0482630484948177
2184,93.87394719049,34.1569044119048,Current,2024,0.045143956266118
2185,94.7722624746095,34.1569044119048,Current,2024,0.0556952335805847
2186,95.670577758729,34.1569044119048,Current,2024,0.0346653774466218
2187,96.5688930428485,34.1569044119048,Current,2024,0.0520592832653176
2188,97.4672083269681,34.1569044119049,Current,2024,0.0436474794900814
2189,98.3655236110876,34.1569044119048,Current,2024,0.0521644237854497
2190,99.2638388952071,34.1569044119048,Current,2024,0.0697629140041386
2191,100.162154179327,34.1569044119048,Current,2024,0.04802208357692
2192,101.060469463446,34.1569044119048,Current,2024,0.0792871702600075
2193,101.958784747566,34.1569044119048,Current,2024,0.0300476847000444
2194,102.857100031685,34.1569044119048,Current,2024,0.0308136117703811
2195,103.755415315805,34.1569044119048,Current,2024,0.0296881566466435
2196,104.653730599924,34.1569044119048,Current,2024,0.0363483188040848
2197,105.552045884044,34.1569044119048,Current,2024,0.0304084216838711
2198,106.450361168163,34.1569044119048,Current,2024,0.0287371346849989
2199,107.348676452283,34.1569044119048,Current,2024,0.0290495906901336
2200,108.246991736402,34.1569044119048,Current,2024,0.019822138379172
2201,109.145307020522,34.1569044119048,Current,2024,0.0163381173487759
2202,110.043622304641,34.1569044119048,Current,2024,0.0341187730726923
2203,110.941937588761,34.1569044119048,Current,2024,0.0287968119848577
2204,111.84025287288,34.1569044119048,Current,2024,0.0326754373899693
2205,112.738568157,34.1569044119048,Current,2024,0.032792369114463
2206,113.636883441119,34.1569044119048,Current,2024,0.0305332898168639
2207,114.535198725239,34.1569044119048,Current,2024,0.0262113993180195
2208,115.433514009359,34.1569044119048,Current,2024,0.028527305462159
2209,116.331829293478,34.1569044119048,Current,2024,0.0301175980409277
2210,117.230144577598,34.1569044119049,Current,2024,0.0315792491973974
2211,118.128459861717,34.1569044119048,Current,2024,0.0275601819312519
2212,119.026775145837,34.1569044119048,Current,2024,0.0298442437770291
2213,119.882857408409,34.1106117558621,Current,2024,0.0295352026898983
2214,120.409908475428,33.8702854675797,Current,2024,0.0328010240848499
2239,78.9286670562435,33.6056066422668,Current,2024,0.0340712020258592
2240,79.5159394618932,33.4204008418773,Current,2024,0.027719510764235
2241,80.3992179286972,33.4103012364864,Current,2024,0.0547524210274859
2242,81.2975332128167,33.4103012364864,Current,2024,0.0611441022101614
2243,82.1958484969362,33.4103012364864,Current,2024,0.0463157066858906
2244,83.0941637810557,33.4103012364864,Current,2024,0.0466604449786476
2245,83.9924790651753,33.4103012364864,Current,2024,0.0440680294658076
2246,84.8907943492948,33.4103012364864,Current,2024,0.0327591866033149
2247,85.7891096334143,33.4103012364864,Current,2024,0.0447395157478914
2248,86.6874249175338,33.4103012364864,Current,2024,0.0647769890237463
2249,87.5857402016533,33.4103012364864,Current,2024,0.0506770600368595
2250,88.4840554857729,33.4103012364864,Current,2024,0.0452215475668403
2251,89.3823707698924,33.4103012364864,Current,2024,0.066616398631131
2252,90.2806860540119,33.4103012364864,Current,2024,0.0651302813718715
2253,91.1790013381314,33.4103012364864,Current,2024,0.0834308152138942
2254,92.077316622251,33.4103012364864,Current,2024,0.0788123330235596
2255,92.9756319063705,33.4103012364864,Current,2024,0.0634824641133703
2256,93.87394719049,33.4103012364864,Current,2024,0.0476704682870318
2257,94.7722624746095,33.4103012364864,Current,2024,0.055585695749649
2258,95.670577758729,33.4103012364864,Current,2024,0.0519288824479424
2259,96.5688930428486,33.4103012364864,Current,2024,0.0356612317368108
2260,97.4672083269681,33.4103012364864,Current,2024,0.0341493443087135
2261,98.3655236110876,33.4103012364864,Current,2024,0.0441463041049899
2262,99.2638388952071,33.4103012364864,Current,2024,0.0544259920558987
2263,100.162154179327,33.4103012364864,Current,2024,0.0604040647889532
2264,101.060469463446,33.4103012364864,Current,2024,0.0412137896969009
2265,101.958784747566,33.4103012364864,Current,2024,0.0386230164859784
2266,102.857100031685,33.4103012364864,Current,2024,0.0245123399890841
2267,103.755415315805,33.4103012364864,Current,2024,0.0292050677271711
2268,104.653730599924,33.4103012364864,Current,2024,0.0392327381810926
2269,105.552045884044,33.4103012364864,Current,2024,0.0272746365084765
2270,106.450361168163,33.4103012364864,Current,2024,0.0293850271449148
2271,107.348676452283,33.4103012364864,Current,2024,0.0241758852396112
2272,108.246991736402,33.4103012364864,Current,2024,0.0300207406170689
2273,109.145307020522,33.4103012364864,Current,2024,0.0363870722735412
2274,110.043622304641,33.4103012364864,Current,2024,0.0365017892714468
2275,110.941937588761,33.4103012364864,Current,2024,0.0353904308013948
2276,111.84025287288,33.4103012364864,Current,2024,0.0308559089620782
2277,112.738568157,33.4103012364864,Current,2024,0.0292839831299909
2278,113.636883441119,33.4103012364864,Current,2024,0.0305155717491885
2279,114.535198725239,33.4103012364864,Current,2024,0.0282996598412854
2280,115.433514009358,33.4103012364864,Current,2024,0.0292572941109075
2281,116.331829293478,33.4103012364864,Current,2024,0.0331392380925148
2282,117.230144577598,33.4103012364864,Current,2024,0.0343631463788348
2283,118.128459861717,33.4103012364864,Current,2024,0.0365058839349028
2284,119.026775145837,33.4103012364864,Current,2024,0.0309916073051586
2285,119.925090429956,33.4103012364864,Current,2024,0.0278516130415709
2286,120.514169036521,33.3339283464613,Current,2024,0.0307643347173899
2311,78.7118206954573,32.445517343661,Current,2024,0.0383140158234625
2312,79.5804942430139,32.6409765745574,Current,2024,0.0380547325175273
2313,80.3992179286972,32.6572253559297,Current,2024,0.047165013631957
2314,81.2975332128167,32.6572253559297,Current,2024,0.0633995114132969
2315,82.1958484969362,32.6572253559297,Current,2024,0.0574413555891189
2316,83.0941637810557,32.6572253559297,Current,2024,0.0499461901618302
2317,83.9924790651753,32.6572253559297,Current,2024,0.0485017873405191
2318,84.8907943492948,32.6572253559297,Current,2024,0.0624062252486211
2319,85.7891096334143,32.6572253559297,Current,2024,0.0678766733047949
2320,86.6874249175338,32.6572253559297,Current,2024,0.0494877636490076
2321,87.5857402016533,32.6572253559297,Current,2024,0.0658782590444332
2322,88.4840554857729,32.6572253559297,Current,2024,0.0525284855319672
2323,89.3823707698924,32.6572253559297,Current,2024,0.0610745352382347
2324,90.2806860540119,32.6572253559297,Current,2024,0.0921970747055466
2325,91.1790013381314,32.6572253559297,Current,2024,0.0600374978871697
2326,92.077316622251,32.6572253559297,Current,2024,0.0542340236010575
2327,92.9756319063705,32.6572253559297,Current,2024,0.0679065401413008
2328,93.87394719049,32.6572253559297,Current,2024,0.0807548362642591
2329,94.7722624746095,32.6572253559297,Current,2024,0.0608647898596922
2330,95.670577758729,32.6572253559297,Current,2024,0.0360038767174342
2331,96.5688930428486,32.6572253559297,Current,2024,0.0204214161362446
2332,97.4672083269681,32.6572253559297,Current,2024,0.0240595690801556
2333,98.3655236110876,32.6572253559297,Current,2024,0.0394719307101005
2334,99.2638388952071,32.6572253559297,Current,2024,0.0550808332987105
2335,100.162154179327,32.6572253559297,Current,2024,0.0476820603344477
2336,101.060469463446,32.6572253559297,Current,2024,0.0279122488036605
2337,101.958784747566,32.6572253559297,Current,2024,0.0367782147296046
2338,102.857100031685,32.6572253559297,Current,2024,0.0385841599086961
2339,103.755415315805,32.6572253559297,Current,2024,0.0250563651461909
2340,104.653730599924,32.6572253559297,Current,2024,0.0341142343807739
2341,105.552045884044,32.6572253559297,Current,2024,0.0301892763392072
2342,106.450361168163,32.6572253559297,Current,2024,0.0385629727611582
2343,107.348676452283,32.6572253559297,Current,2024,0.0314168495166504
2344,108.246991736402,32.6572253559297,Current,2024,0.0324511031847536
2345,109.145307020522,32.6572253559297,Current,2024,0.0468521696423674
2346,110.043622304641,32.6572253559297,Current,2024,0.0367234406799315
2347,110.941937588761,32.6572253559297,Current,2024,0.0301971117633773
2348,111.84025287288,32.6572253559297,Current,2024,0.0298448351697028
2349,112.738568157,32.6572253559297,Current,2024,0.0296567166159499
2350,113.636883441119,32.6572253559297,Current,2024,0.0285748919271142
2351,114.535198725239,32.6572253559297,Current,2024,0.0267138025530839
2352,115.433514009359,32.6572253559297,Current,2024,0.0299398988348427
2353,116.331829293478,32.6572253559297,Current,2024,0.0303724311316722
2354,117.230144577598,32.6572253559297,Current,2024,0.0305761997338794
2355,118.128459861717,32.6572253559297,Current,2024,0.0306876446663021
2356,119.026775145837,32.6572253559298,Current,2024,0.0295013003149133
2357,119.925090429956,32.6572253559297,Current,2024,0.0307871217088317
2358,120.704558764307,32.606414031906,Current,2024,0.0298928103104258
2359,121.316815002923,32.3464053235734,Current,2024,0.0367828710352287
2383,78.8602929849942,31.9680059820801,Current,2024,0.0541337657234833
2384,79.5009026445776,31.897751870965,Current,2024,0.0463628094804508
2385,80.3992179286972,31.897751870965,Current,2024,0.0488839875102954
2386,81.2975332128167,31.897751870965,Current,2024,0.0531129738583263
2387,82.1958484969362,31.897751870965,Current,2024,0.0492455184176309
2388,83.0941637810557,31.897751870965,Current,2024,0.0501107645737544
2389,83.9924790651753,31.897751870965,Current,2024,0.0525428682252603
2390,84.8907943492948,31.897751870965,Current,2024,0.0585102597297953
2391,85.7891096334143,31.897751870965,Current,2024,0.0665078824743676
2392,86.6874249175338,31.897751870965,Current,2024,0.0438964971475192
2393,87.5857402016533,31.897751870965,Current,2024,0.0454021224320985
2394,88.4840554857729,31.897751870965,Current,2024,0.048486661139046
2395,89.3823707698924,31.897751870965,Current,2024,0.0638215841513876
2396,90.2806860540119,31.897751870965,Current,2024,0.068190689114858
2397,91.1790013381314,31.897751870965,Current,2024,0.0587140180839768
2398,92.0773166222509,31.897751870965,Current,2024,0.0514790257581431
2399,92.9756319063705,31.897751870965,Current,2024,0.0571054800869172
2400,93.87394719049,31.897751870965,Current,2024,0.0478287065943146
2401,94.7722624746095,31.897751870965,Current,2024,0.0554086814509737
2402,95.670577758729,31.897751870965,Current,2024,0.0395010582279328
2403,96.5688930428486,31.897751870965,Current,2024,0.0257856317611281
2404,97.4672083269681,31.897751870965,Current,2024,0.0620539456583301
2405,98.3655236110876,31.897751870965,Current,2024,0.0491124587734229
2406,99.2638388952071,31.897751870965,Current,2024,0.0456135264238617
2407,100.162154179327,31.897751870965,Current,2024,0.0429364709120413
2408,101.060469463446,31.897751870965,Current,2024,0.0251094635224227
2409,101.958784747566,31.897751870965,Current,2024,0.0313188630636249
2410,102.857100031685,31.897751870965,Current,2024,0.034869125736218
2411,103.755415315805,31.897751870965,Current,2024,0.0321516653159769
2412,104.653730599924,31.897751870965,Current,2024,0.0283294955069866
2413,105.552045884044,31.897751870965,Current,2024,0.0325709961416086
2414,106.450361168163,31.897751870965,Current,2024,0.0352409417652166
2415,107.348676452283,31.897751870965,Current,2024,0.0317056792670275
2416,108.246991736402,31.897751870965,Current,2024,0.0323780385686011
2417,109.145307020522,31.897751870965,Current,2024,0.0335986818334755
2418,110.043622304641,31.897751870965,Current,2024,0.0316594482112245
2419,110.941937588761,31.897751870965,Current,2024,0.0324518573043767
2420,111.84025287288,31.897751870965,Current,2024,0.0306424429701198
2421,112.738568157,31.897751870965,Current,2024,0.0305050991774777
2422,113.636883441119,31.897751870965,Current,2024,0.0301615669589984
2423,114.535198725239,31.897751870965,Current,2024,0.0285882533463749
2424,115.433514009358,31.897751870965,Current,2024,0.0313902610157854
2425,116.331829293478,31.897751870965,Current,2024,0.0304742307669931
2426,117.230144577598,31.897751870965,Current,2024,0.0328785036358726
2427,118.128459861717,31.897751870965,Current,2024,0.0320263250030121
2428,119.026775145837,31.897751870965,Current,2024,0.0337908654268391
2429,119.922395539987,31.8973397755042,Current,2024,0.0379326205382154
2430,120.812489926211,31.9066116065137,Current,2024,0.0371424257106235
2431,121.533726301119,31.8495223492286,Current,2024,0.0303625651203981
2455,78.9536485416294,31.3916622099499,Current,2024,0.0543414554237179
2456,79.5243009845641,31.2642176928874,Current,2024,0.0448914571406132
2457,80.4006590749733,31.1331130681935,Current,2024,0.0502353558302001
2458,81.2975332128167,31.1319609966062,Current,2024,0.0438311697960533
2459,82.1958484969362,31.1319609966062,Current,2024,0.0500248113658286
2460,83.0941637810557,31.1319609966062,Current,2024,0.0471161251745509
2461,83.9924790651753,31.1319609966062,Current,2024,0.0465467581720819
2462,84.8907943492948,31.1319609966062,Current,2024,0.0465358906319464
2463,85.7891096334143,31.1319609966062,Current,2024,0.0651841649958123
2464,86.6874249175338,31.1319609966062,Current,2024,0.0583637788185082
2465,87.5857402016533,31.1319609966062,Current,2024,0.078945557710706
2466,88.4840554857729,31.1319609966062,Current,2024,0.0542471941330308
2467,89.3823707698924,31.1319609966062,Current,2024,0.0679319933657818
2468,90.2806860540119,31.1319609966062,Current,2024,0.0702500069125468
2469,91.1790013381314,31.1319609966062,Current,2024,0.0441569354164517
2470,92.077316622251,31.1319609966062,Current,2024,0.0541246929472518
2471,92.9756319063705,31.1319609966062,Current,2024,0.0496798400497343
2472,93.87394719049,31.1319609966062,Current,2024,0.0472843498985078
2473,94.7722624746095,31.1319609966062,Current,2024,0.0498608145304769
2474,95.670577758729,31.1319609966062,Current,2024,0.0389982010155557
2475,96.5688930428486,31.1319609966062,Current,2024,0.0404386734368554
2476,97.4672083269681,31.1319609966062,Current,2024,0.0475376789494841
2477,98.3655236110876,31.1319609966062,Current,2024,0.0616725956193457
2478,99.2638388952071,31.1319609966062,Current,2024,0.0557297161763546
2479,100.162154179327,31.1319609966062,Current,2024,0.0258347604993597
2480,101.060469463446,31.1319609966062,Current,2024,0.0262947866202542
2481,101.958784747566,31.1319609966062,Current,2024,0.0260901042784465
2482,102.857100031685,31.1319609966062,Current,2024,0.0221193551430624
2483,103.755415315805,31.1319609966062,Current,2024,0.0221777889800546
2484,104.653730599924,31.1319609966062,Current,2024,0.0271251108567878
2485,105.552045884044,31.1319609966062,Current,2024,0.0385511351853841
2486,106.450361168163,31.1319609966062,Current,2024,0.0288724117466211
2487,107.348676452283,31.1319609966062,Current,2024,0.03046441318222
2488,108.246991736402,31.1319609966062,Current,2024,0.0303683849485213
2489,109.145307020522,31.1319609966062,Current,2024,0.0328940129540535
2490,110.043622304641,31.1319609966062,Current,2024,0.0321033045534034
2491,110.941937588761,31.1319609966062,Current,2024,0.0318371662167393
2492,111.84025287288,31.1319609966062,Current,2024,0.0305060730867104
2493,112.738568157,31.1319609966062,Current,2024,0.0297276086363615
2494,113.636883441119,31.1319609966062,Current,2024,0.0302425356626891
2495,114.535198725239,31.1319609966062,Current,2024,0.0281021109286059
2496,115.433514009359,31.1319609966062,Current,2024,0.029697973462165
2497,116.331829293478,31.1319609966062,Current,2024,0.0304276378033918
2498,117.230144577598,31.1319609966062,Current,2024,0.0294562926875693
2499,118.128459861717,31.1319609966062,Current,2024,0.0310218670319874
2500,119.026775145836,31.1319609966061,Current,2024,0.0316363149639627
2501,119.925090429956,31.1319609966062,Current,2024,0.0333528723243189
2502,120.823306314776,31.1318771084974,Current,2024,0.0418713896506416
2503,121.534465366301,31.1003950863884,Current,2024,0.0241805387720556
2504,122.660193100527,30.8377341745891,Current,2024,0.0223823978320007
2529,80.5290580079123,30.6245470088143,Current,2024,0.0823814883006702
2530,81.2600458606445,30.493018136216,Current,2024,0.0524402257546278
2531,82.272282138723,30.444751404294,Current,2024,0.0792871743120185
2532,83.0941637810557,30.359938109442,Current,2024,0.109631352945711
2533,83.9924790651753,30.359938109442,Current,2024,0.122517244950964
2534,84.8907943492948,30.359938109442,Current,2024,0.0630038035380838
2535,85.7891096334143,30.359938109442,Current,2024,0.0567469749002022
2536,86.6874249175338,30.359938109442,Current,2024,0.074127787067129
2537,87.5857402016533,30.359938109442,Current,2024,0.0814544583138025
2538,88.4840554857729,30.359938109442,Current,2024,0.0496594390266325
2539,89.3823707698924,30.359938109442,Current,2024,0.048464056124491
2540,90.2806860540119,30.359938109442,Current,2024,0.0481094366769623
2541,91.1790013381314,30.359938109442,Current,2024,0.0659803914003487
2542,92.077316622251,30.359938109442,Current,2024,0.0578275401629104
2543,92.9756319063705,30.359938109442,Current,2024,0.0610614487824529
2544,93.87394719049,30.359938109442,Current,2024,0.0342823290361037
2545,94.7722624746095,30.359938109442,Current,2024,0.0339396539027461
2546,95.670577758729,30.359938109442,Current,2024,0.0383194242960865
2547,96.5688930428485,30.359938109442,Current,2024,0.0426793646820184
2548,97.4672083269681,30.359938109442,Current,2024,0.0394053109984982
2549,98.3655236110876,30.359938109442,Current,2024,0.046983381031745
2550,99.2638388952071,30.359938109442,Current,2024,0.0406533045718172
2551,100.162154179327,30.359938109442,Current,2024,0.0285530389438627
2552,101.060469463446,30.359938109442,Current,2024,0.0323630883705394
2553,101.958784747566,30.359938109442,Current,2024,0.0286330128471222
2554,102.857100031685,30.359938109442,Current,2024,0.0303725252090608
2555,103.755415315805,30.359938109442,Current,2024,0.0177406517848724
2556,104.653730599924,30.359938109442,Current,2024,0.0454577054254458
2557,105.552045884044,30.359938109442,Current,2024,0.0267556201834662
2558,106.450361168163,30.359938109442,Current,2024,0.0248347304511859
2559,107.348676452283,30.359938109442,Current,2024,0.0304784588751674
2560,108.246991736402,30.359938109442,Current,2024,0.026455244739587
2561,109.145307020522,30.359938109442,Current,2024,0.029970769635544
2562,110.043622304641,30.359938109442,Current,2024,0.0307257220731685
2563,110.941937588761,30.359938109442,Current,2024,0.029855496794441
2564,111.84025287288,30.359938109442,Current,2024,0.029381290228517
2565,112.738568157,30.359938109442,Current,2024,0.0298983516229959
2566,113.636883441119,30.359938109442,Current,2024,0.0280100859820023
2567,114.535198725239,30.359938109442,Current,2024,0.0251769227821269
2568,115.433514009359,30.359938109442,Current,2024,0.0300389918608662
2569,116.331829293478,30.359938109442,Current,2024,0.0304572570306892
2570,117.230144577598,30.359938109442,Current,2024,0.0308102941366387
2571,118.128459861717,30.359938109442,Current,2024,0.031494087640076
2572,119.026775145837,30.359938109442,Current,2024,0.0396138861688669
2573,119.922323669823,30.3605647242723,Current,2024,0.0217333148253038
2574,120.77452717431,30.3574019611609,Current,2024,0.0425549273231713
2575,121.639401002142,30.1205790517231,Current,2024,0.0295877420827247
2576,122.305678335048,30.2726493835941,Current,2024,0.0308421215658999
2603,82.6280026972768,29.9375101085613,Current,2024,0.0790734994471798
2604,83.2042845437638,29.7694639660965,Current,2024,0.124238174669443
2605,83.9991049880704,29.6156110947249,Current,2024,0.128318727439917
2606,84.8907943492948,29.5817737872574,Current,2024,0.0594260303304531
2607,85.7891096334143,29.5817737872574,Current,2024,0.0725094965459659
2608,86.6874249175338,29.5817737872574,Current,2024,0.0612838542319856
2609,87.5857402016533,29.5817737872574,Current,2024,0.0391215399340591
2610,88.4840554857729,29.5817737872574,Current,2024,0.0355547584376501
2611,89.3823707698924,29.5817737872574,Current,2024,0.0345616610406381
2612,90.2806860540119,29.5817737872574,Current,2024,0.0345473915229414
2613,91.1790013381314,29.5817737872574,Current,2024,0.0262456610252086
2614,92.077316622251,29.5817737872574,Current,2024,0.0355985615632647
2615,92.9756319063705,29.5817737872574,Current,2024,0.0463875095604407
2616,93.87394719049,29.5817737872574,Current,2024,0.0353071825382081
2617,94.7722624746095,29.5817737872574,Current,2024,0.0207735173901112
2618,95.670577758729,29.5817737872574,Current,2024,0.0202424519911351
2619,96.5688930428486,29.5817737872574,Current,2024,0.0370969438241869
2620,97.4672083269681,29.5817737872574,Current,2024,0.0439637779797103
2621,98.3655236110876,29.5817737872574,Current,2024,0.0346320348756524
2622,99.2638388952071,29.5817737872574,Current,2024,0.0385978820272629
2623,100.162154179327,29.5817737872574,Current,2024,0.0250032031816189
2624,101.060469463446,29.5817737872574,Current,2024,0.0338553950656677
2625,101.958784747566,29.5817737872574,Current,2024,0.0295743850340275
2626,102.857100031685,29.5817737872574,Current,2024,0.048474441206374
2627,103.755415315805,29.5817737872574,Current,2024,0.0345513460172143
2628,104.653730599924,29.5817737872574,Current,2024,0.0286402761336227
2629,105.552045884044,29.5817737872574,Current,2024,0.0312839908119922
2630,106.450361168163,29.5817737872574,Current,2024,0.0420970155330816
2631,107.348676452283,29.5817737872574,Current,2024,0.0294916660213189
2632,108.246991736402,29.5817737872574,Current,2024,0.028326570422522
2633,109.145307020522,29.5817737872574,Current,2024,0.0336916978240514
2634,110.043622304641,29.5817737872574,Current,2024,0.0299579903593458
2635,110.941937588761,29.5817737872574,Current,2024,0.028851003176991
2636,111.84025287288,29.5817737872574,Current,2024,0.0290308283837404
2637,112.738568157,29.5817737872574,Current,2024,0.0282658146439994
2638,113.636883441119,29.5817737872574,Current,2024,0.0306867264414138
2639,114.535198725239,29.5817737872574,Current,2024,0.0309401178876565
2640,115.433514009359,29.5817737872574,Current,2024,0.0298019656960495
2641,116.331829293478,29.5817737872574,Current,2024,0.0298665344065495
2642,117.230144577598,29.5817737872574,Current,2024,0.0307241105691051
2643,118.128459861717,29.5817737872574,Current,2024,0.032836277730118
2644,119.026775145837,29.5817737872574,Current,2024,0.0327179183202661
2645,119.925090429956,29.5817737872574,Current,2024,0.0298969654852513
2646,120.823405714076,29.5817737872574,Current,2024,0.0355146523313153
2647,121.603046556683,29.5997257634977,Current,2024,0.0310437873348042
2648,122.281324351433,29.842985990063,Current,2024,0.0307752681180958
2677,84.3429806097434,29.0529250558093,Current,2024,0.13959432990938
2678,84.9441195618522,28.900901289775,Current,2024,0.0310118722929819
2679,85.7891096334143,28.7975638405778,Current,2024,0.0315030173096968
2680,86.6874249175338,28.7975638405778,Current,2024,0.0346833142873453
2681,87.5857402016533,28.7975638405778,Current,2024,0.0569726909180071
2682,88.4840554857729,28.7975638405778,Current,2024,0.069706162043519
2683,89.3823707698924,28.7975638405778,Current,2024,0.0487681476655476
2684,90.2806860540119,28.7975638405778,Current,2024,0.0333376642251245
2685,91.1790013381314,28.7975638405778,Current,2024,0.0436902804959208
2686,92.077316622251,28.7975638405778,Current,2024,0.0355795109556509
2687,92.9756319063705,28.7975638405778,Current,2024,0.0466884130713503
2688,93.87394719049,28.7975638405778,Current,2024,0.04624096303424
2689,94.7722624746095,28.7975638405778,Current,2024,0.0513354067632871
2690,95.670577758729,28.7975638405778,Current,2024,0.0526148403868555
2691,96.5688930428486,28.7975638405778,Current,2024,0.0470194331049457
2692,97.4611744775053,28.8095677415172,Current,2024,0.0420105987181779
2693,98.3655236110876,28.7975638405778,Current,2024,0.0375826624196773
2694,99.2638388952071,28.7975638405778,Current,2024,0.0357583114664141
2695,100.162154179327,28.7975638405778,Current,2024,0.0316195797579363
2696,101.060469463446,28.7975638405778,Current,2024,0.0421465101745862
2697,101.958784747566,28.7975638405778,Current,2024,0.0377938503270701
2698,102.857100031685,28.7975638405778,Current,2024,0.0263258733166785
2699,103.755415315805,28.7975638405778,Current,2024,0.0329509827604989
2700,104.653730599924,28.7975638405778,Current,2024,0.0310188932349937
2701,105.552045884044,28.7975638405778,Current,2024,0.0310060242923749
2702,106.450361168163,28.7975638405778,Current,2024,0.0338639073557695
2703,107.348676452283,28.7975638405778,Current,2024,0.0320404333474207
2704,108.246991736402,28.7975638405778,Current,2024,0.0268668957783219
2705,109.145307020522,28.7975638405778,Current,2024,0.0285580664596998
2706,110.043622304641,28.7975638405778,Current,2024,0.0299943209712878
2707,110.941937588761,28.7975638405778,Current,2024,0.0305904810455133
2708,111.84025287288,28.7975638405778,Current,2024,0.0303355118725792
2709,112.738568157,28.7975638405778,Current,2024,0.0285434251804672
2710,113.636883441119,28.7975638405778,Current,2024,0.0281175044069186
2711,114.535198725239,28.7975638405778,Current,2024,0.0306534426833648
2712,115.433514009358,28.7975638405778,Current,2024,0.0256043184743681
2713,116.331829293478,28.7975638405778,Current,2024,0.0300123982071894
2714,117.230144577598,28.7975638405778,Current,2024,0.0250952469709301
2715,118.128459861717,28.7975638405778,Current,2024,0.0338003860800551
2716,119.026775145837,28.7975638405778,Current,2024,0.0453465605113103
2717,119.925090429956,28.7975638405778,Current,2024,0.0507442261981893
2718,120.823405714076,28.7975638405778,Current,2024,0.0482486950871792
2719,121.456467798715,28.8198556761205,Current,2024,0.0336369523117104
2750,85.2677621739188,28.3795009016026,Current,2024,0.0295716331781706
2751,85.951318224197,28.2515882288631,Current,2024,0.0290783446745025
2752,86.6908066449762,28.2070518418809,Current,2024,0.0476189842779675
2753,87.5750832987249,28.1394880788429,Current,2024,0.0411464680009359
2754,88.4791167905161,28.1733948054688,Current,2024,0.056676865524059
2755,89.2531087399051,28.1052975903994,Current,2024,0.044595954633249
2756,90.3407867191068,28.2769646691795,Current,2024,0.0775342854653459
2757,91.1929724321617,28.194285906939,Current,2024,0.029973120156997
2758,92.0787371513601,28.0083311071685,Current,2024,0.0275619460188
2759,92.9756319063705,28.0074093357378,Current,2024,0.0448331112603642
2760,93.87394719049,28.0074093357378,Current,2024,0.0499872706434036
2761,94.7321674667976,28.0614279812259,Current,2024,0.0602178342870575
2762,95.5837338655716,28.2753654913653,Current,2024,0.0584059061184409
2763,96.6525614962135,28.2130506523232,Current,2024,0.050983488275103
2764,97.2256778531727,28.1449381212459,Current,2024,0.0558476539012528
2765,98.4718095257053,28.0515310005048,Current,2024,0.0350941119406035
2766,99.2638388952071,28.0074093357378,Current,2024,0.0293929373640144
2767,100.162154179327,28.0074093357378,Current,2024,0.033163168643277
2768,101.060469463446,28.0074093357378,Current,2024,0.0326319774471003
2769,101.958784747566,28.0074093357378,Current,2024,0.0295798566687471
2770,102.857100031685,28.0074093357378,Current,2024,0.0382166414908048
2771,103.755415315805,28.0074093357378,Current,2024,0.0219799736295936
2772,104.653730599924,28.0074093357378,Current,2024,0.0286306297393933
2773,105.552045884044,28.0074093357378,Current,2024,0.0293361734593763
2774,106.450361168163,28.0074093357378,Current,2024,0.0314056336126204
2775,107.348676452283,28.0074093357378,Current,2024,0.0319160619850564
2776,108.246991736402,28.0074093357378,Current,2024,0.0290526130048919
2777,109.145307020522,28.0074093357378,Current,2024,0.0290560308008141
2778,110.043622304641,28.0074093357378,Current,2024,0.0307076766394441
2779,110.941937588761,28.0074093357378,Current,2024,0.0325284974870016
2780,111.84025287288,28.0074093357378,Current,2024,0.0321259272617104
2781,112.738568157,28.0074093357378,Current,2024,0.0240363692434452
2782,113.636883441119,28.0074093357378,Current,2024,0.0264644925408403
2783,114.535198725239,28.0074093357378,Current,2024,0.0308327934277765
2784,115.433514009358,28.0074093357378,Current,2024,0.0311626209869134
2785,116.331829293478,28.0074093357378,Current,2024,0.031704819278116
2786,117.230144577598,28.0074093357378,Current,2024,0.03229756053502
2787,118.128459861717,28.0074093357378,Current,2024,0.041309141852488
2788,119.026775145837,28.0074093357378,Current,2024,0.0494586073431845
2789,119.925090429956,28.0074093357378,Current,2024,0.0475725740282278
2790,120.710954697087,28.085676170264,Current,2024,0.0506709227882276
2791,121.399924172141,28.3033034093586,Current,2024,0.0369376372441843
2799,128.726766097212,27.6525708840276,Current,2024,0.0286180126150885
2826,88.8777301058324,27.5170886065542,Current,2024,0.0392945450550147
2827,89.0443904318711,27.4652747864857,Current,2024,0.0618829011849235
2830,92.2493205344729,27.3016511754727,Current,2024,0.0560464125455659
2831,92.9813592120786,27.2665790729466,Current,2024,0.0562458500241421
2832,93.7259154437825,27.333528957722,Current,2024,0.0641806439725544
2833,94.3856358938791,27.6080097806127,Current,2024,0.0518283860906325
2837,98.7344411122203,27.315860917647,Current,2024,0.0557256939808015
2838,99.2638388952071,27.2114166090938,Current,2024,0.0400256237444486
2839,100.162154179327,27.2114166090938,Current,2024,0.0298491288286866
2840,101.060469463446,27.2114166090938,Current,2024,0.0367479110323686
2841,101.958784747566,27.2114166090938,Current,2024,0.034372842912388
2842,102.857100031685,27.2114166090938,Current,2024,0.0343100778904326
2843,103.755415315805,27.2114166090938,Current,2024,0.0400830711450123
2844,104.653730599924,27.2114166090938,Current,2024,0.0295950572613438
2845,105.552045884044,27.2114166090938,Current,2024,0.0305453771055453
2846,106.450361168163,27.2114166090938,Current,2024,0.0304808153287979
2847,107.348676452283,27.2114166090938,Current,2024,0.0265555428458909
2848,108.246991736402,27.2114166090938,Current,2024,0.0270037049107069
2849,109.145307020522,27.2114166090938,Current,2024,0.0252581071202559
2850,110.043622304641,27.2114166090938,Current,2024,0.0310981585105704
2851,110.941937588761,27.2114166090938,Current,2024,0.0296635968476021
2852,111.84025287288,27.2114166090938,Current,2024,0.0298102131390784
2853,112.738568157,27.2114166090938,Current,2024,0.0295330331919128
2854,113.636883441119,27.2114166090938,Current,2024,0.0318593971807569
2855,114.535198725239,27.2114166090938,Current,2024,0.0305662356477259
2856,115.433514009358,27.2114166090938,Current,2024,0.0304870109729627
2857,116.331829293478,27.2114166090938,Current,2024,0.0225511685722795
2858,117.230144577598,27.2114166090938,Current,2024,0.0393348075127818
2859,118.128459861717,27.2114166090938,Current,2024,0.0302300343135464
2860,119.026775145837,27.2114166090938,Current,2024,0.0274445091373983
2861,119.898158829137,27.2338219897156,Current,2024,0.0403716369830868
2862,120.491081450656,27.409030065604,Current,2024,0.0317542993913427
2909,98.7482628837472,26.2497822361461,Current,2024,0.048568364300594
2910,99.2638388952071,26.4096972720129,Current,2024,0.0354447711013672
2911,100.162154179327,26.4096972720129,Current,2024,0.0315516421270529
2912,101.060469463446,26.4096972720129,Current,2024,0.0365888996266469
2913,101.958784747566,26.4096972720129,Current,2024,0.0306233441532797
2914,102.857100031685,26.4096972720129,Current,2024,0.0280658350345197
2915,103.755415315805,26.4096972720129,Current,2024,0.0261011858199044
2916,104.653730599924,26.4096972720129,Current,2024,0.0309656104308423
2917,105.552045884044,26.4096972720129,Current,2024,0.0275274874272231
2918,106.450361168163,26.4096972720129,Current,2024,0.037562973085601
2919,107.348676452283,26.4096972720129,Current,2024,0.027994636740284
2920,108.246991736402,26.4096972720129,Current,2024,0.0293523260350206
2921,109.145307020522,26.4096972720129,Current,2024,0.0295922021039955
2922,110.043622304641,26.4096972720129,Current,2024,0.028622416969312
2923,110.941937588761,26.4096972720129,Current,2024,0.0294473326267696
2924,111.84025287288,26.4096972720129,Current,2024,0.0299175240607634
2925,112.738568157,26.4096972720129,Current,2024,0.0314613072392277
2926,113.636883441119,26.4096972720129,Current,2024,0.0230159111503928
2927,114.535198725239,26.4096972720129,Current,2024,0.0240374221932604
2928,115.433514009358,26.4096972720129,Current,2024,0.0252342341983886
2929,116.331829293478,26.4096972720129,Current,2024,0.0287242596465575
2930,117.230144577598,26.4096972720129,Current,2024,0.0432185707030353
2931,118.128459861717,26.4096972720129,Current,2024,0.0351636259251464
2932,119.026775145837,26.4096972720129,Current,2024,0.0718862894470642
2933,119.699784372173,26.4770996501751,Current,2024,0.0391176983997108
2980,97.8867117416,25.2265235360335,Current,2024,0.0521130537622196
2981,98.5007709162612,25.4824941548273,Current,2024,0.0226552701752082
2982,99.2638388952071,25.6023682062936,Current,2024,0.0346628184315427
2983,100.162154179327,25.6023682062936,Current,2024,0.0247603891371166
2984,101.060469463446,25.6023682062936,Current,2024,0.0404893913650704
2985,101.958784747566,25.6023682062936,Current,2024,0.0400625664730448
2986,102.857100031685,25.6023682062936,Current,2024,0.0329536222356305
2987,103.755415315805,25.6023682062935,Current,2024,0.0363366727748367
2988,104.653730599924,25.6023682062936,Current,2024,0.0256158447205176
2989,105.552045884044,25.6023682062936,Current,2024,0.0296581294837233
2990,106.450361168163,25.6023682062936,Current,2024,0.0265698961085784
2991,107.348676452283,25.6023682062936,Current,2024,0.0302447274821942
2992,108.246991736402,25.6023682062936,Current,2024,0.0289407058129126
2993,109.145307020522,25.6023682062936,Current,2024,0.0270646742872129
2994,110.043622304641,25.6023682062936,Current,2024,0.0340177755903061
2995,110.941937588761,25.6023682062936,Current,2024,0.0284854212177974
2996,111.84025287288,25.6023682062935,Current,2024,0.0287906300116215
2997,112.738568157,25.6023682062935,Current,2024,0.0305024084040544
2998,113.636883441119,25.6023682062936,Current,2024,0.0233202409947423
2999,114.535198725239,25.6023682062935,Current,2024,0.0323015884862458
3000,115.433514009358,25.6023682062936,Current,2024,0.0304472595791273
3001,116.331829293478,25.6023682062935,Current,2024,0.0248044746483409
3002,117.230144577598,25.6023682062936,Current,2024,0.0317747081018696
3003,118.128459861717,25.6023682062935,Current,2024,0.0326508023740002
3004,118.992956620772,25.631577071702,Current,2024,0.0348611568738098
3005,119.619873555739,25.6797528327445,Current,2024,0.0434096054954002
3007,121.578657861701,25.2596176961329,Current,2024,0.0210498377732878
3052,97.7879505796289,24.7194255762163,Current,2024,0.024094861713044
3053,98.3655236110876,24.7895515496951,Current,2024,0.0215536670958256
3054,99.2638388952071,24.7895515496951,Current,2024,0.0317774458554118
3055,100.162154179327,24.7895515496951,Current,2024,0.0331107864184108
3056,101.060469463446,24.7895515496951,Current,2024,0.0306992496002815
3057,101.958784747566,24.7895515496951,Current,2024,0.0358621144370016
3058,102.857100031685,24.7895515496951,Current,2024,0.0338993762943681
3059,103.755415315805,24.7895515496951,Current,2024,0.0282168447752393
3060,104.653730599924,24.7895515496952,Current,2024,0.0294747710693659
3061,105.552045884044,24.7895515496952,Current,2024,0.0264102509955942
3062,106.450361168163,24.7895515496952,Current,2024,0.0312092698545488
3063,107.348676452283,24.7895515496951,Current,2024,0.0275025903371945
3064,108.246991736402,24.7895515496951,Current,2024,0.034814361241792
3065,109.145307020522,24.7895515496951,Current,2024,0.0280356796936313
3066,110.043622304641,24.7895515496951,Current,2024,0.0302494498781821
3067,110.941937588761,24.7895515496952,Current,2024,0.0294212672701796
3068,111.84025287288,24.7895515496952,Current,2024,0.0265430874335409
3069,112.738568157,24.7895515496951,Current,2024,0.0351061145490201
3070,113.636883441119,24.7895515496951,Current,2024,0.0304327895569946
3071,114.535198725239,24.7895515496951,Current,2024,0.0302569618157686
3072,115.433514009359,24.7895515496952,Current,2024,0.0163463626850811
3073,116.331829293478,24.7895515496951,Current,2024,0.0298175515971223
3074,117.230144577598,24.7895515496951,Current,2024,0.0307740061314261
3075,118.103685005399,24.8335919626298,Current,2024,0.0400073374251029
3076,118.770018251412,24.9604093153143,Current,2024,0.0341817908180749
3077,119.529875381744,25.1645582018131,Current,2024,0.0262525616379394
3078,121.03556563845,24.6611293921698,Current,2024,0.0242836855607247
3079,121.56864199819,24.7835886413952,Current,2024,0.0306598356729055
3124,97.7970304358934,24.1256640633575,Current,2024,0.0318887918681159
3125,98.3749712442988,24.2095109068584,Current,2024,0.0321451648905007
3126,99.2743437523302,23.9744891188441,Current,2024,0.0371014443685416
3127,100.162154179327,23.9713746712774,Current,2024,0.0446617535569704
3128,101.060469463446,23.9713746712774,Current,2024,0.0412866880985882
3129,101.958784747566,23.9713746712774,Current,2024,0.0332541347823226
3130,102.857100031685,23.9713746712774,Current,2024,0.0325827624315554
3131,103.755415315805,23.9713746712774,Current,2024,0.0321703448839198
3132,104.653730599924,23.9713746712774,Current,2024,0.0347368359074999
3133,105.552045884044,23.9713746712774,Current,2024,0.0288695739858822
3134,106.450361168163,23.9713746712774,Current,2024,0.0362808677313347
3135,107.348676452283,23.9713746712774,Current,2024,0.0228223639551716
3136,108.246991736402,23.9713746712774,Current,2024,0.0237833571006805
3137,109.145307020522,23.9713746712774,Current,2024,0.0317944857966715
3138,110.043622304641,23.9713746712774,Current,2024,0.0291878321137267
3139,110.941937588761,23.9713746712774,Current,2024,0.0281742462051511
3140,111.84025287288,23.9713746712774,Current,2024,0.0222630156738693
3141,112.738568157,23.9713746712774,Current,2024,0.029651232651962
3142,113.636883441119,23.9713746712774,Current,2024,0.0364465713086923
3143,114.535198725239,23.9713746712774,Current,2024,0.0252112626750156
3144,115.433514009358,23.9713746712774,Current,2024,0.0270589507695745
3145,116.331829293478,23.9713746712774,Current,2024,0.030309810111861
3146,117.191222728809,24.0222770833957,Current,2024,0.031073734435204
3147,117.854883905339,24.2148744488918,Current,2024,0.028559000176411
3149,120.221854614265,23.7097940313673,Current,2024,0.0242286806370625
3150,120.846137945521,23.9540851768199,Current,2024,0.0305206272311364
3151,121.458705062506,24.0222293246619,Current,2024,0.0269894851169805
3198,99.3818928735171,23.2595074386355,Current,2024,0.0387560210039543
3199,100.162154179327,23.1479701362804,Current,2024,0.0486083609357317
3200,101.060469463446,23.1479701362804,Current,2024,0.0348497336507863
3201,101.958784747566,23.1479701362804,Current,2024,0.0396693441743574
3202,102.859068188151,23.150331696772,Current,2024,0.0347435291625389
3203,103.752939554375,23.1591812276401,Current,2024,0.0313525649859484
3204,104.592306121855,23.2181102359245,Current,2024,0.026341642687161
3205,105.637298913065,23.3359235141008,Current,2024,0.0285271765325648
3206,106.475548226612,23.2271455875199,Current,2024,0.0306102868464244
3207,107.348676452283,23.1479701362804,Current,2024,0.0279685468096992
3208,108.246991736402,23.1479701362804,Current,2024,0.0392356634507449
3209,109.145307020522,23.1479701362804,Current,2024,0.0274449459515594
3210,110.043622304641,23.1479701362804,Current,2024,0.030095657002073
3211,110.941937588761,23.1479701362804,Current,2024,0.0306676860632763
3212,111.84025287288,23.1479701362804,Current,2024,0.0245767769320997
3213,112.738568157,23.1479701362804,Current,2024,0.0453000656676912
3214,113.639285778782,23.1590943187585,Current,2024,0.0321949834591214
3215,114.531984510007,23.153014596904,Current,2024,0.0315463595101216
3216,115.427598084043,23.1823728619401,Current,2024,0.0281111129516719
3217,116.261286891506,23.2582140647182,Current,2024,0.0303799456666914
3218,116.927027748067,23.4499778619798,Current,2024,0.0326236824142818
3221,120.221142954146,23.1791573865647,Current,2024,0.028418478012357
3222,120.816755431211,23.153579391231,Current,2024,0.0270660163418002
3223,121.363353115256,23.3288688416662,Current,2024,0.0237545168538826
3270,99.5091895514656,22.394686521223,Current,2024,0.0454238221938019
3271,100.182410647923,22.3419400992303,Current,2024,0.0328051188440925
3272,101.060469463446,22.3194756603065,Current,2024,0.0249633712512823
3273,101.851914570071,22.4999659332882,Current,2024,0.0379184019353147
3274,102.999812049618,22.6383656852558,Current,2024,0.0325784269218752
3275,103.828465415847,22.6606829913289,Current,2024,0.0332917000087665
3276,104.348950652664,22.722767091343,Current,2024,0.0338365278615648
3278,106.782247985507,22.3665776705727,Current,2024,0.0310740635744201
3279,107.351531787224,22.3223862660348,Current,2024,0.0275471814732486
3280,108.246922741308,22.3195653703174,Current,2024,0.0341347717598458
3281,109.145307020522,22.3194756603065,Current,2024,0.0302362546666797
3282,110.043622304641,22.3194756603066,Current,2024,0.0312998847175932
3283,110.941937588761,22.3194756603065,Current,2024,0.0221394779912142
3284,111.84025287288,22.3194756603065,Current,2024,0.0228959571826554
3285,112.717104645741,22.3404322989481,Current,2024,0.0327883380100766
3286,113.537399181204,22.4349843153421,Current,2024,0.0572295983098392
3287,114.380911550424,22.552377428192,Current,2024,0.0322033601959978
3288,115.378089459572,22.7124266281378,Current,2024,0.0264794156324462
3293,120.320820294217,22.6300187239725,Current,2024,0.0263028553333229
3294,120.721261472319,22.4464503673936,Current,2024,0.0267938650189424
3343,100.335027314396,21.7203143463617,Current,2024,0.0294947693675109
3344,101.136271136014,21.6540831738014,Current,2024,0.0296195529834926
3345,101.651772131567,21.5469262642757,Current,2024,0.0304166136208783
3351,107.467093467528,21.789247955818,Current,2024,0.0307937949144088
3352,108.198178205548,21.7478314066419,Current,2024,0.0304634511890929
3353,109.196132495051,21.7053203815841,Current,2024,0.0264994024859236
3354,110.082218872487,21.5190952770571,Current,2024,0.0348188002712773
3355,110.890736285408,21.6254148846067,Current,2024,0.030503323434197
3356,111.74892674324,21.7484658164556,Current,2024,0.0283088972211275
3357,112.584667823715,21.7827317191694,Current,2024,0.0238137893523579
3366,120.843290592731,21.8933460897806,Current,2024,0.0255479398747994
3425,109.062996181376,21.0234111459488,Current,2024,0.0382506586631983
3426,110.092605600305,20.6701691550561,Current,2024,0.0301489753593236
3497,109.324446468178,19.5856226832613,Current,2024,0.0335787728429328
3498,110.0563915473,19.6851951804218,Current,2024,0.0356096882197425
3499,110.734580573795,19.7239358643008,Current,2024,0.0299659468309618
3568,108.676978172325,19.0248936490551,Current,2024,0.0298884713436716
3569,109.149109458957,18.9566394088086,Current,2024,0.0320575587219634
3570,110.030552654776,18.9722941595042,Current,2024,0.0329952791158623
3571,110.573927534664,19.1556759733639,Current,2024,0.0307654476547944
3641,109.256091828207,18.4105060800407,Current,2024,0.03081477909244
3642,109.813775472095,18.409118131092,Current,2024,0.0320741368800991
54,120.98934621946,53.1655657942916,SSP245,2030,0.000542515902715479
55,121.766597775951,53.2204133988419,SSP245,2030,0.000549821231599745
56,122.625962550526,53.2615170240288,SSP245,2030,0.000684826058504062
57,123.503872211582,53.2867806513094,SSP245,2030,0.00144677008150451
58,124.234533147575,53.1929084230386,SSP245,2030,0.000725482419027035
59,125.067534970276,53.1220547884351,SSP245,2030,0.000816870372172152
125,120.201065679812,52.686172327543,SSP245,2030,0.000529257524055637
126,120.844576434726,52.8132208818435,SSP245,2030,0.000490503380555563
127,121.721720998195,52.820390340621,SSP245,2030,0.000479441294858773
128,122.620036282315,52.820390340621,SSP245,2030,0.00310640476851043
129,123.518351566434,52.820390340621,SSP245,2030,0.00107775877045446
130,124.416446647668,52.8202403435421,SSP245,2030,0.0010666826550737
131,125.28164631535,52.8005737429746,SSP245,2030,0.000810459953865417
132,125.869886774161,52.6803504259881,SSP245,2030,0.00124987374627694
197,120.067097887072,52.5451834148273,SSP245,2030,0.000499651661918454
198,120.968340417924,52.2812213666407,SSP245,2030,0.000637559751222594
199,121.721720998195,52.274134035273,SSP245,2030,0.00192144895186597
200,122.620036282315,52.274134035273,SSP245,2030,0.00069082941008225
201,123.518351566434,52.274134035273,SSP245,2030,0.0011478009960294
202,124.416666850554,52.274134035273,SSP245,2030,0.00103251045050001
203,125.314982134673,52.274134035273,SSP245,2030,0.000938178074311069
204,126.039464540426,52.2416405198819,SSP245,2030,0.000898770448555686
269,120.217755654577,51.5814892348358,SSP245,2030,0.000603827683128166
270,120.848137852535,51.704730306573,SSP245,2030,0.00289739384317267
271,121.721720998195,51.7210618695902,SSP245,2030,0.00184881716493879
272,122.620036282315,51.7210618695902,SSP245,2030,0.00110168584169579
273,123.518351566434,51.7210618695902,SSP245,2030,0.00121092902741271
274,124.416666850554,51.7210618695902,SSP245,2030,0.00161037546487797
275,125.314982134673,51.7210618695902,SSP245,2030,0.000985359374911399
276,126.170400509542,51.7017618694339,SSP245,2030,0.0011743276152707
277,126.709879883934,51.4945263196956,SSP245,2030,0.00102114103011142
341,120.052672960567,51.1281229030947,SSP245,2030,0.00244280198734104
342,120.823405714076,51.1611409828537,SSP245,2030,0.0018791014698375
343,121.721720998195,51.1611409828537,SSP245,2030,0.00447416209950513
344,122.620036282315,51.1611409828537,SSP245,2030,0.000935037755815937
345,123.518351566434,51.1611409828537,SSP245,2030,0.00105988491912656
346,124.416666850554,51.1611409828537,SSP245,2030,0.00100848599580716
347,125.314982134673,51.1611409828537,SSP245,2030,0.00257077400325856
348,126.213297418793,51.1611409828537,SSP245,2030,0.00108544436323543
349,126.794002975364,51.1063729353377,SSP245,2030,0.000996193383442256
412,119.343388779203,50.476249202058,SSP245,2030,0.00126917138747729
413,119.925453215316,50.5941192066292,SSP245,2030,0.00263254170407956
414,120.823405714076,50.5943407078584,SSP245,2030,0.00539890605089877
415,121.721720998195,50.5943407078585,SSP245,2030,0.016549138632397
416,122.620036282315,50.5943407078584,SSP245,2030,0.00141667811964497
417,123.518351566434,50.5943407078585,SSP245,2030,0.00108498454188277
418,124.416666850554,50.5943407078585,SSP245,2030,0.0025001373377147
419,125.314982134673,50.5943407078585,SSP245,2030,0.00125027759042895
420,126.213297418793,50.5943407078585,SSP245,2030,0.00124888332624595
421,126.964999554068,50.5798376124154,SSP245,2030,0.00124071051198382
481,116.711274531013,49.77390874873,SSP245,2030,0.000616430355137143
482,116.834034981637,49.7553445255093,SSP245,2030,0.000605835760217333
483,118.469695477319,49.7918715903298,SSP245,2030,0.00069418619086925
484,119.132454390713,49.9209814543472,SSP245,2030,0.00797642133686227
485,119.925090429956,50.0206326773674,SSP245,2030,0.0121168099605283
486,120.823405714076,50.0206326773673,SSP245,2030,0.000970612900505152
487,121.721720998195,50.0206326773674,SSP245,2030,0.0021558572869762
488,122.620036282315,50.0206326773673,SSP245,2030,0.000865538377243347
489,123.518351566434,50.0206326773674,SSP245,2030,0.00116923794500345
490,124.416666850554,50.0206326773673,SSP245,2030,0.00109807704575038
491,125.314982134673,50.0206326773674,SSP245,2030,0.00123481436366035
492,126.213297418793,50.0206326773673,SSP245,2030,0.00119708763578652
493,127.071793365452,50.0151123819584,SSP245,2030,0.00122056910124579
494,127.570463755481,49.7388191656239,SSP245,2030,0.00116037808001923
521,87.7091892693464,49.1515402210725,SSP245,2030,0.000710904992557104
553,116.572765545186,49.3853507424718,SSP245,2030,0.000636684156709366
554,117.198954478699,49.4001066010845,SSP245,2030,0.00691230617617378
555,118.165290837583,49.4066779423352,SSP245,2030,0.00495102905163625
556,119.026775145837,49.4399909322379,SSP245,2030,0.00750892073131015
557,119.925090429956,49.4399909322379,SSP245,2030,0.0500225891551303
558,120.823405714076,49.4399909322379,SSP245,2030,0.00468665370948773
559,121.721720998195,49.4399909322379,SSP245,2030,0.220182830253924
560,122.620036282315,49.4399909322379,SSP245,2030,0.00268255216142221
561,123.518351566434,49.4399909322379,SSP245,2030,0.00218308856791605
562,124.416666850554,49.4399909322379,SSP245,2030,0.00126325264222205
563,125.314982134673,49.4399909322379,SSP245,2030,0.00350989887390707
564,126.213297418793,49.4399909322379,SSP245,2030,0.00116850901083099
565,127.111612702912,49.4399909322379,SSP245,2030,0.00106098868302806
566,127.98718532064,49.3623581966388,SSP245,2030,0.00113962021207714
567,128.831379265101,49.3034455231243,SSP245,2030,0.000896604098652332
568,129.488923343649,49.2420104228533,SSP245,2030,0.0009379376616373
592,86.9202945882899,48.8163648995094,SSP245,2030,0.0372697095388105
593,87.5175865543879,48.8189026350264,SSP245,2030,0.0130512766518582
624,115.85369488121,48.5865829278789,SSP245,2030,0.000668634111403832
625,116.39445686148,48.831778041997,SSP245,2030,0.00100916469635959
626,117.230144577598,48.8523920310858,SSP245,2030,0.00693259490076381
627,118.128459861717,48.8523920310858,SSP245,2030,0.0011416684857386
628,119.026775145837,48.8523920310858,SSP245,2030,0.00464084148400301
629,119.925090429956,48.8523920310858,SSP245,2030,0.00843971250479436
630,120.823405714076,48.8523920310858,SSP245,2030,0.0061129486456325
631,121.721720998195,48.8523920310858,SSP245,2030,0.00121191859630454
632,122.620036282315,48.8523920310858,SSP245,2030,0.00115904653090715
633,123.518351566434,48.8523920310858,SSP245,2030,0.00162552435337238
634,124.416666850554,48.8523920310858,SSP245,2030,0.00146446206901874
635,125.314982134673,48.8523920310858,SSP245,2030,0.00280425515264349
636,126.213297418793,48.8523920310858,SSP245,2030,0.00188692958942083
637,127.111612702912,48.8523920310858,SSP245,2030,0.00117533895158339
638,128.009927987032,48.8523920310858,SSP245,2030,0.00102307007741143
639,128.908243271151,48.8523920310858,SSP245,2030,0.000971150159629341
640,129.75001917565,48.8148712474288,SSP245,2030,0.00305694959907277
641,130.410048953189,48.71833618111,SSP245,2030,0.000999301945446396
663,85.9139404436413,48.1661656374963,SSP245,2030,0.00763894855083092
664,86.7048538340238,48.24460805052,SSP245,2030,0.17349727367553
665,87.5854669535804,48.2576294146869,SSP245,2030,0.0254821570473223
666,88.3705260671709,48.1766476271419,SSP245,2030,0.00804445294538381
667,89.2463380726373,47.9857316877949,SSP245,2030,0.000760750528587595
696,115.740599914767,48.1790012201688,SSP245,2030,0.00121133082836877
697,116.331829293478,48.2578151613334,SSP245,2030,0.000651278464286698
698,117.230144577598,48.2578151613334,SSP245,2030,0.00290044187464766
699,118.13011213289,48.2733226343002,SSP245,2030,0.00234686792998551
700,119.026775145837,48.2578151613334,SSP245,2030,0.000958647800678003
701,119.925090429956,48.2578151613334,SSP245,2030,0.0011745906709687
702,120.823405714076,48.2578151613334,SSP245,2030,0.00110938441951491
703,121.721720998195,48.2578151613334,SSP245,2030,0.000984313933497183
704,122.620036282315,48.2578151613334,SSP245,2030,0.00208857774803317
705,123.518351566434,48.2578151613334,SSP245,2030,0.00194980638854503
706,124.416666850554,48.2578151613334,SSP245,2030,0.00206825311751213
707,125.314982134673,48.2578151613334,SSP245,2030,0.000973162705713349
708,126.213297418793,48.2578151613334,SSP245,2030,0.00142663776652496
709,127.111612702912,48.2578151613334,SSP245,2030,0.00100488427787204
710,128.009927987032,48.2578151613334,SSP245,2030,0.002033872753192
711,128.908243271151,48.2578151613334,SSP245,2030,0.0058047045045847
712,129.806558555271,48.2578151613334,SSP245,2030,0.00290423840075105
713,130.477617167769,48.2559764356194,SSP245,2030,0.001015668747128
715,132.899793063143,47.9733221656625,SSP245,2030,0.00103907159990857
716,133.481662555861,48.0495881915785,SSP245,2030,0.00152331145494222
717,134.264868847672,48.1579412262461,SSP245,2030,0.00227583885083393
718,134.863543647366,48.3538447960947,SSP245,2030,0.00101043014443092
735,85.9058128763012,47.6648905617173,SSP245,2030,0.0101311743598617
736,86.6874249175338,47.6562422514796,SSP245,2030,0.104575178389285
737,87.5857402016534,47.6562422514796,SSP245,2030,0.0703358143083759
738,88.4840554857729,47.6562422514796,SSP245,2030,0.1484207084532
739,89.3688027335583,47.6470389607416,SSP245,2030,0.00074331333371791
740,90.0896256775331,47.5522301592798,SSP245,2030,0.000739980394517614
768,115.742960922916,47.8573574112534,SSP245,2030,0.00108721582339677
769,116.242724460058,47.8813254246438,SSP245,2030,0.000701680599291543
770,117.253385819125,47.8491485644781,SSP245,2030,0.00064875602184955
771,118.234383493322,47.9444967142522,SSP245,2030,0.000795317407349949
772,119.144935197998,47.7461877501696,SSP245,2030,0.00290787269917681
773,119.925090429956,47.6562422514796,SSP245,2030,0.00207262528577989
774,120.823405714076,47.6562422514796,SSP245,2030,0.00177311371572986
775,121.721720998195,47.6562422514796,SSP245,2030,0.00170173637686744
776,122.620036282315,47.6562422514796,SSP245,2030,0.00201358398716434
777,123.518351566434,47.6562422514796,SSP245,2030,0.0213459949412832
778,124.416666850554,47.6562422514796,SSP245,2030,0.00255373616198606
779,125.314982134673,47.6562422514796,SSP245,2030,0.00122102392690104
780,126.213297418793,47.6562422514796,SSP245,2030,0.00123690989915926
781,127.111612702912,47.6562422514796,SSP245,2030,0.00145270657621754
782,128.009927987032,47.6562422514796,SSP245,2030,0.00086338718529777
783,128.908243271151,47.6562422514796,SSP245,2030,0.00285382825619129
784,129.806558555271,47.6562422514796,SSP245,2030,0.00170804562738602
785,130.648852643266,47.6230947207924,SSP245,2030,0.00116487597491954
786,131.589570707117,47.5189403775607,SSP245,2030,0.00110170484958427
787,132.560679800733,47.5906497215057,SSP245,2030,0.00152870278594697
788,133.399819691749,47.6562422514796,SSP245,2030,0.00108732850841464
789,134.22058328802,47.671576188675,SSP245,2030,0.00107197365497647
804,83.1954396533843,46.9248112568598,SSP245,2030,0.0209900383338851
805,83.9825645471563,46.8576473432864,SSP245,2030,0.0329218397585367
806,84.9135394220077,46.8595437220095,SSP245,2030,0.00389408541291192
807,85.8462850827722,47.0177993100224,SSP245,2030,0.046408001625486
808,86.6874249175338,47.0476580844109,SSP245,2030,0.0277257602211611
809,87.5857402016533,47.0476580844109,SSP245,2030,0.178970903173459
810,88.4840554857729,47.0476580844109,SSP245,2030,0.0270495479690062
811,89.3823707698924,47.0476580844109,SSP245,2030,0.00759495798924659
812,90.2402545961506,47.02754482209,SSP245,2030,0.0029008702929354
813,90.821609325153,46.839788193661,SSP245,2030,0.00187407804046646
844,119.417442796296,47.2978021972506,SSP245,2030,0.000981058977214677
845,120.035341980555,47.0853409027756,SSP245,2030,0.00555900626508687
846,120.823405714076,47.0476580844109,SSP245,2030,0.00134640379620621
847,121.721720998195,47.0476580844109,SSP245,2030,0.000946639872883015
848,122.620036282315,47.0476580844109,SSP245,2030,0.00114582688995202
849,123.518351566434,47.0476580844109,SSP245,2030,0.00991468401195983
850,124.416666850554,47.0476580844109,SSP245,2030,0.0386589699565604
851,125.314982134673,47.0476580844109,SSP245,2030,0.00186220721955255
852,126.213297418793,47.0476580844109,SSP245,2030,0.00139095984744875
853,127.111612702912,47.0476580844109,SSP245,2030,0.00122858582673269
854,128.009927987032,47.0476580844109,SSP245,2030,0.00146146737124975
855,128.908243271151,47.0476580844109,SSP245,2030,0.0139463379450077
856,129.806558555271,47.0476580844109,SSP245,2030,0.00157401482826369
857,130.70487383939,47.0476580844109,SSP245,2030,0.00222455635201169
858,131.60318912351,47.0476580844109,SSP245,2030,0.00178901031580636
859,132.501504407629,47.0476580844109,SSP245,2030,0.000968021879120706
860,133.399819691749,47.0476580844109,SSP245,2030,0.00135175804852672
861,133.976514896106,47.0990881560482,SSP245,2030,0.000972770561386782
875,82.5864580400594,46.2200896094133,SSP245,2030,0.000994609621398745
876,83.1104393169426,46.424295443549,SSP245,2030,0.0334470462214572
877,83.9924790651753,46.4320504115606,SSP245,2030,0.0602598121271204
878,84.8907943492948,46.4320504115606,SSP245,2030,0.00206996593701647
879,85.7891096334143,46.4320504115606,SSP245,2030,0.058770082270863
880,86.6874249175338,46.4320504115606,SSP245,2030,0.000732777622187819
881,87.5857402016533,46.4320504115606,SSP245,2030,0.00137413929329522
882,88.4840554857729,46.4320504115606,SSP245,2030,0.00118355368371226
883,89.3823707698924,46.4320504115606,SSP245,2030,0.00308321333244566
884,90.2806860540119,46.4320504115606,SSP245,2030,0.00645876285579317
885,90.8529326169999,46.4570364332891,SSP245,2030,0.0162704043022721
913,116.624950112389,46.2109749385944,SSP245,2030,0.000742768687609252
914,117.298604040098,46.2912349368042,SSP245,2030,0.00079244077920082
915,118.159114464416,46.3879039558282,SSP245,2030,0.000896853021748689
916,119.008821423464,46.3971338258893,SSP245,2030,0.00201873346103121
917,119.949979796371,46.409367537793,SSP245,2030,0.00137935645107057
918,120.823405714076,46.4320504115606,SSP245,2030,0.00155489456843572
919,121.721720998195,46.4320504115606,SSP245,2030,0.00111791703677033
920,122.620036282315,46.4320504115606,SSP245,2030,0.00309147477545313
921,123.518351566434,46.4320504115606,SSP245,2030,0.00306537624066217
922,124.416666850554,46.4320504115606,SSP245,2030,0.00690593862356437
923,125.314982134673,46.4320504115606,SSP245,2030,0.0144279481379807
924,126.213297418793,46.4320504115606,SSP245,2030,0.00122348882061329
925,127.111612702912,46.4320504115606,SSP245,2030,0.00124235311046605
926,128.009927987032,46.4320504115606,SSP245,2030,0.00122007859242834
927,128.908243271151,46.4320504115606,SSP245,2030,0.00223653232131171
928,129.806558555271,46.4320504115606,SSP245,2030,0.0010227736160322
929,130.70487383939,46.4320504115606,SSP245,2030,0.00132291144301167
930,131.60318912351,46.4320504115606,SSP245,2030,0.0012499927429106
931,132.501504407629,46.4320504115606,SSP245,2030,0.00177361963623668
932,133.389053099742,46.4374325074708,SSP245,2030,0.00109708355744365
933,133.896669596222,46.6427376126053,SSP245,2030,0.00101179573977594
947,82.489698890592,45.7739902536515,SSP245,2030,0.00221459971299653
948,83.0941637810557,45.8094100677068,SSP245,2030,0.00311670417573129
949,83.9924790651753,45.8094100677068,SSP245,2030,0.00269394754550023
950,84.8907943492948,45.8094100677068,SSP245,2030,0.0496539437892404
951,85.7891096334143,45.8094100677068,SSP245,2030,0.0299727378614006
952,86.6874249175338,45.8094100677068,SSP245,2030,0.000684668319317128
953,87.5857402016533,45.8094100677068,SSP245,2030,0.00167509288368273
954,88.4840554857729,45.8094100677068,SSP245,2030,0.000593652713415716
955,89.3823707698924,45.8094100677068,SSP245,2030,0.00127858651916113
956,90.2695569077331,45.814686522634,SSP245,2030,0.00109242843232882
957,90.8288417443276,45.9987771619666,SSP245,2030,0.000643730235545759
984,115.809621293604,45.5400507832078,SSP245,2030,0.001629436047904
985,116.434159903514,45.7684662849873,SSP245,2030,0.00107558672555386
986,117.230144577598,45.8094100677068,SSP245,2030,0.001777583735457
987,118.128459861717,45.8094100677068,SSP245,2030,0.00146818720287178
988,119.026775145837,45.8094100677068,SSP245,2030,0.00177340036418572
989,119.925090429956,45.8094100677068,SSP245,2030,0.00205417721295897
990,120.823405714076,45.8094100677068,SSP245,2030,0.000972425582453362
991,121.721720998195,45.8094100677068,SSP245,2030,0.00320076952625825
992,122.620036282315,45.8094100677068,SSP245,2030,0.00300325038208527
993,123.518351566434,45.8094100677068,SSP245,2030,0.00249556819700847
994,124.416666850554,45.8094100677068,SSP245,2030,0.00198354967292469
995,125.314982134673,45.8094100677068,SSP245,2030,0.00183170194365423
996,126.213297418793,45.8094100677068,SSP245,2030,0.178187920440624
997,127.111612702912,45.8094100677068,SSP245,2030,0.0395411456569837
998,128.009927987032,45.8094100677068,SSP245,2030,0.00119700321082439
999,128.908243271151,45.8094100677068,SSP245,2030,0.00118542481119588
1000,129.806558555271,45.8094100677068,SSP245,2030,0.00103771200454172
1001,130.70487383939,45.8094100677068,SSP245,2030,0.00494683402265705
1002,131.60318912351,45.8094100677068,SSP245,2030,0.000844787903851785
1003,132.501504407629,45.8094100677068,SSP245,2030,0.000899511790945717
1004,133.233182127971,45.8607042493194,SSP245,2030,0.000672745079427384
1016,79.9363938972813,44.9066047477668,SSP245,2030,0.00120987225506186
1017,80.4564404704518,44.9712759932945,SSP245,2030,0.00120375443726184
1018,81.3471555017718,45.0528063060372,SSP245,2030,0.00273393774551989
1019,82.2140548287345,45.0946694965179,SSP245,2030,0.00660133562100029
1020,83.0941637810557,45.1797310861844,SSP245,2030,0.00112408455630086
1021,83.9924790651753,45.1797310861844,SSP245,2030,0.0039350952767504
1022,84.8907943492948,45.1797310861844,SSP245,2030,0.0483682244752074
1023,85.7891096334143,45.1797310861844,SSP245,2030,0.00108402423973664
1024,86.6874249175338,45.1797310861844,SSP245,2030,0.000887489537893083
1025,87.5857402016533,45.1797310861844,SSP245,2030,0.00303050535437999
1026,88.4840554857729,45.1797310861844,SSP245,2030,0.000729051896889765
1027,89.3823707698924,45.1797310861844,SSP245,2030,0.00525122990977067
1028,90.2800829501215,45.1793106464764,SSP245,2030,0.00130654329843116
1029,91.1194345968524,45.0364794852579,SSP245,2030,0.00122733601199609
1030,92.0417781335629,44.9627999803671,SSP245,2030,0.000653627085732134
1031,92.9584517272128,44.9452867559723,SSP245,2030,0.000634011786035615
1032,93.5464982617403,44.9115270827412,SSP245,2030,0.000661892239764095
1052,112.010960226976,44.9572125033315,SSP245,2030,0.00111789727226019
1053,112.434486393606,44.939557062824,SSP245,2030,0.00119964580258258
1054,113.990734958105,44.9006753118312,SSP245,2030,0.00168703887275756
1055,114.618557263157,45.0954099368791,SSP245,2030,0.00253948174336349
1056,115.452379275369,45.1497868782039,SSP245,2030,0.0019422761661646
1057,116.331829293478,45.1797310861844,SSP245,2030,0.00334349380922627
1058,117.230144577598,45.1797310861844,SSP245,2030,0.00181170225957905
1059,118.128459861717,45.1797310861844,SSP245,2030,0.000938312031066535
1060,119.026775145837,45.1797310861844,SSP245,2030,0.00112955460127862
1061,119.925090429956,45.1797310861844,SSP245,2030,0.00114540987903267
1062,120.823405714076,45.1797310861844,SSP245,2030,0.00102543330092952
1063,121.721720998195,45.1797310861844,SSP245,2030,0.00200128052743265
1064,122.620036282315,45.1797310861844,SSP245,2030,0.0138370896144739
1065,123.518351566434,45.1797310861844,SSP245,2030,0.00282690173533284
1066,124.416666850554,45.1797310861844,SSP245,2030,0.0133497925149478
1067,125.314982134673,45.1797310861844,SSP245,2030,0.00117824988263826
1068,126.213297418793,45.1797310861844,SSP245,2030,0.00427901775269168
1069,127.111612702912,45.1797310861844,SSP245,2030,0.0047169117784992
1070,128.009927987032,45.1797310861844,SSP245,2030,0.00558578124936604
1071,128.908243271151,45.1797310861844,SSP245,2030,0.00117309175741298
1072,129.806558555271,45.1797310861844,SSP245,2030,0.00108222754010878
1073,130.699693229755,45.1837349789964,SSP245,2030,0.00143217985109234
1074,131.511355856558,45.2733694799337,SSP245,2030,0.000651438442960117
1075,132.539464402326,45.3003609509092,SSP245,2030,0.00139045302731089
1076,133.015704468497,45.2952727602257,SSP245,2030,0.000630090871845179
1088,79.9436488587448,44.8526351994795,SSP245,2030,0.00120987225506186
1089,80.5706542667929,44.5815399614433,SSP245,2030,0.00177076710818691
1090,81.2975332128167,44.5430108142727,SSP245,2030,0.0330369619925321
1091,82.1958484969362,44.5430108142727,SSP245,2030,0.00219872236055474
1092,83.0941637810557,44.5430108142727,SSP245,2030,0.00551882164260997
1093,83.9924790651753,44.5430108142727,SSP245,2030,0.00276607330805068
1094,84.8907943492948,44.5430108142727,SSP245,2030,0.0760356616445804
1095,85.7891096334143,44.5430108142727,SSP245,2030,0.133941310726106
1096,86.6874249175338,44.5430108142727,SSP245,2030,0.0100115279526616
1097,87.5857402016533,44.5430108142727,SSP245,2030,0.0643038313387595
1098,88.4840554857729,44.5430108142727,SSP245,2030,0.00208400947012777
1099,89.3823707698924,44.5430108142727,SSP245,2030,0.00112673769253591
1100,90.2806860540119,44.5430108142727,SSP245,2030,0.000937298596169978
1101,91.1790013381314,44.5430108142727,SSP245,2030,0.000942369491874873
1102,92.077316622251,44.5430108142727,SSP245,2030,0.000610174198398372
1103,92.9756319063705,44.5430108142727,SSP245,2030,0.000971010228192459
1104,93.8402729088573,44.513471030713,SSP245,2030,0.000673935944609627
1105,94.6153384661333,44.3328496760139,SSP245,2030,0.000763767213068811
1106,95.30953572512,44.2619661087531,SSP245,2030,0.000761381948339523
1124,111.895110475411,44.5287576899889,SSP245,2030,0.000923782126005301
1125,112.72877469682,44.533244994128,SSP245,2030,0.00156157844325877
1126,113.652927758688,44.5158677912215,SSP245,2030,0.00176238120393746
1127,114.535198725239,44.5430108142727,SSP245,2030,0.00301289862296117
1128,115.433514009359,44.5430108142727,SSP245,2030,0.00320595947195901
1129,116.331829293478,44.5430108142727,SSP245,2030,0.00154439728432454
1130,117.230144577598,44.5430108142727,SSP245,2030,0.00158478737793699
1131,118.128459861717,44.5430108142727,SSP245,2030,0.00149325900201913
1132,119.026775145837,44.5430108142727,SSP245,2030,0.00175062375819224
1133,119.925090429956,44.5430108142727,SSP245,2030,0.00136260278847988
1134,120.823405714076,44.5430108142727,SSP245,2030,0.00121971391148001
1135,121.721720998195,44.5430108142727,SSP245,2030,0.00127085454829146
1136,122.620036282315,44.5430108142727,SSP245,2030,0.00144012137267879
1137,123.518351566434,44.5430108142727,SSP245,2030,0.00146968846039419
1138,124.416666850554,44.5430108142727,SSP245,2030,0.00555046359065992
1139,125.314982134673,44.5430108142727,SSP245,2030,0.00278791798623779
1140,126.213297418793,44.5430108142727,SSP245,2030,0.00207590016628645
1141,127.111612702912,44.5430108142727,SSP245,2030,0.00173612258023081
1142,128.009927987032,44.5430108142727,SSP245,2030,0.00193683315463633
1143,128.908243271151,44.5430108142727,SSP245,2030,0.00340240099115896
1144,129.806558555271,44.5430108142727,SSP245,2030,0.00560064240644176
1145,130.672759861699,44.5283973535412,SSP245,2030,0.00102213187282607
1146,131.172650604186,44.2763016588904,SSP245,2030,0.000590212307465254
1161,80.6755289831368,43.9406838257672,SSP245,2030,0.0151882876882108
1162,81.2975332128167,43.8992500285015,SSP245,2030,0.0351707375943053
1163,82.1958484969362,43.8992500285015,SSP245,2030,0.00691549121421509
1164,83.0941637810557,43.8992500285015,SSP245,2030,0.0117292363181623
1165,83.9924790651753,43.8992500285015,SSP245,2030,0.0196205479263326
1166,84.8907943492948,43.8992500285015,SSP245,2030,0.017980971699504
1167,85.7891096334143,43.8992500285015,SSP245,2030,0.0954324978718778
1168,86.6874249175338,43.8992500285015,SSP245,2030,0.00613205255073146
1169,87.5857402016533,43.8992500285015,SSP245,2030,0.265138043640883
1170,88.4840554857729,43.8992500285015,SSP245,2030,0.0112040976063073
1171,89.3823707698924,43.8992500285015,SSP245,2030,0.00220561675865671
1172,90.2806860540119,43.8992500285015,SSP245,2030,0.00130977633023233
1173,91.1790013381314,43.8992500285015,SSP245,2030,0.000699124747912228
1174,92.077316622251,43.8992500285015,SSP245,2030,0.00082476940567211
1175,92.9756319063705,43.8992500285015,SSP245,2030,0.00379727644406269
1176,93.87394719049,43.8992500285015,SSP245,2030,0.000622691448564861
1177,94.7722624746095,43.8992500285015,SSP245,2030,0.000675268436808207
1178,95.4144637873526,43.8172689954224,SSP245,2030,0.000704144146590036
1196,111.997167349209,43.9341148912802,SSP245,2030,0.00199317064551718
1197,112.738568157,43.8992500285015,SSP245,2030,0.00146619092800249
1198,113.636883441119,43.8992500285015,SSP245,2030,0.00152120532955946
1199,114.535198725239,43.8992500285015,SSP245,2030,0.0112931755133308
1200,115.433514009358,43.8992500285015,SSP245,2030,0.00388600790221361
1201,116.331829293478,43.8992500285015,SSP245,2030,0.014801723524929
1202,117.230144577598,43.8992500285015,SSP245,2030,0.00791560982567219
1203,118.128459861717,43.8992500285015,SSP245,2030,0.00218205981710973
1204,119.026775145837,43.8992500285015,SSP245,2030,0.00166215585324114
1205,119.925090429956,43.8992500285015,SSP245,2030,0.00356275362240888
1206,120.823405714076,43.8992500285015,SSP245,2030,0.00171442715256387
1207,121.721720998195,43.8992500285015,SSP245,2030,0.00128898849649395
1208,122.620036282315,43.8992500285015,SSP245,2030,0.0028620334203423
1209,123.518351566434,43.8992500285015,SSP245,2030,0.00345340952188156
1210,124.416666850554,43.8992500285015,SSP245,2030,0.0032333012064788
1211,125.314982134673,43.8992500285015,SSP245,2030,0.212216385179333
1212,126.213297418793,43.8992500285015,SSP245,2030,0.0439437263582709
1213,127.111612702912,43.8992500285015,SSP245,2030,0.00703651548792839
1214,128.009927987032,43.8992500285015,SSP245,2030,0.00185522578875674
1215,128.908243271151,43.8992500285015,SSP245,2030,0.0057890184535242
1216,129.806558555271,43.8992500285015,SSP245,2030,0.000878560879191359
1217,130.704582630247,43.8993103095403,SSP245,2030,0.00060616467875485
1218,131.186676988833,44.0503076834506,SSP245,2030,0.000586007681803946
1233,80.7030751081177,43.1562486557851,SSP245,2030,0.00159395100520709
1234,81.2975332128167,43.248453049607,SSP245,2030,0.0179160029828233
1235,82.1958484969362,43.248453049607,SSP245,2030,0.0211415283028383
1236,83.0941637810557,43.248453049607,SSP245,2030,0.0383970661952312
1237,83.9924790651753,43.248453049607,SSP245,2030,0.0394542851022386
1238,84.8907943492948,43.248453049607,SSP245,2030,0.00740509741043405
1239,85.7891096334143,43.248453049607,SSP245,2030,0.0025799749283727
1240,86.6874249175338,43.248453049607,SSP245,2030,0.00472801751436947
1241,87.5857402016533,43.248453049607,SSP245,2030,0.116341830847671
1242,88.4840554857729,43.248453049607,SSP245,2030,0.0062603559239639
1243,89.3823707698924,43.248453049607,SSP245,2030,0.00351860609591403
1244,90.2806860540119,43.248453049607,SSP245,2030,0.00127676027368218
1245,91.1790013381314,43.248453049607,SSP245,2030,0.00106113098241534
1246,92.077316622251,43.248453049607,SSP245,2030,0.00135173290329038
1247,92.9756319063705,43.248453049607,SSP245,2030,0.000976941710041812
1248,93.87394719049,43.248453049607,SSP245,2030,0.00332150247103735
1249,94.7722624746095,43.248453049607,SSP245,2030,0.0014389612759822
1250,95.5933874791401,43.2155213017952,SSP245,2030,0.000709229621172369
1251,96.1858805876544,42.9701353819985,SSP245,2030,0.000728570571388421
1267,111.07658365322,43.1252903048484,SSP245,2030,0.00123140616693396
1268,111.851925386763,43.2390308010058,SSP245,2030,0.00249874999756283
1269,112.738568157,43.248453049607,SSP245,2030,0.00167055102473024
1270,113.636883441119,43.248453049607,SSP245,2030,0.00156367545263381
1271,114.535198725239,43.248453049607,SSP245,2030,0.00850236534840787
1272,115.433514009359,43.248453049607,SSP245,2030,0.00670576676339607
1273,116.331829293478,43.248453049607,SSP245,2030,0.0130364328459963
1274,117.230144577598,43.248453049607,SSP245,2030,0.00694619780583083
1275,118.128459861717,43.248453049607,SSP245,2030,0.00199619271522
1276,119.026775145837,43.248453049607,SSP245,2030,0.00393351044342172
1277,119.925090429956,43.248453049607,SSP245,2030,0.000959868466887004
1278,120.823405714076,43.248453049607,SSP245,2030,0.00102950412668656
1279,121.721720998195,43.248453049607,SSP245,2030,0.00121234709120677
1280,122.620036282315,43.248453049607,SSP245,2030,0.00107896859790213
1281,123.518351566434,43.248453049607,SSP245,2030,0.0206050563805106
1282,124.416666850554,43.2484530496071,SSP245,2030,0.00374013007119134
1283,125.314982134673,43.248453049607,SSP245,2030,0.00841318144417624
1284,126.213297418793,43.248453049607,SSP245,2030,0.00265195679375252
1285,127.111612702912,43.248453049607,SSP245,2030,0.0014628828342983
1286,128.009927987032,43.248453049607,SSP245,2030,0.00225546184475167
1287,128.908243271151,43.248453049607,SSP245,2030,0.000786550916068607
1288,129.802811080537,43.2568013608888,SSP245,2030,0.00187257800531793
1289,130.689203399301,43.25753161573,SSP245,2030,0.0104913531759151
1290,131.180801633405,43.3955850213517,SSP245,2030,0.000616401153593404
1305,80.5331240840171,42.570150221232,SSP245,2030,0.009818491001227
1306,81.2975332128167,42.5906278568488,SSP245,2030,0.00334995241363245
1307,82.1958484969362,42.5906278568488,SSP245,2030,0.00287553681074637
1308,83.0941637810557,42.5906278568488,SSP245,2030,0.00459274468273452
1309,83.9924790651753,42.5906278568488,SSP245,2030,0.0125868878577949
1310,84.8907943492948,42.5906278568488,SSP245,2030,0.00135644733535234
1311,85.7891096334143,42.5906278568488,SSP245,2030,0.00133906276393425
1312,86.6874249175338,42.5906278568488,SSP245,2030,0.00152104132171904
1313,87.5857402016533,42.5906278568488,SSP245,2030,0.00774623817649389
1314,88.4840554857729,42.5906278568488,SSP245,2030,0.0056924069151556
1315,89.3823707698924,42.5906278568488,SSP245,2030,0.00356472100987992
1316,90.2806860540119,42.5906278568488,SSP245,2030,0.00297056746532443
1317,91.1790013381314,42.5906278568488,SSP245,2030,0.000658626250577332
1318,92.0773166222509,42.5906278568488,SSP245,2030,0.00157801054790996
1319,92.9756319063705,42.5906278568488,SSP245,2030,0.00278154936550568
1320,93.87394719049,42.5906278568488,SSP245,2030,0.00417895336597107
1321,94.7722624746095,42.5906278568488,SSP245,2030,0.00208047193043659
1322,95.670577758729,42.5906278568489,SSP245,2030,0.00137318678269494
1323,96.5427021819796,42.5312882153912,SSP245,2030,0.000781229647295767
1324,97.4502289847477,42.5031340987946,SSP245,2030,0.000740349182323907
1325,98.3526296825811,42.4483079839519,SSP245,2030,0.000725752510171929
1326,99.2565830108415,42.4190381688162,SSP245,2030,0.000784964398816035
1327,100.178702434497,42.4533079720676,SSP245,2030,0.000941616914670873
1328,101.023852221463,42.4373705560413,SSP245,2030,0.00419879293043446
1329,101.70268984272,42.3688234486571,SSP245,2030,0.000788609062875367
1334,106.887424536544,42.2624944487364,SSP245,2030,0.00153118881154879
1335,107.441645799222,42.3202655678622,SSP245,2030,0.00118727714434275
1336,108.247241899994,42.3323011677378,SSP245,2030,0.00174786075552968
1337,109.178153777824,42.3428442277352,SSP245,2030,0.0016212705838391
1338,110.098759691491,42.4796242238723,SSP245,2030,0.0015565606815221
1339,110.942232477379,42.5904115404423,SSP245,2030,0.00173349621656349
1340,111.84025287288,42.5906278568488,SSP245,2030,0.0020205554018875
1341,112.738568157,42.5906278568488,SSP245,2030,0.00233743884737392
1342,113.636883441119,42.5906278568488,SSP245,2030,0.00236578662656173
1343,114.535198725239,42.5906278568488,SSP245,2030,0.00110821039160769
1344,115.433514009358,42.5906278568488,SSP245,2030,0.00134081211806847
1345,116.331829293478,42.5906278568488,SSP245,2030,0.00536144580588405
1346,117.230144577598,42.5906278568488,SSP245,2030,0.0172410729873659
1347,118.128459861717,42.5906278568489,SSP245,2030,0.00167730840802138
1348,119.026775145837,42.5906278568488,SSP245,2030,0.00929998853805969
1349,119.925090429956,42.5906278568489,SSP245,2030,0.00166610241548815
1350,120.823405714076,42.5906278568489,SSP245,2030,0.00158706515132578
1351,121.721720998195,42.5906278568488,SSP245,2030,0.0014067070703967
1352,122.620036282315,42.5906278568488,SSP245,2030,0.00571753570528144
1353,123.518351566434,42.5906278568489,SSP245,2030,0.0118500302263286
1354,124.416666850554,42.5906278568488,SSP245,2030,0.00311827756030503
1355,125.314982134673,42.5906278568489,SSP245,2030,0.00157085342618524
1356,126.213297418793,42.5906278568488,SSP245,2030,0.00110020716979575
1357,127.111612702912,42.5906278568488,SSP245,2030,0.00272298769157409
1358,128.009927987032,42.5906278568488,SSP245,2030,0.00969801580531249
1359,128.893704673033,42.6008141799495,SSP245,2030,0.00656050195957447
1360,129.585860189338,42.6862388789742,SSP245,2030,0.0206694758034625
1361,130.482257284338,42.7738508614804,SSP245,2030,0.0781976614548058
1375,78.9813123858114,41.6228380678697,SSP245,2030,0.00162195387563402
1376,79.5959340595915,41.7445482896672,SSP245,2030,0.00159645610985981
1377,80.4251775731921,41.9070144310611,SSP245,2030,0.00418242305990924
1378,81.2975332128167,41.9257862013885,SSP245,2030,0.00185549794339224
1379,82.1958484969362,41.9257862013885,SSP245,2030,0.00605733803433295
1380,83.0941637810557,41.9257862013885,SSP245,2030,0.00859177727545324
1381,83.9924790651753,41.9257862013885,SSP245,2030,0.00184656202261202
1382,84.8907943492948,41.9257862013885,SSP245,2030,0.00220541335001601
1383,85.7891096334143,41.9257862013885,SSP245,2030,0.0179748303541547
1384,86.6874249175338,41.9257862013885,SSP245,2030,0.00838926430043507
1385,87.5857402016533,41.9257862013885,SSP245,2030,0.00194232430443297
1386,88.4840554857729,41.9257862013885,SSP245,2030,0.000990159177133743
1387,89.3823707698924,41.9257862013885,SSP245,2030,0.000735296463005852
1388,90.2806860540119,41.9257862013885,SSP245,2030,0.0010643267175896
1389,91.1790013381314,41.9257862013885,SSP245,2030,0.000994596280693205
1390,92.077316622251,41.9257862013885,SSP245,2030,0.000989469539270815
1391,92.9756319063705,41.9257862013885,SSP245,2030,0.000828750396502764
1392,93.87394719049,41.9257862013885,SSP245,2030,0.00139592200923067
1393,94.7722624746095,41.9257862013885,SSP245,2030,0.000964916005808503
1394,95.670577758729,41.9257862013885,SSP245,2030,0.000809530521472923
1395,96.5688930428485,41.9257862013885,SSP245,2030,0.000905779920364114
1396,97.4672083269681,41.9257862013885,SSP245,2030,0.000888607628458216
1397,98.3655236110876,41.9257862013885,SSP245,2030,0.000862949155040371
1398,99.2638388952071,41.9257862013885,SSP245,2030,0.000793480641345989
1399,100.162154179327,41.9257862013885,SSP245,2030,0.000834838454792819
1400,101.060469463446,41.9257862013885,SSP245,2030,0.00563101944519684
1401,101.942646001794,41.9095453364348,SSP245,2030,0.00100873825444892
1402,102.812601119577,41.831065132166,SSP245,2030,0.00085938482550163
1403,103.72746780193,41.7013626400191,SSP245,2030,0.00123846732166044
1404,104.431859190234,41.6928070641039,SSP245,2030,0.00134495636427556
1405,105.660821468978,41.7409076712434,SSP245,2030,0.00144280673132036
1406,106.48529662286,41.8786923088043,SSP245,2030,0.00142659587948979
1407,107.348676452283,41.9257862013885,SSP245,2030,0.00161028529978358
1408,108.246991736402,41.9257862013885,SSP245,2030,0.00172919947504391
1409,109.145307020522,41.9257862013885,SSP245,2030,0.00194359423807555
1410,110.043622304641,41.9257862013885,SSP245,2030,0.00190826551756307
1411,110.941937588761,41.9257862013885,SSP245,2030,0.00172514896853893
1412,111.84025287288,41.9257862013885,SSP245,2030,0.00285466858241956
1413,112.738568157,41.9257862013885,SSP245,2030,0.00929950319785322
1414,113.636883441119,41.9257862013885,SSP245,2030,0.00275092602970573
1415,114.535198725239,41.9257862013885,SSP245,2030,0.0103426117549584
1416,115.433514009359,41.9257862013885,SSP245,2030,0.0123778381541095
1417,116.331829293478,41.9257862013885,SSP245,2030,0.009159609549939
1418,117.230144577598,41.9257862013885,SSP245,2030,0.00581262891941481
1419,118.128459861717,41.9257862013885,SSP245,2030,0.00330201882924397
1420,119.026775145837,41.9257862013885,SSP245,2030,0.00485040297859396
1421,119.925090429956,41.9257862013885,SSP245,2030,0.00197842275093596
1422,120.823405714076,41.9257862013885,SSP245,2030,0.0178439981588872
1423,121.721720998195,41.9257862013885,SSP245,2030,0.00773269264192833
1424,122.620036282315,41.9257862013885,SSP245,2030,0.0122432788853566
1425,123.518351566434,41.9257862013885,SSP245,2030,0.40065354970371
1426,124.416666850554,41.9257862013885,SSP245,2030,0.0270803667293071
1427,125.314982134673,41.9257862013885,SSP245,2030,0.00467513052732405
1428,126.212413105333,41.9264251636035,SSP245,2030,0.00492147579862967
1429,127.131530251111,41.9497474286265,SSP245,2030,0.0119168556173899
1430,127.926487556897,41.9602354870851,SSP245,2030,0.0176120122431686
1431,128.757660683326,42.1461834407202,SSP245,2030,0.00107292712224483
1445,77.0314363164389,40.9712350645775,SSP245,2030,0.00154401431903672
1446,77.8144746348776,41.0199114750087,SSP245,2030,0.00161603111221909
1447,78.6404396109219,41.2081229775401,SSP245,2030,0.00206977263422692
1448,79.5009026445776,41.2539437184118,SSP245,2030,0.00277597504792648
1449,80.3992179286972,41.2539437184118,SSP245,2030,0.0112698168590983
1450,81.2975332128167,41.2539437184118,SSP245,2030,0.00215408856798427
1451,82.1958484969362,41.2539437184118,SSP245,2030,0.0014499240830983
1452,83.0941637810557,41.2539437184118,SSP245,2030,0.00270447880247326
1453,83.9924790651753,41.2539437184118,SSP245,2030,0.00838707343781642
1454,84.8907943492948,41.2539437184118,SSP245,2030,0.00129370550861041
1455,85.7891096334143,41.2539437184118,SSP245,2030,0.00555426430062078
1456,86.6874249175338,41.2539437184118,SSP245,2030,0.00786379122480607
1457,87.5857402016533,41.2539437184118,SSP245,2030,0.00149835905800622
1458,88.4840554857729,41.2539437184118,SSP245,2030,0.00105343668609148
1459,89.3823707698924,41.2539437184118,SSP245,2030,0.000956600725773082
1460,90.2806860540119,41.2539437184118,SSP245,2030,0.000761591145660989
1461,91.1790013381314,41.2539437184118,SSP245,2030,0.00203216934216566
1462,92.077316622251,41.2539437184118,SSP245,2030,0.00206157056228429
1463,92.9756319063705,41.2539437184118,SSP245,2030,0.000725352011137659
1464,93.87394719049,41.2539437184118,SSP245,2030,0.000957392142502789
1465,94.7722624746095,41.2539437184118,SSP245,2030,0.00082829015242647
1466,95.670577758729,41.2539437184118,SSP245,2030,0.00127016310104755
1467,96.5688930428485,41.2539437184118,SSP245,2030,0.00101866241378223
1468,97.4672083269681,41.2539437184118,SSP245,2030,0.00118351272889039
1469,98.3655236110876,41.2539437184118,SSP245,2030,0.000964793573190459
1470,99.2638388952071,41.2539437184118,SSP245,2030,0.000898018177748816
1471,100.162154179327,41.2539437184118,SSP245,2030,0.00667682789003532
1472,101.060469463446,41.2539437184118,SSP245,2030,0.000829541406714207
1473,101.958784747566,41.2539437184118,SSP245,2030,0.000834397887664262
1474,102.857100031685,41.2539437184118,SSP245,2030,0.00119946326485143
1475,103.755415315805,41.2539437184118,SSP245,2030,0.00133448148183413
1476,104.653021784128,41.2532779088603,SSP245,2030,0.00260358355694057
1477,105.552045884044,41.2539437184118,SSP245,2030,0.00147684950900329
1478,106.450361168163,41.2539437184118,SSP245,2030,0.00127341205997566
1479,107.348676452283,41.2539437184118,SSP245,2030,0.00191303441916524
1480,108.246991736402,41.2539437184118,SSP245,2030,0.00232222850735564
1481,109.145307020522,41.2539437184118,SSP245,2030,0.00423236717229891
1482,110.043622304641,41.2539437184118,SSP245,2030,0.00193169385654368
1483,110.941937588761,41.2539437184118,SSP245,2030,0.0034991837428221
1484,111.84025287288,41.2539437184118,SSP245,2030,0.0194438853968858
1485,112.738568157,41.2539437184118,SSP245,2030,0.00920326905638247
1486,113.636883441119,41.2539437184118,SSP245,2030,0.00794007962389232
1487,114.535198725239,41.2539437184118,SSP245,2030,0.00625521027609577
1488,115.433514009359,41.2539437184118,SSP245,2030,0.0738773393165726
1489,116.331829293478,41.2539437184118,SSP245,2030,0.024739064321333
1490,117.230144577598,41.2539437184118,SSP245,2030,0.00152537590475499
1491,118.128459861717,41.2539437184118,SSP245,2030,0.0095963037749075
1492,119.026775145837,41.2539437184118,SSP245,2030,0.00429680467514759
1493,119.925090429956,41.2539437184118,SSP245,2030,0.014385158920747
1494,120.822163757095,41.2550195371267,SSP245,2030,0.0241444344919174
1495,121.719972632914,41.2642875298532,SSP245,2030,0.0827147623001994
1496,122.620036282315,41.2539437184118,SSP245,2030,0.0238288014822582
1497,123.518351566434,41.2539437184118,SSP245,2030,0.0701130472633673
1498,124.416666850554,41.2539437184118,SSP245,2030,0.00935162117923616
1499,125.314982134673,41.2539437184118,SSP245,2030,0.00148576200472916
1500,126.084041655184,41.3199422813251,SSP245,2030,0.00235383069287476
1501,127.372353444627,41.5264493227708,SSP245,2030,0.00103067187415484
1502,127.895481934282,41.4968124141756,SSP245,2030,0.00131625323455598
1515,75.1271582199641,40.3521889033288,SSP245,2030,0.00211334977265365
1516,75.8227459082286,40.3569746511942,SSP245,2030,0.00211028635511712
1517,76.9010004417236,40.5382763445894,SSP245,2030,0.00158476235622385
1518,77.7042720763386,40.5751200376639,SSP245,2030,0.0022973943933744
1519,78.6025873604581,40.5751200376639,SSP245,2030,0.00149074087388412
1520,79.5009026445776,40.5751200376639,SSP245,2030,0.00268805190134169
1521,80.3992179286972,40.5751200376639,SSP245,2030,0.00259393022547749
1522,81.2975332128167,40.5751200376639,SSP245,2030,0.00446825362942183
1523,82.1958484969362,40.5751200376639,SSP245,2030,0.00156812607958701
1524,83.0941637810557,40.5751200376639,SSP245,2030,0.00125638100592107
1525,83.9924790651753,40.5751200376639,SSP245,2030,0.00112692051368102
1526,84.8907943492948,40.5751200376639,SSP245,2030,0.001485766586652
1527,85.7891096334143,40.5751200376639,SSP245,2030,0.00133166351142511
1528,86.6874249175338,40.5751200376639,SSP245,2030,0.00249407275763403
1529,87.5857402016533,40.5751200376639,SSP245,2030,0.00136589602853066
1530,88.4840554857729,40.5751200376639,SSP245,2030,0.00114406291253621
1531,89.3823707698924,40.5751200376639,SSP245,2030,0.00115102869170669
1532,90.2806860540119,40.5751200376639,SSP245,2030,0.0021864300299651
1533,91.1790013381314,40.5751200376639,SSP245,2030,0.00413045598020445
1534,92.0773166222509,40.5751200376639,SSP245,2030,0.00145601796426398
1535,92.9756319063705,40.5751200376639,SSP245,2030,0.00354343698859527
1536,93.87394719049,40.5751200376639,SSP245,2030,0.00298881057698808
1537,94.7722624746095,40.5751200376639,SSP245,2030,0.00141785030921837
1538,95.670577758729,40.5751200376639,SSP245,2030,0.00376624317113594
1539,96.5688930428486,40.5751200376639,SSP245,2030,0.00194837369188783
1540,97.4672083269681,40.5751200376639,SSP245,2030,0.0027532417425149
1541,98.3655236110876,40.5751200376639,SSP245,2030,0.00110509385782487
1542,99.2638388952071,40.5751200376639,SSP245,2030,0.00263721609512857
1543,100.162154179327,40.5751200376639,SSP245,2030,0.00115553800975121
1544,101.060469463446,40.5751200376639,SSP245,2030,0.00100888009348654
1545,101.958784747566,40.5751200376639,SSP245,2030,0.000993431567726022
1546,102.857100031685,40.5751200376639,SSP245,2030,0.00132493711681903
1547,103.755415315805,40.5751200376639,SSP245,2030,0.00134620926228424
1548,104.653730599924,40.5751200376639,SSP245,2030,0.00122366908723437
1549,105.552045884044,40.5751200376639,SSP245,2030,0.00158198840181989
1550,106.450361168163,40.5751200376639,SSP245,2030,0.00679945201439769
1551,107.348676452283,40.5751200376639,SSP245,2030,0.0111443128029013
1552,108.246991736402,40.5751200376639,SSP245,2030,0.00350649893242005
1553,109.145307020522,40.5751200376639,SSP245,2030,0.0112260217131702
1554,110.043622304641,40.5751200376639,SSP245,2030,0.0154395383819684
1555,110.941937588761,40.5751200376639,SSP245,2030,0.00684095633353188
1556,111.84025287288,40.5751200376639,SSP245,2030,0.1064536805396
1557,112.738568157,40.5751200376639,SSP245,2030,0.00654063041709074
1558,113.636883441119,40.5751200376639,SSP245,2030,0.0113567658407524
1559,114.535198725239,40.5751200376638,SSP245,2030,0.00711609638205901
1560,115.433514009359,40.5751200376639,SSP245,2030,0.521356612076574
1561,116.331829293478,40.5751200376639,SSP245,2030,0.514925791713455
1562,117.230144577598,40.5751200376639,SSP245,2030,0.314914444604692
1563,118.128459861717,40.5751200376639,SSP245,2030,0.00371901419499188
1564,119.026775145837,40.5751200376639,SSP245,2030,0.00914888702971406
1565,119.925090429956,40.5751200376639,SSP245,2030,0.0126882848819145
1566,120.612123422316,40.684860817085,SSP245,2030,0.00833500526716613
1567,122.026119896069,40.7249288576241,SSP245,2030,
1568,122.625492920489,40.5762521857515,SSP245,2030,0.0115233303923776
1569,123.518351566434,40.5751200376639,SSP245,2030,0.00253827498287029
1570,124.393809583038,40.5932873981844,SSP245,2030,0.0148689401333667
1571,125.202784575777,40.7466398157893,SSP245,2030,0.00175298589597794
1572,125.872694377099,40.9009174161831,SSP245,2030,0.000868149768759707
1586,74.2592843866313,39.8369351596155,SSP245,2030,0.0039326708065438
1587,75.0093738458061,39.8893022926001,SSP245,2030,0.00457868589994204
1588,75.9076415080996,39.8893388920514,SSP245,2030,0.00495847289975604
1589,76.8059567922191,39.8893388920514,SSP245,2030,0.00303785805871248
1590,77.7042720763386,39.8893388920514,SSP245,2030,0.00452991139459302
1591,78.6025873604581,39.8893388920514,SSP245,2030,0.00569198176584917
1592,79.5009026445777,39.8893388920514,SSP245,2030,0.00281436272810021
1593,80.3992179286972,39.8893388920514,SSP245,2030,0.00171401850110731
1594,81.2975332128167,39.8893388920514,SSP245,2030,0.00216302024125536
1595,82.1958484969362,39.8893388920514,SSP245,2030,0.00110304598852018
1596,83.0941637810557,39.8893388920514,SSP245,2030,0.00167156423164605
1597,83.9924790651753,39.8893388920514,SSP245,2030,0.00181869601464379
1598,84.8907943492948,39.8893388920514,SSP245,2030,0.00168045790142113
1599,85.7891096334143,39.8893388920514,SSP245,2030,0.00189669815148397
1600,86.6874249175338,39.8893388920514,SSP245,2030,0.00365203625597088
1601,87.5857402016533,39.8893388920514,SSP245,2030,0.00153026139907597
1602,88.4840554857729,39.8893388920514,SSP245,2030,0.00213739075308961
1603,89.3823707698924,39.8893388920514,SSP245,2030,0.00140805589182291
1604,90.2806860540119,39.8893388920514,SSP245,2030,0.00242955645631993
1605,91.1790013381314,39.8893388920514,SSP245,2030,0.00215777298617725
1606,92.077316622251,39.8893388920514,SSP245,2030,0.0017189722773423
1607,92.9756319063705,39.8893388920514,SSP245,2030,0.00385833160435045
1608,93.87394719049,39.8893388920514,SSP245,2030,0.00712881091368534
1609,94.7722624746095,39.8893388920514,SSP245,2030,0.0190757914600314
1610,95.670577758729,39.8893388920514,SSP245,2030,0.0050574678679749
1611,96.5688930428485,39.8893388920514,SSP245,2030,0.00208250637267826
1612,97.4672083269681,39.8893388920514,SSP245,2030,0.00309121128591561
1613,98.3655236110876,39.8893388920514,SSP245,2030,0.00739359950366048
1614,99.2638388952071,39.8893388920514,SSP245,2030,0.00375519316407769
1615,100.162154179327,39.8893388920514,SSP245,2030,0.001784497046595
1616,101.060469463446,39.8893388920514,SSP245,2030,0.00154741978147976
1617,101.958784747566,39.8893388920514,SSP245,2030,0.00136862707219854
1618,102.857100031685,39.8893388920514,SSP245,2030,0.00166066199177173
1619,103.755415315805,39.8893388920514,SSP245,2030,0.0016544467970856
1620,104.653730599924,39.8893388920514,SSP245,2030,0.0032714696081263
1621,105.552045884044,39.8893388920514,SSP245,2030,0.00185218427053113
1622,106.450361168163,39.8893388920514,SSP245,2030,0.0218339081934885
1623,107.348676452283,39.8893388920514,SSP245,2030,0.00239638533361408
1624,108.246991736402,39.8893388920514,SSP245,2030,0.00210176289765252
1625,109.145307020522,39.8893388920514,SSP245,2030,0.00342995784458544
1626,110.043622304641,39.8893388920514,SSP245,2030,0.00776874837947017
1627,110.941937588761,39.8893388920514,SSP245,2030,0.00417018832519489
1628,111.84025287288,39.8893388920514,SSP245,2030,0.00192584534477636
1629,112.738568157,39.8893388920514,SSP245,2030,0.0190004440384384
1630,113.636883441119,39.8893388920514,SSP245,2030,0.0438832700294722
1631,114.535198725239,39.8893388920514,SSP245,2030,0.00876668098487354
1632,115.433514009358,39.8893388920514,SSP245,2030,0.347195418080551
1633,116.331829293478,39.8893388920515,SSP245,2030,0.99853900390907
1634,117.230144577598,39.8893388920514,SSP245,2030,0.241743192174202
1635,118.128459861717,39.8893388920514,SSP245,2030,0.0182417026931276
1636,119.000638569385,39.9070696693149,SSP245,2030,0.0248480202630818
1637,119.780247113583,40.1004167779105,SSP245,2030,0.0980558312491564
1639,121.854415223062,39.8013716911971,SSP245,2030,0.0109464556857289
1640,122.604872547557,39.9030267522865,SSP245,2030,0.00863972381916522
1641,123.487156775072,40.0086656775236,SSP245,2030,0.00591430230288703
1642,124.150922411075,40.0667953665598,SSP245,2030,0.0112039884666394
1657,73.6141100326944,39.3423035398834,SSP245,2030,0.00159011188746605
1658,74.147814595318,39.1994595351786,SSP245,2030,0.00331386138717771
1659,75.00932622398,39.1966282239535,SSP245,2030,0.0103993052842662
1660,75.9076415080996,39.1966282239535,SSP245,2030,0.0375752427278632
1661,76.8059567922191,39.1966282239535,SSP245,2030,0.00252016274114641
1662,77.7042720763386,39.1966282239535,SSP245,2030,0.00643107376039931
1663,78.6025873604581,39.1966282239535,SSP245,2030,0.00162433633373671
1664,79.5009026445776,39.1966282239535,SSP245,2030,0.00134352067612764
1665,80.3992179286972,39.1966282239535,SSP245,2030,0.00127570244112907
1666,81.2975332128167,39.1966282239535,SSP245,2030,0.00286292778058395
1667,82.1958484969362,39.1966282239535,SSP245,2030,0.00128155344363023
1668,83.0941637810558,39.1966282239535,SSP245,2030,0.00148410665497711
1669,83.9924790651753,39.1966282239535,SSP245,2030,0.00386234609010583
1670,84.8907943492948,39.1966282239535,SSP245,2030,0.00251897835447368
1671,85.7891096334143,39.1966282239535,SSP245,2030,0.00207432109178285
1672,86.6874249175338,39.1966282239535,SSP245,2030,0.00324696681987446
1673,87.5857402016533,39.1966282239535,SSP245,2030,0.0024526042913996
1674,88.4840554857729,39.1966282239535,SSP245,2030,0.00603336371077756
1675,89.3823707698924,39.1966282239535,SSP245,2030,0.00326532752032893
1676,90.2806860540119,39.1966282239535,SSP245,2030,0.00620788572059783
1677,91.1790013381314,39.1966282239535,SSP245,2030,0.00512656132945344
1678,92.077316622251,39.1966282239535,SSP245,2030,0.00541040615686217
1679,92.9756319063705,39.1966282239535,SSP245,2030,0.00508917184320967
1680,93.87394719049,39.1966282239535,SSP245,2030,0.0133247538868237
1681,94.7722624746095,39.1966282239535,SSP245,2030,0.00449698432305445
1682,95.670577758729,39.1966282239535,SSP245,2030,0.00241937860278696
1683,96.5688930428485,39.1966282239535,SSP245,2030,0.00289872738289643
1684,97.4672083269681,39.1966282239535,SSP245,2030,0.00374868579040044
1685,98.3655236110876,39.1966282239535,SSP245,2030,0.00717055468631844
1686,99.2638388952071,39.1966282239535,SSP245,2030,0.00691667035075005
1687,100.162154179327,39.1966282239535,SSP245,2030,0.0280407221779829
1688,101.060469463446,39.1966282239535,SSP245,2030,0.00322456231097523
1689,101.958784747566,39.1966282239535,SSP245,2030,0.00266788326702183
1690,102.857100031685,39.1966282239535,SSP245,2030,0.00179033292054509
1691,103.755415315805,39.1966282239535,SSP245,2030,0.00152920779135068
1692,104.653730599924,39.1966282239535,SSP245,2030,0.00309841745852857
1693,105.552045884044,39.1966282239535,SSP245,2030,0.0339411626607694
1694,106.450361168163,39.1966282239535,SSP245,2030,0.016615396838635
1695,107.348676452283,39.1966282239535,SSP245,2030,0.00541381987791401
1696,108.246991736402,39.1966282239535,SSP245,2030,0.00247274722882074
1697,109.145307020522,39.1966282239535,SSP245,2030,0.00168228279922467
1698,110.043622304641,39.1966282239535,SSP245,2030,0.00766255850385755
1699,110.941937588761,39.1966282239535,SSP245,2030,0.00429102323619002
1700,111.84025287288,39.1966282239535,SSP245,2030,0.00469882915639142
1701,112.738568157,39.1966282239535,SSP245,2030,0.00738426100509226
1702,113.63688344112,39.1966282239535,SSP245,2030,0.0136364205567608
1703,114.535198725239,39.1966282239535,SSP245,2030,0.00941172926133282
1704,115.433514009359,39.1966282239535,SSP245,2030,0.0185628368977787
1705,116.331829293478,39.1966282239535,SSP245,2030,0.0480283751561449
1706,117.228110076583,39.1981868654922,SSP245,2030,0.617518498644723
1707,118.144855633027,39.3184915352931,SSP245,2030,
1708,118.859705174687,39.3561311640381,SSP245,2030,0.0167344145167173
1710,121.194863599229,39.0069158277496,SSP245,2030,
1711,121.7477690923,39.2514299701734,SSP245,2030,
1712,122.407887035842,39.4091472251908,SSP245,2030,
1713,123.138929147052,39.0683825545945,SSP245,2030,
1730,74.1455915283951,38.7408234252086,SSP245,2030,0.0014912672188272
1731,75.0831386667765,38.527938273115,SSP245,2030,0.016807694366988
1732,75.9076415080996,38.4970202888683,SSP245,2030,0.00451228306202767
1733,76.8059567922191,38.4970202888683,SSP245,2030,0.00735925435591267
1734,77.7042720763386,38.4970202888683,SSP245,2030,0.00686458618223684
1735,78.6025873604581,38.4970202888683,SSP245,2030,0.00167947910615585
1736,79.5009026445777,38.4970202888683,SSP245,2030,0.00218077030789021
1737,80.3992179286972,38.4970202888683,SSP245,2030,0.0023495918578974
1738,81.2975332128167,38.4970202888683,SSP245,2030,0.00229283091162291
1739,82.1958484969362,38.4970202888683,SSP245,2030,0.00216056228208783
1740,83.0941637810557,38.4970202888683,SSP245,2030,0.0019433744976286
1741,83.9924790651753,38.4970202888683,SSP245,2030,0.00149088982964851
1742,84.8907943492948,38.4970202888683,SSP245,2030,0.0022671320949893
1743,85.7891096334143,38.4970202888683,SSP245,2030,0.00579736210879822
1744,86.6874249175338,38.4970202888683,SSP245,2030,0.00242512355145896
1745,87.5857402016533,38.4970202888683,SSP245,2030,0.00249549178127384
1746,88.4840554857729,38.4970202888683,SSP245,2030,0.00397395548572921
1747,89.3823707698924,38.4970202888683,SSP245,2030,0.0025158702597754
1748,90.2806860540119,38.4970202888683,SSP245,2030,0.00793165939405216
1749,91.1790013381314,38.4970202888683,SSP245,2030,0.0109581460053574
1750,92.077316622251,38.4970202888683,SSP245,2030,0.00806881523714709
1751,92.9756319063705,38.4970202888683,SSP245,2030,0.00597045443872735
1752,93.87394719049,38.4970202888683,SSP245,2030,0.00528678634466118
1753,94.7722624746095,38.4970202888683,SSP245,2030,0.00507671565903778
1754,95.670577758729,38.4970202888683,SSP245,2030,0.00443813800967741
1755,96.5688930428485,38.4970202888683,SSP245,2030,0.00299205200216479
1756,97.4672083269681,38.4970202888683,SSP245,2030,0.00463738614584541
1757,98.3655236110876,38.4970202888683,SSP245,2030,0.0117591897062761
1758,99.2638388952071,38.4970202888683,SSP245,2030,0.0167770057161919
1759,100.162154179327,38.4970202888683,SSP245,2030,0.0333881340174835
1760,101.060469463446,38.4970202888683,SSP245,2030,0.0100903862941724
1761,101.958784747566,38.4970202888683,SSP245,2030,0.0106602668467716
1762,102.857100031685,38.4970202888683,SSP245,2030,0.0074174164388412
1763,103.755415315805,38.4970202888683,SSP245,2030,0.0021874888844281
1764,104.653730599924,38.4970202888683,SSP245,2030,0.00438773861805131
1765,105.552045884044,38.4970202888683,SSP245,2030,0.12079353902236
1766,106.450361168163,38.4970202888683,SSP245,2030,0.110458737041532
1767,107.348676452283,38.4970202888683,SSP245,2030,0.0257810163786012
1768,108.246991736402,38.4970202888683,SSP245,2030,0.00159846403808006
1769,109.145307020522,38.4970202888683,SSP245,2030,0.00525185370215875
1770,110.043622304641,38.4970202888683,SSP245,2030,0.00766903101755234
1771,110.941937588761,38.4970202888683,SSP245,2030,0.00212026519042374
1772,111.84025287288,38.4970202888683,SSP245,2030,0.0101931233424831
1773,112.738568157,38.4970202888683,SSP245,2030,0.0128573847506184
1774,113.63688344112,38.4970202888683,SSP245,2030,0.00703523756794844
1775,114.535198725239,38.4970202888683,SSP245,2030,0.024321577167421
1776,115.433514009359,38.4970202888683,SSP245,2030,0.0083472716375621
1777,116.331829293478,38.4970202888683,SSP245,2030,0.00612611292868059
1778,117.196139258734,38.4835575410924,SSP245,2030,0.0969894367591954
1779,117.761311898238,38.221306391133,SSP245,2030,0.00202753070752004
1780,118.736262627272,38.1540804093516,SSP245,2030,0.0018415142679602
1782,121.096646092899,38.6961608297162,SSP245,2030,
1783,121.374439562356,38.8310120491465,SSP245,2030,
1803,75.2102399988028,37.8147391426785,SSP245,2030,0.0178706211638685
1804,75.9076415080996,37.790551756013,SSP245,2030,0.00726068596793095
1805,76.8059567922191,37.790551756013,SSP245,2030,0.00679469986929759
1806,77.7042720763386,37.790551756013,SSP245,2030,0.0121130960897228
1807,78.6025873604581,37.790551756013,SSP245,2030,0.00379095973940524
1808,79.5009026445777,37.790551756013,SSP245,2030,0.00421469020855869
1809,80.3992179286972,37.790551756013,SSP245,2030,0.00449558375775971
1810,81.2975332128167,37.790551756013,SSP245,2030,0.00485816975183995
1811,82.1958484969362,37.790551756013,SSP245,2030,0.0022472586472676
1812,83.0941637810557,37.790551756013,SSP245,2030,0.00167814767154484
1813,83.9924790651753,37.790551756013,SSP245,2030,0.00169696685904974
1814,84.8907943492948,37.790551756013,SSP245,2030,0.00326833090767287
1815,85.7891096334143,37.790551756013,SSP245,2030,0.00383525334463031
1816,86.6874249175338,37.790551756013,SSP245,2030,0.00570466635490119
1817,87.5857402016533,37.790551756013,SSP245,2030,0.00291796613358086
1818,88.4840554857729,37.790551756013,SSP245,2030,0.00404380465956211
1819,89.3823707698924,37.790551756013,SSP245,2030,0.0103424017239637
1820,90.2806860540119,37.790551756013,SSP245,2030,0.0143774743334945
1821,91.1790013381314,37.790551756013,SSP245,2030,0.0137736215443416
1822,92.077316622251,37.790551756013,SSP245,2030,0.00720933810124469
1823,92.9756319063705,37.790551756013,SSP245,2030,0.0119857625878919
1824,93.87394719049,37.790551756013,SSP245,2030,0.0148626362343531
1825,94.7722624746095,37.790551756013,SSP245,2030,0.00715497166295931
1826,95.670577758729,37.790551756013,SSP245,2030,0.0155006248214361
1827,96.5688930428485,37.790551756013,SSP245,2030,0.00490477374012921
1828,97.4672083269681,37.790551756013,SSP245,2030,0.00934055425820568
1829,98.3655236110876,37.790551756013,SSP245,2030,0.00532476372603052
1830,99.2638388952071,37.790551756013,SSP245,2030,0.00488399037446619
1831,100.162154179327,37.790551756013,SSP245,2030,0.0145022875229394
1832,101.060469463446,37.790551756013,SSP245,2030,0.0452774906251449
1833,101.958784747566,37.790551756013,SSP245,2030,0.0195074907274373
1834,102.857100031685,37.790551756013,SSP245,2030,0.0104240796351034
1835,103.755415315805,37.790551756013,SSP245,2030,0.00403480055633432
1836,104.653730599924,37.790551756013,SSP245,2030,0.0136185498406244
1837,105.552045884044,37.790551756013,SSP245,2030,0.0131800503963473
1838,106.450361168163,37.790551756013,SSP245,2030,0.0129502270824338
1839,107.348676452283,37.790551756013,SSP245,2030,0.0110664265839582
1840,108.246991736402,37.790551756013,SSP245,2030,0.00533982776580588
1841,109.145307020522,37.790551756013,SSP245,2030,0.0044478361951682
1842,110.043622304641,37.790551756013,SSP245,2030,0.00252661607399307
1843,110.941937588761,37.790551756013,SSP245,2030,0.00590421179579015
1844,111.84025287288,37.790551756013,SSP245,2030,0.0192137905397614
1845,112.738568157,37.790551756013,SSP245,2030,0.14735331704462
1846,113.636883441119,37.7905517560129,SSP245,2030,0.0150650975846129
1847,114.535198725239,37.790551756013,SSP245,2030,0.176149850915653
1848,115.433514009358,37.790551756013,SSP245,2030,0.012232758062582
1849,116.331829293478,37.790551756013,SSP245,2030,0.00878125756188652
1850,117.230144577598,37.790551756013,SSP245,2030,0.0161310034880116
1851,118.119567463375,37.7571696681828,SSP245,2030,0.0148630035767168
1852,118.811831921606,37.7754752517988,SSP245,2030,0.156472995069806
1853,120.275669528152,37.5419396020678,SSP245,2030,
1854,120.773406251066,37.6038103092886,SSP245,2030,0.00816784670872339
1855,121.656260598116,37.4984798900351,SSP245,2030,
1856,122.198048399983,37.4475999943582,SSP245,2030,
1874,74.5383597066917,37.182238201356,SSP245,2030,0.00235417131906368
1875,75.09449886685,37.1836695308115,SSP245,2030,0.00539114554673348
1876,75.916306373446,37.0868802121126,SSP245,2030,0.00504281813565688
1877,76.8059567922191,37.0772638054809,SSP245,2030,0.00566100538393743
1878,77.7042720763386,37.0772638054809,SSP245,2030,0.0028735071715208
1879,78.6025873604581,37.0772638054809,SSP245,2030,0.00415819962100383
1880,79.5009026445776,37.0772638054809,SSP245,2030,0.0159270821778508
1881,80.3992179286972,37.0772638054809,SSP245,2030,0.0115041113861389
1882,81.2975332128167,37.0772638054809,SSP245,2030,0.00689053441475607
1883,82.1958484969362,37.0772638054809,SSP245,2030,0.00255462648445337
1884,83.0941637810557,37.0772638054809,SSP245,2030,0.00622235084795464
1885,83.9924790651753,37.0772638054809,SSP245,2030,0.00213084363006999
1886,84.8907943492948,37.0772638054809,SSP245,2030,0.00347749665079566
1887,85.7891096334143,37.0772638054809,SSP245,2030,0.00396784699450792
1888,86.6874249175338,37.0772638054809,SSP245,2030,0.00283814964253815
1889,87.5857402016533,37.0772638054809,SSP245,2030,0.00503321983896876
1890,88.4840554857729,37.0772638054809,SSP245,2030,0.00488217519850309
1891,89.3823707698924,37.0772638054809,SSP245,2030,0.0051843823314407
1892,90.2806860540119,37.0772638054809,SSP245,2030,0.0116003116065043
1893,91.1790013381314,37.0772638054809,SSP245,2030,0.00794368834815851
1894,92.077316622251,37.0772638054809,SSP245,2030,0.00661573799979465
1895,92.9756319063705,37.0772638054809,SSP245,2030,0.0115364116439941
1896,93.87394719049,37.0772638054809,SSP245,2030,0.00697006960266233
1897,94.7722624746095,37.0772638054809,SSP245,2030,0.00742418246357579
1898,95.670577758729,37.0772638054809,SSP245,2030,0.00494192226444024
1899,96.5688930428486,37.0772638054809,SSP245,2030,0.0292700927412113
1900,97.4672083269681,37.0772638054809,SSP245,2030,0.0149919560728609
1901,98.3655236110876,37.0772638054809,SSP245,2030,0.0360070127655059
1902,99.2638388952071,37.0772638054809,SSP245,2030,0.0823629779016174
1903,100.162154179327,37.0772638054809,SSP245,2030,0.0785648088691573
1904,101.060469463446,37.0772638054809,SSP245,2030,0.0308145895251247
1905,101.958784747566,37.0772638054809,SSP245,2030,0.0962185885377633
1906,102.857100031685,37.0772638054809,SSP245,2030,0.0444292138098094
1907,103.755415315805,37.0772638054809,SSP245,2030,0.00578674617141539
1908,104.653730599924,37.0772638054809,SSP245,2030,0.00592821065361171
1909,105.552045884044,37.0772638054809,SSP245,2030,0.00407737546120768
1910,106.450361168163,37.0772638054809,SSP245,2030,0.00309510182174788
1911,107.348676452283,37.0772638054809,SSP245,2030,0.00174352333794126
1912,108.246991736402,37.0772638054809,SSP245,2030,0.0153118759707707
1913,109.145307020522,37.0772638054809,SSP245,2030,0.00264805586903072
1914,110.043622304641,37.0772638054809,SSP245,2030,0.00564010305154883
1915,110.941937588761,37.0772638054809,SSP245,2030,0.0036289794210318
1916,111.84025287288,37.0772638054809,SSP245,2030,0.0334677802819445
1917,112.738568157,37.0772638054809,SSP245,2030,0.0483180349604846
1918,113.636883441119,37.0772638054809,SSP245,2030,0.010228173734778
1919,114.535198725239,37.0772638054809,SSP245,2030,0.0274149821706523
1920,115.433514009359,37.0772638054809,SSP245,2030,0.00643651099567089
1921,116.331829293478,37.0772638054809,SSP245,2030,0.0098184738406587
1922,117.230144577598,37.0772638054809,SSP245,2030,0.0574260790935709
1923,118.128459861717,37.0772638054809,SSP245,2030,0.0504583384089066
1924,118.965149080216,37.0064569511871,SSP245,2030,0.062129043077623
1925,119.980692553906,37.0290900784476,SSP245,2030,0.0133779919216487
1926,120.823405714076,37.0772638054809,SSP245,2030,0.0228509445389676
1927,121.688522248746,37.132552678032,SSP245,2030,0.014568164916981
1928,122.3472028895,37.1393174513548,SSP245,2030,0.0298345701849254
1948,76.1682950065795,36.3725667307127,SSP245,2030,0.00275775809426138
1949,76.8059567922191,36.3572022215529,SSP245,2030,0.00290094316764011
1950,77.7042720763386,36.3572022215529,SSP245,2030,0.0032825429115787
1951,78.6025873604581,36.3572022215529,SSP245,2030,0.00320178954322048
1952,79.5009026445776,36.3572022215529,SSP245,2030,0.00367912757146194
1953,80.3992179286972,36.3572022215529,SSP245,2030,0.00491016698321312
1954,81.2975332128167,36.3572022215529,SSP245,2030,0.00855234759375811
1955,82.1958484969362,36.3572022215529,SSP245,2030,0.00608363499977016
1956,83.0941637810557,36.3572022215529,SSP245,2030,0.00210812736977073
1957,83.9924790651753,36.3572022215529,SSP245,2030,0.00550389178834643
1958,84.8907943492948,36.3572022215529,SSP245,2030,0.00307330032165953
1959,85.7891096334143,36.3572022215529,SSP245,2030,0.00221221702132624
1960,86.6874249175338,36.3572022215529,SSP245,2030,0.00390563246227804
1961,87.5857402016533,36.3572022215529,SSP245,2030,0.00345515843536048
1962,88.4840554857729,36.3572022215529,SSP245,2030,0.00362008794317448
1963,89.3823707698924,36.3572022215529,SSP245,2030,0.011714882388246
1964,90.2806860540119,36.3572022215529,SSP245,2030,0.0128055897073266
1965,91.1790013381314,36.3572022215529,SSP245,2030,0.00749685758162277
1966,92.077316622251,36.3572022215529,SSP245,2030,0.00645440415957577
1967,92.9756319063705,36.3572022215529,SSP245,2030,0.00962087279094748
1968,93.87394719049,36.3572022215529,SSP245,2030,0.0095805892587173
1969,94.7722624746095,36.3572022215529,SSP245,2030,0.0270847451921862
1970,95.670577758729,36.3572022215529,SSP245,2030,0.00860638612927445
1971,96.5688930428486,36.3572022215529,SSP245,2030,0.00500835115652021
1972,97.4672083269681,36.3572022215529,SSP245,2030,0.00835877422457543
1973,98.3655236110876,36.3572022215529,SSP245,2030,0.0319593793190871
1974,99.2638388952071,36.3572022215529,SSP245,2030,0.0236921612083365
1975,100.162154179327,36.3572022215529,SSP245,2030,0.0399866271247606
1976,101.060469463446,36.3572022215529,SSP245,2030,0.0647144843982509
1977,101.958784747566,36.3572022215529,SSP245,2030,0.0914424533864478
1978,102.857100031685,36.3572022215529,SSP245,2030,0.0126737756763299
1979,103.755415315805,36.3572022215529,SSP245,2030,0.0975132572158276
1980,104.653730599924,36.3572022215529,SSP245,2030,0.00332407592902784
1981,105.552045884044,36.3572022215529,SSP245,2030,0.00554492614753677
1982,106.450361168163,36.3572022215529,SSP245,2030,0.00783656374334651
1983,107.348676452283,36.3572022215529,SSP245,2030,0.00480280942860434
1984,108.246991736402,36.3572022215529,SSP245,2030,0.0130457556669342
1985,109.145307020522,36.3572022215529,SSP245,2030,0.0268008598385089
1986,110.043622304641,36.3572022215529,SSP245,2030,0.0152604329602616
1987,110.941937588761,36.3572022215529,SSP245,2030,0.00429466497021791
1988,111.84025287288,36.3572022215529,SSP245,2030,0.0509295126270911
1989,112.738568157,36.3572022215529,SSP245,2030,0.0388478771103202
1990,113.63688344112,36.3572022215529,SSP245,2030,0.0256434284807325
1991,114.535198725239,36.3572022215529,SSP245,2030,0.0400615301742278
1992,115.433514009359,36.357202221553,SSP245,2030,0.0050693338698995
1993,116.331829293478,36.3572022215529,SSP245,2030,0.02304007129904
1994,117.230144577598,36.3572022215529,SSP245,2030,0.14744174656887
1995,118.128459861717,36.3572022215529,SSP245,2030,0.0216981028779956
1996,119.026775145837,36.3572022215529,SSP245,2030,0.0567753912405405
1997,119.904223353102,36.375017714134,SSP245,2030,0.188541017213954
1998,120.634986151713,36.4644828997828,SSP245,2030,0.1920696083621
1999,121.346122541522,36.7061750168915,SSP245,2030,
2020,76.2441451848537,35.9175050300443,SSP245,2030,0.00284785833268386
2021,76.9100707783439,35.827204814307,SSP245,2030,0.00295019052791345
2022,77.7261771263695,35.7324022219012,SSP245,2030,0.00327611331645861
2023,78.6025873604581,35.6304174817484,SSP245,2030,0.00244480974164807
2024,79.5009026445776,35.6304174817484,SSP245,2030,0.0025992413767999
2025,80.3992179286972,35.6304174817484,SSP245,2030,0.00351440404776182
2026,81.2975332128167,35.6304174817484,SSP245,2030,0.00475701878858348
2027,82.1958484969362,35.6304174817484,SSP245,2030,0.00266447203787457
2028,83.0941637810557,35.6304174817484,SSP245,2030,0.00521932699002792
2029,83.9924790651753,35.6304174817484,SSP245,2030,0.0048790583854309
2030,84.8907943492948,35.6304174817484,SSP245,2030,0.00220206262084621
2031,85.7891096334143,35.6304174817484,SSP245,2030,0.00250883783147848
2032,86.6874249175338,35.6304174817484,SSP245,2030,0.00356635025002861
2033,87.5857402016533,35.6304174817484,SSP245,2030,0.00596727203419978
2034,88.4840554857729,35.6304174817484,SSP245,2030,0.0047396573560764
2035,89.3823707698924,35.6304174817484,SSP245,2030,0.00920029681516921
2036,90.2806860540119,35.6304174817484,SSP245,2030,0.00423452503949673
2037,91.1790013381314,35.6304174817484,SSP245,2030,0.00600113202950436
2038,92.077316622251,35.6304174817484,SSP245,2030,0.0091981206607632
2039,92.9756319063705,35.6304174817484,SSP245,2030,0.0212632741048175
2040,93.87394719049,35.6304174817484,SSP245,2030,0.0258543808150266
2041,94.7722624746095,35.6304174817484,SSP245,2030,0.0226536682844098
2042,95.670577758729,35.6304174817484,SSP245,2030,0.0045329487154322
2043,96.5688930428485,35.6304174817484,SSP245,2030,0.00413213113299527
2044,97.4672083269681,35.6304174817484,SSP245,2030,0.0101347633178736
2045,98.3655236110876,35.6304174817484,SSP245,2030,0.0265245638613442
2046,99.2638388952071,35.6304174817484,SSP245,2030,0.0361213680792798
2047,100.162154179327,35.6304174817484,SSP245,2030,0.0229290258938437
2048,101.060469463446,35.6304174817484,SSP245,2030,0.0102605384558059
2049,101.958784747566,35.6304174817484,SSP245,2030,0.0138061121675248
2050,102.857100031685,35.6304174817484,SSP245,2030,0.0220436273574263
2051,103.755415315805,35.6304174817484,SSP245,2030,0.127605431905095
2052,104.653730599924,35.6304174817484,SSP245,2030,0.0205481243519708
2053,105.552045884044,35.6304174817484,SSP245,2030,0.00238449394526452
2054,106.450361168163,35.6304174817484,SSP245,2030,0.0451652314529201
2055,107.348676452283,35.6304174817484,SSP245,2030,0.022622102209252
2056,108.246991736402,35.6304174817484,SSP245,2030,0.0649028395023573
2057,109.145307020522,35.6304174817484,SSP245,2030,0.003953387360077
2058,110.043622304641,35.6304174817484,SSP245,2030,0.00423153708041202
2059,110.941937588761,35.6304174817484,SSP245,2030,0.0137697186944306
2060,111.84025287288,35.6304174817484,SSP245,2030,0.0189093988397118
2061,112.738568157,35.6304174817484,SSP245,2030,0.0716982168295083
2062,113.636883441119,35.6304174817484,SSP245,2030,0.0182992562512351
2063,114.535198725239,35.6304174817484,SSP245,2030,0.0575052599484867
2064,115.433514009359,35.6304174817485,SSP245,2030,0.00568645522152933
2065,116.331829293478,35.6304174817484,SSP245,2030,0.0253242629597023
2066,117.230144577598,35.6304174817484,SSP245,2030,0.0475266690194209
2067,118.128459861717,35.6304174817484,SSP245,2030,0.0503162182172885
2068,119.025928273074,35.6311170409294,SSP245,2030,0.0780858157801778
2069,119.73502507067,35.7726726436646,SSP245,2030,0.181909253273429
2094,78.1112076251138,35.2114043263818,SSP245,2030,0.00301120499276797
2095,78.6403388427137,34.9233891274439,SSP245,2030,0.00204615900104588
2096,79.5009026445777,34.896964841197,SSP245,2030,0.00212332847954166
2097,80.3992179286972,34.896964841197,SSP245,2030,0.00235700524557558
2098,81.2975332128167,34.896964841197,SSP245,2030,0.00196906564052668
2099,82.1958484969362,34.896964841197,SSP245,2030,0.00408665332711888
2100,83.0941637810557,34.896964841197,SSP245,2030,0.0031584331442942
2101,83.9924790651753,34.896964841197,SSP245,2030,0.00363128655937051
2102,84.8907943492948,34.896964841197,SSP245,2030,0.00301860847887536
2103,85.7891096334143,34.896964841197,SSP245,2030,0.00217373775022156
2104,86.6874249175338,34.896964841197,SSP245,2030,0.00366674885802532
2105,87.5857402016533,34.896964841197,SSP245,2030,0.004011534268336
2106,88.4840554857729,34.896964841197,SSP245,2030,0.00366272326245543
2107,89.3823707698924,34.896964841197,SSP245,2030,0.00342114380260994
2108,90.2806860540119,34.896964841197,SSP245,2030,0.00502171696192777
2109,91.1790013381314,34.896964841197,SSP245,2030,0.00599270148485676
2110,92.077316622251,34.896964841197,SSP245,2030,0.0111175764209644
2111,92.9756319063705,34.896964841197,SSP245,2030,0.00450611923634614
2112,93.87394719049,34.896964841197,SSP245,2030,0.0146595602906549
2113,94.7722624746095,34.896964841197,SSP245,2030,0.0141520290859012
2114,95.670577758729,34.896964841197,SSP245,2030,0.00836864730004383
2115,96.5688930428486,34.896964841197,SSP245,2030,0.00433269294712213
2116,97.4672083269681,34.896964841197,SSP245,2030,0.00439594777923136
2117,98.3655236110876,34.896964841197,SSP245,2030,0.0253905170588648
2118,99.2638388952071,34.896964841197,SSP245,2030,0.00946711577415471
2119,100.162154179327,34.896964841197,SSP245,2030,0.00512861089913708
2120,101.060469463446,34.896964841197,SSP245,2030,0.00826028367360065
2121,101.958784747566,34.896964841197,SSP245,2030,0.00649907928296156
2122,102.857100031685,34.896964841197,SSP245,2030,0.0307119013574019
2123,103.755415315805,34.896964841197,SSP245,2030,0.0481339390862711
2124,104.653730599924,34.896964841197,SSP245,2030,0.00520749652422381
2125,105.552045884044,34.896964841197,SSP245,2030,0.0128705274564643
2126,106.450361168163,34.896964841197,SSP245,2030,0.00939577637409061
2127,107.348676452283,34.896964841197,SSP245,2030,0.00387372486903193
2128,108.246991736402,34.896964841197,SSP245,2030,0.00642399054455423
2129,109.145307020522,34.896964841197,SSP245,2030,0.0230194827344039
2130,110.043622304641,34.896964841197,SSP245,2030,0.0231827729030086
2131,110.941937588761,34.896964841197,SSP245,2030,0.136917697434435
2132,111.84025287288,34.896964841197,SSP245,2030,0.0142464183398905
2133,112.738568157,34.896964841197,SSP245,2030,0.122663198897937
2134,113.636883441119,34.896964841197,SSP245,2030,0.302145842539011
2135,114.535198725239,34.8969648411969,SSP245,2030,0.0662105776028884
2136,115.433514009359,34.896964841197,SSP245,2030,0.0120163219969052
2137,116.331829293478,34.8969648411969,SSP245,2030,0.0162021789245815
2138,117.230144577598,34.896964841197,SSP245,2030,0.0334423302318814
2139,118.128459861717,34.896964841197,SSP245,2030,0.0198894022985319
2140,118.960405580646,34.8858763711916,SSP245,2030,0.0856749840095139
2167,78.9220448563581,34.1045227382353,SSP245,2030,0.00202622242928974
2168,79.5009026445776,34.1569044119049,SSP245,2030,0.00229613689478314
2169,80.3992179286972,34.1569044119048,SSP245,2030,0.00191047171819048
2170,81.2975332128167,34.1569044119048,SSP245,2030,0.00455041935689715
2171,82.1958484969362,34.1569044119048,SSP245,2030,0.00453493492128165
2172,83.0941637810557,34.1569044119048,SSP245,2030,0.0059117008695847
2173,83.9924790651753,34.1569044119048,SSP245,2030,0.00570013809113423
2174,84.8907943492948,34.1569044119048,SSP245,2030,0.00482372824431265
2175,85.7891096334143,34.1569044119048,SSP245,2030,0.00256184246158808
2176,86.6874249175338,34.1569044119048,SSP245,2030,0.0036469520149367
2177,87.5857402016533,34.1569044119048,SSP245,2030,0.00427981340707073
2178,88.4840554857729,34.1569044119048,SSP245,2030,0.00305851624668996
2179,89.3823707698924,34.1569044119048,SSP245,2030,0.00395235715186204
2180,90.2806860540119,34.1569044119048,SSP245,2030,0.00426348288860989
2181,91.1790013381314,34.1569044119048,SSP245,2030,0.00688409090626341
2182,92.077316622251,34.1569044119048,SSP245,2030,0.0103926222283195
2183,92.9756319063705,34.1569044119048,SSP245,2030,0.00470735452051552
2184,93.87394719049,34.1569044119048,SSP245,2030,0.00510487317027175
2185,94.7722624746095,34.1569044119048,SSP245,2030,0.00498138683778171
2186,95.670577758729,34.1569044119048,SSP245,2030,0.0187159811449499
2187,96.5688930428485,34.1569044119048,SSP245,2030,0.00558131160846609
2188,97.4672083269681,34.1569044119049,SSP245,2030,0.00990625262595235
2189,98.3655236110876,34.1569044119048,SSP245,2030,0.00617300670377574
2190,99.2638388952071,34.1569044119048,SSP245,2030,0.00487769157553508
2191,100.162154179327,34.1569044119048,SSP245,2030,0.00857244881339792
2192,101.060469463446,34.1569044119048,SSP245,2030,0.0056276745320708
2193,101.958784747566,34.1569044119048,SSP245,2030,0.0314182331189657
2194,102.857100031685,34.1569044119048,SSP245,2030,0.0751379180182515
2195,103.755415315805,34.1569044119048,SSP245,2030,0.0102510859596746
2196,104.653730599924,34.1569044119048,SSP245,2030,0.0134860439856767
2197,105.552045884044,34.1569044119048,SSP245,2030,0.0280714554220993
2198,106.450361168163,34.1569044119048,SSP245,2030,0.0148116780931252
2199,107.348676452283,34.1569044119048,SSP245,2030,0.0167102294474164
2200,108.246991736402,34.1569044119048,SSP245,2030,0.0866979508629886
2201,109.145307020522,34.1569044119048,SSP245,2030,0.140713823863424
2202,110.043622304641,34.1569044119048,SSP245,2030,0.0175994042905128
2203,110.941937588761,34.1569044119048,SSP245,2030,0.039640402301253
2204,111.84025287288,34.1569044119048,SSP245,2030,0.0679427499722199
2205,112.738568157,34.1569044119048,SSP245,2030,0.063961802322744
2206,113.636883441119,34.1569044119048,SSP245,2030,0.0290444835244285
2207,114.535198725239,34.1569044119048,SSP245,2030,0.00668760509121313
2208,115.433514009359,34.1569044119048,SSP245,2030,0.0156771547928426
2209,116.331829293478,34.1569044119048,SSP245,2030,0.0218988718765881
2210,117.230144577598,34.1569044119049,SSP245,2030,0.155740512796429
2211,118.128459861717,34.1569044119048,SSP245,2030,0.0162246455847903
2212,119.026775145837,34.1569044119048,SSP245,2030,0.0183997765007489
2213,119.882857408409,34.1106117558621,SSP245,2030,0.0107835391982714
2214,120.409908475428,33.8702854675797,SSP245,2030,
2239,78.9286670562435,33.6056066422668,SSP245,2030,0.00211895104817295
2240,79.5159394618932,33.4204008418773,SSP245,2030,0.00422135188038986
2241,80.3992179286972,33.4103012364864,SSP245,2030,0.0055052633097501
2242,81.2975332128167,33.4103012364864,SSP245,2030,0.00477672001592289
2243,82.1958484969362,33.4103012364864,SSP245,2030,0.0038895928478101
2244,83.0941637810557,33.4103012364864,SSP245,2030,0.00484189277199221
2245,83.9924790651753,33.4103012364864,SSP245,2030,0.00433644995008731
2246,84.8907943492948,33.4103012364864,SSP245,2030,0.00320858548926373
2247,85.7891096334143,33.4103012364864,SSP245,2030,0.00420316361104589
2248,86.6874249175338,33.4103012364864,SSP245,2030,0.00579836285214364
2249,87.5857402016533,33.4103012364864,SSP245,2030,0.00462137776426097
2250,88.4840554857729,33.4103012364864,SSP245,2030,0.00498171257685265
2251,89.3823707698924,33.4103012364864,SSP245,2030,0.00530900875997609
2252,90.2806860540119,33.4103012364864,SSP245,2030,0.00541421108082218
2253,91.1790013381314,33.4103012364864,SSP245,2030,0.00693916599896283
2254,92.077316622251,33.4103012364864,SSP245,2030,0.00764161252507423
2255,92.9756319063705,33.4103012364864,SSP245,2030,0.00726684493126473
2256,93.87394719049,33.4103012364864,SSP245,2030,0.00402129391592299
2257,94.7722624746095,33.4103012364864,SSP245,2030,0.00696493258716735
2258,95.670577758729,33.4103012364864,SSP245,2030,0.00851693252417918
2259,96.5688930428486,33.4103012364864,SSP245,2030,0.0233645773804366
2260,97.4672083269681,33.4103012364864,SSP245,2030,0.0230564608527961
2261,98.3655236110876,33.4103012364864,SSP245,2030,0.00992686481990934
2262,99.2638388952071,33.4103012364864,SSP245,2030,0.00482924642998039
2263,100.162154179327,33.4103012364864,SSP245,2030,0.00569797706390018
2264,101.060469463446,33.4103012364864,SSP245,2030,0.013922481456535
2265,101.958784747566,33.4103012364864,SSP245,2030,0.0154360801447055
2266,102.857100031685,33.4103012364864,SSP245,2030,0.0583127975760019
2267,103.755415315805,33.4103012364864,SSP245,2030,0.0500501752857876
2268,104.653730599924,33.4103012364864,SSP245,2030,0.0113579274726904
2269,105.552045884044,33.4103012364864,SSP245,2030,0.00701885287993731
2270,106.450361168163,33.4103012364864,SSP245,2030,0.018787560662151
2271,107.348676452283,33.4103012364864,SSP245,2030,0.121059280506897
2272,108.246991736402,33.4103012364864,SSP245,2030,0.0415631852866475
2273,109.145307020522,33.4103012364864,SSP245,2030,0.0121621996270298
2274,110.043622304641,33.4103012364864,SSP245,2030,0.00506252898322679
2275,110.941937588761,33.4103012364864,SSP245,2030,0.00866857972018842
2276,111.84025287288,33.4103012364864,SSP245,2030,0.0350813593662758
2277,112.738568157,33.4103012364864,SSP245,2030,0.0183509936334357
2278,113.636883441119,33.4103012364864,SSP245,2030,0.0309639288005069
2279,114.535198725239,33.4103012364864,SSP245,2030,0.0126394826355242
2280,115.433514009358,33.4103012364864,SSP245,2030,0.00786236566923149
2281,116.331829293478,33.4103012364864,SSP245,2030,0.011960227364762
2282,117.230144577598,33.4103012364864,SSP245,2030,0.0124832986519431
2283,118.128459861717,33.4103012364864,SSP245,2030,0.0163467465233726
2284,119.026775145837,33.4103012364864,SSP245,2030,0.0973662423033208
2285,119.925090429956,33.4103012364864,SSP245,2030,0.0468713333656171
2286,120.514169036521,33.3339283464613,SSP245,2030,
2311,78.7118206954573,32.445517343661,SSP245,2030,0.00286468036200749
2312,79.5804942430139,32.6409765745574,SSP245,2030,0.003395269397653
2313,80.3992179286972,32.6572253559297,SSP245,2030,0.00747891970910541
2314,81.2975332128167,32.6572253559297,SSP245,2030,0.00435089855026749
2315,82.1958484969362,32.6572253559297,SSP245,2030,0.00404177124595884
2316,83.0941637810557,32.6572253559297,SSP245,2030,0.0037156993359061
2317,83.9924790651753,32.6572253559297,SSP245,2030,0.00371944375433264
2318,84.8907943492948,32.6572253559297,SSP245,2030,0.00458111470981204
2319,85.7891096334143,32.6572253559297,SSP245,2030,0.00478091581312523
2320,86.6874249175338,32.6572253559297,SSP245,2030,0.00435572336009382
2321,87.5857402016533,32.6572253559297,SSP245,2030,0.0051820357872866
2322,88.4840554857729,32.6572253559297,SSP245,2030,0.00426150139376391
2323,89.3823707698924,32.6572253559297,SSP245,2030,0.00575160746371906
2324,90.2806860540119,32.6572253559297,SSP245,2030,0.007497813781847
2325,91.1790013381314,32.6572253559297,SSP245,2030,0.00494463883315899
2326,92.077316622251,32.6572253559297,SSP245,2030,0.00697815288586168
2327,92.9756319063705,32.6572253559297,SSP245,2030,0.0116560454423738
2328,93.87394719049,32.6572253559297,SSP245,2030,0.00628444361402702
2329,94.7722624746095,32.6572253559297,SSP245,2030,0.00800553742817833
2330,95.670577758729,32.6572253559297,SSP245,2030,0.0179919852864552
2331,96.5688930428486,32.6572253559297,SSP245,2030,0.0576728716807798
2332,97.4672083269681,32.6572253559297,SSP245,2030,0.0443561553937908
2333,98.3655236110876,32.6572253559297,SSP245,2030,0.0119982443007746
2334,99.2638388952071,32.6572253559297,SSP245,2030,0.00506064603649503
2335,100.162154179327,32.6572253559297,SSP245,2030,0.00918499326187128
2336,101.060469463446,32.6572253559297,SSP245,2030,0.0100807722280541
2337,101.958784747566,32.6572253559297,SSP245,2030,0.0173991952822146
2338,102.857100031685,32.6572253559297,SSP245,2030,0.0201892225900103
2339,103.755415315805,32.6572253559297,SSP245,2030,0.0519083729654379
2340,104.653730599924,32.6572253559297,SSP245,2030,0.161051231300286
2341,105.552045884044,32.6572253559297,SSP245,2030,0.0256231798902413
2342,106.450361168163,32.6572253559297,SSP245,2030,0.00955039859860218
2343,107.348676452283,32.6572253559297,SSP245,2030,0.0184856790535621
2344,108.246991736402,32.6572253559297,SSP245,2030,0.00913814985685901
2345,109.145307020522,32.6572253559297,SSP245,2030,0.0107098870124144
2346,110.043622304641,32.6572253559297,SSP245,2030,0.00567154388809754
2347,110.941937588761,32.6572253559297,SSP245,2030,0.0256973308554563
2348,111.84025287288,32.6572253559297,SSP245,2030,0.0174529722851215
2349,112.738568157,32.6572253559297,SSP245,2030,0.0209083215337217
2350,113.636883441119,32.6572253559297,SSP245,2030,0.0126507014247734
2351,114.535198725239,32.6572253559297,SSP245,2030,0.00512763723758136
2352,115.433514009359,32.6572253559297,SSP245,2030,0.0137432736260016
2353,116.331829293478,32.6572253559297,SSP245,2030,0.0208270309460377
2354,117.230144577598,32.6572253559297,SSP245,2030,0.0345209389614621
2355,118.128459861717,32.6572253559297,SSP245,2030,0.0348071380437965
2356,119.026775145837,32.6572253559298,SSP245,2030,0.0723790577339014
2357,119.925090429956,32.6572253559297,SSP245,2030,0.0346331697854804
2358,120.704558764307,32.606414031906,SSP245,2030,0.0417710357730654
2359,121.316815002923,32.3464053235734,SSP245,2030,
2383,78.8602929849942,31.9680059820801,SSP245,2030,0.00406078585197356
2384,79.5009026445776,31.897751870965,SSP245,2030,0.00665021368807073
2385,80.3992179286972,31.897751870965,SSP245,2030,0.00546298603784656
2386,81.2975332128167,31.897751870965,SSP245,2030,0.00430569550143778
2387,82.1958484969362,31.897751870965,SSP245,2030,0.00379943843326491
2388,83.0941637810557,31.897751870965,SSP245,2030,0.00333604874330251
2389,83.9924790651753,31.897751870965,SSP245,2030,0.00336003554630504
2390,84.8907943492948,31.897751870965,SSP245,2030,0.00478290511175772
2391,85.7891096334143,31.897751870965,SSP245,2030,0.00457396149681411
2392,86.6874249175338,31.897751870965,SSP245,2030,0.00516082471494805
2393,87.5857402016533,31.897751870965,SSP245,2030,0.00522028037927014
2394,88.4840554857729,31.897751870965,SSP245,2030,0.00523450498270606
2395,89.3823707698924,31.897751870965,SSP245,2030,0.00697965520643851
2396,90.2806860540119,31.897751870965,SSP245,2030,0.00494963674006477
2397,91.1790013381314,31.897751870965,SSP245,2030,0.00554257079659282
2398,92.0773166222509,31.897751870965,SSP245,2030,0.00576070329479128
2399,92.9756319063705,31.897751870965,SSP245,2030,0.0064376255831442
2400,93.87394719049,31.897751870965,SSP245,2030,0.00926351182825758
2401,94.7722624746095,31.897751870965,SSP245,2030,0.0121214650253347
2402,95.670577758729,31.897751870965,SSP245,2030,0.0153259319289382
2403,96.5688930428486,31.897751870965,SSP245,2030,0.0540363092708597
2404,97.4672083269681,31.897751870965,SSP245,2030,0.0057536777543985
2405,98.3655236110876,31.897751870965,SSP245,2030,0.00520277891313348
2406,99.2638388952071,31.897751870965,SSP245,2030,0.00657771381920769
2407,100.162154179327,31.897751870965,SSP245,2030,0.0117833102307588
2408,101.060469463446,31.897751870965,SSP245,2030,0.00403822184447
2409,101.958784747566,31.897751870965,SSP245,2030,0.025895677438598
2410,102.857100031685,31.897751870965,SSP245,2030,0.0233640020954169
2411,103.755415315805,31.897751870965,SSP245,2030,0.0253260918290503
2412,104.653730599924,31.897751870965,SSP245,2030,0.04116482570998
2413,105.552045884044,31.897751870965,SSP245,2030,0.0197529832463175
2414,106.450361168163,31.897751870965,SSP245,2030,0.0076055917521175
2415,107.348676452283,31.897751870965,SSP245,2030,0.0116497212125324
2416,108.246991736402,31.897751870965,SSP245,2030,0.0095856347570834
2417,109.145307020522,31.897751870965,SSP245,2030,0.00813996709490128
2418,110.043622304641,31.897751870965,SSP245,2030,0.0757868918204642
2419,110.941937588761,31.897751870965,SSP245,2030,0.20367786496641
2420,111.84025287288,31.897751870965,SSP245,2030,0.0413687074387897
2421,112.738568157,31.897751870965,SSP245,2030,0.00868571797083506
2422,113.636883441119,31.897751870965,SSP245,2030,0.0388855949549516
2423,114.535198725239,31.897751870965,SSP245,2030,0.128398006318109
2424,115.433514009358,31.897751870965,SSP245,2030,0.0156683581109859
2425,116.331829293478,31.897751870965,SSP245,2030,0.0297333390040627
2426,117.230144577598,31.897751870965,SSP245,2030,0.244957374157389
2427,118.128459861717,31.897751870965,SSP245,2030,0.13143854773368
2428,119.026775145837,31.897751870965,SSP245,2030,0.591587211549165
2429,119.922395539987,31.8973397755042,SSP245,2030,0.360741710144163
2430,120.812489926211,31.9066116065137,SSP245,2030,0.188401652623658
2431,121.533726301119,31.8495223492286,SSP245,2030,0.0294804341556172
2455,78.9536485416294,31.3916622099499,SSP245,2030,0.00448880997722756
2456,79.5243009845641,31.2642176928874,SSP245,2030,0.00883101066926573
2457,80.4006590749733,31.1331130681935,SSP245,2030,0.00593655211675315
2458,81.2975332128167,31.1319609966062,SSP245,2030,0.00880297231655902
2459,82.1958484969362,31.1319609966062,SSP245,2030,0.00446117341785102
2460,83.0941637810557,31.1319609966062,SSP245,2030,0.00529457068817463
2461,83.9924790651753,31.1319609966062,SSP245,2030,0.00419608412935157
2462,84.8907943492948,31.1319609966062,SSP245,2030,0.00422922726261354
2463,85.7891096334143,31.1319609966062,SSP245,2030,0.00458492087351548
2464,86.6874249175338,31.1319609966062,SSP245,2030,0.00780943620479468
2465,87.5857402016533,31.1319609966062,SSP245,2030,0.00468669229874308
2466,88.4840554857729,31.1319609966062,SSP245,2030,0.00406881507788892
2467,89.3823707698924,31.1319609966062,SSP245,2030,0.00417448912224128
2468,90.2806860540119,31.1319609966062,SSP245,2030,0.00868818256966741
2469,91.1790013381314,31.1319609966062,SSP245,2030,0.016395774247324
2470,92.077316622251,31.1319609966062,SSP245,2030,0.00868617717965348
2471,92.9756319063705,31.1319609966062,SSP245,2030,0.00475738431075667
2472,93.87394719049,31.1319609966062,SSP245,2030,0.00830051196955117
2473,94.7722624746095,31.1319609966062,SSP245,2030,0.0068277180202555
2474,95.670577758729,31.1319609966062,SSP245,2030,0.00986393144863662
2475,96.5688930428486,31.1319609966062,SSP245,2030,0.0121126052082834
2476,97.4672083269681,31.1319609966062,SSP245,2030,0.0060019153999058
2477,98.3655236110876,31.1319609966062,SSP245,2030,0.00570348818974154
2478,99.2638388952071,31.1319609966062,SSP245,2030,0.00656613655748317
2479,100.162154179327,31.1319609966062,SSP245,2030,0.00492579348482569
2480,101.060469463446,31.1319609966062,SSP245,2030,0.00646534733260407
2481,101.958784747566,31.1319609966062,SSP245,2030,0.00752112236035396
2482,102.857100031685,31.1319609966062,SSP245,2030,0.128675428358251
2483,103.755415315805,31.1319609966062,SSP245,2030,0.225800738205672
2484,104.653730599924,31.1319609966062,SSP245,2030,0.146886992008637
2485,105.552045884044,31.1319609966062,SSP245,2030,0.00627771997533899
2486,106.450361168163,31.1319609966062,SSP245,2030,0.0159574417991174
2487,107.348676452283,31.1319609966062,SSP245,2030,0.0192743702706598
2488,108.246991736402,31.1319609966062,SSP245,2030,0.0324715646843445
2489,109.145307020522,31.1319609966062,SSP245,2030,0.017075857128124
2490,110.043622304641,31.1319609966062,SSP245,2030,0.175723481279911
2491,110.941937588761,31.1319609966062,SSP245,2030,0.118086527288791
2492,111.84025287288,31.1319609966062,SSP245,2030,0.0360285308748667
2493,112.738568157,31.1319609966062,SSP245,2030,0.0456822251042269
2494,113.636883441119,31.1319609966062,SSP245,2030,0.0355305337077023
2495,114.535198725239,31.1319609966062,SSP245,2030,0.178602031112786
2496,115.433514009359,31.1319609966062,SSP245,2030,0.0444871545316605
2497,116.331829293478,31.1319609966062,SSP245,2030,0.0359869501754061
2498,117.230144577598,31.1319609966062,SSP245,2030,0.0503338206234579
2499,118.128459861717,31.1319609966062,SSP245,2030,0.0563773509176091
2500,119.026775145836,31.1319609966061,SSP245,2030,0.0882692124200696
2501,119.925090429956,31.1319609966062,SSP245,2030,0.269696699714022
2502,120.823306314776,31.1318771084974,SSP245,2030,0.649194316446156
2503,121.534465366301,31.1003950863884,SSP245,2030,0.523844502052291
2504,122.660193100527,30.8377341745891,SSP245,2030,
2529,80.5290580079123,30.6245470088143,SSP245,2030,0.00641327209306897
2530,81.2600458606445,30.493018136216,SSP245,2030,0.0134981233970396
2531,82.272282138723,30.444751404294,SSP245,2030,0.00557086889856262
2532,83.0941637810557,30.359938109442,SSP245,2030,0.0082441270624305
2533,83.9924790651753,30.359938109442,SSP245,2030,0.00749559844131886
2534,84.8907943492948,30.359938109442,SSP245,2030,0.0035595717739626
2535,85.7891096334143,30.359938109442,SSP245,2030,0.00358150446913563
2536,86.6874249175338,30.359938109442,SSP245,2030,0.00391287327721146
2537,87.5857402016533,30.359938109442,SSP245,2030,0.00465206550093589
2538,88.4840554857729,30.359938109442,SSP245,2030,0.00308303743228611
2539,89.3823707698924,30.359938109442,SSP245,2030,0.0047525149201747
2540,90.2806860540119,30.359938109442,SSP245,2030,0.00663398787774117
2541,91.1790013381314,30.359938109442,SSP245,2030,0.0107854406583731
2542,92.077316622251,30.359938109442,SSP245,2030,0.00710557794798306
2543,92.9756319063705,30.359938109442,SSP245,2030,0.00651624879559565
2544,93.87394719049,30.359938109442,SSP245,2030,0.0178749031302581
2545,94.7722624746095,30.359938109442,SSP245,2030,0.0220730903245037
2546,95.670577758729,30.359938109442,SSP245,2030,0.0107291002157264
2547,96.5688930428485,30.359938109442,SSP245,2030,0.00628016791675101
2548,97.4672083269681,30.359938109442,SSP245,2030,0.00944717569002018
2549,98.3655236110876,30.359938109442,SSP245,2030,0.00520446847111111
2550,99.2638388952071,30.359938109442,SSP245,2030,0.00420734326711136
2551,100.162154179327,30.359938109442,SSP245,2030,0.00701630284496202
2552,101.060469463446,30.359938109442,SSP245,2030,0.0230593491867869
2553,101.958784747566,30.359938109442,SSP245,2030,0.0399525131858072
2554,102.857100031685,30.359938109442,SSP245,2030,0.112507246272035
2555,103.755415315805,30.359938109442,SSP245,2030,0.308124522431318
2556,104.653730599924,30.359938109442,SSP245,2030,0.245392988185241
2557,105.552045884044,30.359938109442,SSP245,2030,0.0178210334102852
2558,106.450361168163,30.359938109442,SSP245,2030,0.0129864330192457
2559,107.348676452283,30.359938109442,SSP245,2030,0.030544207109825
2560,108.246991736402,30.359938109442,SSP245,2030,0.0137683679162024
2561,109.145307020522,30.359938109442,SSP245,2030,0.0328223091759247
2562,110.043622304641,30.359938109442,SSP245,2030,0.0151235083620658
2563,110.941937588761,30.359938109442,SSP245,2030,0.153983103649397
2564,111.84025287288,30.359938109442,SSP245,2030,0.107345112355572
2565,112.738568157,30.359938109442,SSP245,2030,0.0396888435643377
2566,113.636883441119,30.359938109442,SSP245,2030,0.126173329526037
2567,114.535198725239,30.359938109442,SSP245,2030,0.445351657919651
2568,115.433514009359,30.359938109442,SSP245,2030,0.0393080157428803
2569,116.331829293478,30.359938109442,SSP245,2030,0.0325450058483713
2570,117.230144577598,30.359938109442,SSP245,2030,0.0445479935455744
2571,118.128459861717,30.359938109442,SSP245,2030,0.0844040313836755
2572,119.026775145837,30.359938109442,SSP245,2030,0.245717570151089
2573,119.922323669823,30.3605647242723,SSP245,2030,0.642675698074256
2574,120.77452717431,30.3574019611609,SSP245,2030,
2575,121.639401002142,30.1205790517231,SSP245,2030,
2576,122.305678335048,30.2726493835941,SSP245,2030,
2603,82.6280026972768,29.9375101085613,SSP245,2030,0.00574359251998191
2604,83.2042845437638,29.7694639660965,SSP245,2030,0.00856518453794042
2605,83.9991049880704,29.6156110947249,SSP245,2030,0.00893491869392449
2606,84.8907943492948,29.5817737872574,SSP245,2030,0.00624529595011225
2607,85.7891096334143,29.5817737872574,SSP245,2030,0.00833766790395918
2608,86.6874249175338,29.5817737872574,SSP245,2030,0.00461691244275464
2609,87.5857402016533,29.5817737872574,SSP245,2030,0.00548123099436515
2610,88.4840554857729,29.5817737872574,SSP245,2030,0.0212977892613332
2611,89.3823707698924,29.5817737872574,SSP245,2030,0.0181276713780253
2612,90.2806860540119,29.5817737872574,SSP245,2030,0.0159940780097572
2613,91.1790013381314,29.5817737872574,SSP245,2030,0.0943720882353728
2614,92.077316622251,29.5817737872574,SSP245,2030,0.0182820317694238
2615,92.9756319063705,29.5817737872574,SSP245,2030,0.00774669138352835
2616,93.87394719049,29.5817737872574,SSP245,2030,0.0179773862383853
2617,94.7722624746095,29.5817737872574,SSP245,2030,0.0947741659390666
2618,95.670577758729,29.5817737872574,SSP245,2030,0.134648503921814
2619,96.5688930428486,29.5817737872574,SSP245,2030,0.0134361856742861
2620,97.4672083269681,29.5817737872574,SSP245,2030,0.00850499675039396
2621,98.3655236110876,29.5817737872574,SSP245,2030,0.0177269119321777
2622,99.2638388952071,29.5817737872574,SSP245,2030,0.0071166024896322
2623,100.162154179327,29.5817737872574,SSP245,2030,0.00742251410875339
2624,101.060469463446,29.5817737872574,SSP245,2030,0.0127337063349953
2625,101.958784747566,29.5817737872574,SSP245,2030,0.0525834994665113
2626,102.857100031685,29.5817737872574,SSP245,2030,0.358366309356855
2627,103.755415315805,29.5817737872574,SSP245,2030,0.071974198774264
2628,104.653730599924,29.5817737872574,SSP245,2030,0.0504285783229023
2629,105.552045884044,29.5817737872574,SSP245,2030,0.0391340952073204
2630,106.450361168163,29.5817737872574,SSP245,2030,0.479798872826522
2631,107.348676452283,29.5817737872574,SSP245,2030,0.0246586052257513
2632,108.246991736402,29.5817737872574,SSP245,2030,0.0181510057961061
2633,109.145307020522,29.5817737872574,SSP245,2030,0.0179203506762066
2634,110.043622304641,29.5817737872574,SSP245,2030,0.0451283926185012
2635,110.941937588761,29.5817737872574,SSP245,2030,0.108992448610228
2636,111.84025287288,29.5817737872574,SSP245,2030,0.0930766470017428
2637,112.738568157,29.5817737872574,SSP245,2030,0.0877211698690099
2638,113.636883441119,29.5817737872574,SSP245,2030,0.0268010584924753
2639,114.535198725239,29.5817737872574,SSP245,2030,0.0239734928605865
2640,115.433514009359,29.5817737872574,SSP245,2030,0.0676813561412042
2641,116.331829293478,29.5817737872574,SSP245,2030,0.0747753301227283
2642,117.230144577598,29.5817737872574,SSP245,2030,0.0399228615554302
2643,118.128459861717,29.5817737872574,SSP245,2030,0.219535214413921
2644,119.026775145837,29.5817737872574,SSP245,2030,0.0772272704631865
2645,119.925090429956,29.5817737872574,SSP245,2030,0.098808859725611
2646,120.823405714076,29.5817737872574,SSP245,2030,0.11581195102334
2647,121.603046556683,29.5997257634977,SSP245,2030,0.156145198151533
2648,122.281324351433,29.842985990063,SSP245,2030,
2677,84.3429806097434,29.0529250558093,SSP245,2030,0.0127723256206068
2678,84.9441195618522,28.900901289775,SSP245,2030,0.0281476525052952
2679,85.7891096334143,28.7975638405778,SSP245,2030,0.0292040745436357
2680,86.6874249175338,28.7975638405778,SSP245,2030,0.0172743079112775
2681,87.5857402016533,28.7975638405778,SSP245,2030,0.0157101116119311
2682,88.4840554857729,28.7975638405778,SSP245,2030,0.00795593808616402
2683,89.3823707698924,28.7975638405778,SSP245,2030,0.00809776512733818
2684,90.2806860540119,28.7975638405778,SSP245,2030,0.0244848919622123
2685,91.1790013381314,28.7975638405778,SSP245,2030,0.0125905007946411
2686,92.077316622251,28.7975638405778,SSP245,2030,0.0196211633698979
2687,92.9756319063705,28.7975638405778,SSP245,2030,0.0118596709112182
2688,93.87394719049,28.7975638405778,SSP245,2030,0.0123247378303203
2689,94.7722624746095,28.7975638405778,SSP245,2030,0.0106173338358617
2690,95.670577758729,28.7975638405778,SSP245,2030,0.00690795506771835
2691,96.5688930428486,28.7975638405778,SSP245,2030,0.00695852620835591
2692,97.4611744775053,28.8095677415172,SSP245,2030,0.011214736964086
2693,98.3655236110876,28.7975638405778,SSP245,2030,0.0140679948068267
2694,99.2638388952071,28.7975638405778,SSP245,2030,0.0109650965730199
2695,100.162154179327,28.7975638405778,SSP245,2030,0.0226346145817087
2696,101.060469463446,28.7975638405778,SSP245,2030,0.00678339966058161
2697,101.958784747566,28.7975638405778,SSP245,2030,0.0111520958197111
2698,102.857100031685,28.7975638405778,SSP245,2030,0.011081287705602
2699,103.755415315805,28.7975638405778,SSP245,2030,0.0517390892550267
2700,104.653730599924,28.7975638405778,SSP245,2030,0.0343049427819588
2701,105.552045884044,28.7975638405778,SSP245,2030,0.0424753893619545
2702,106.450361168163,28.7975638405778,SSP245,2030,0.0628573589178089
2703,107.348676452283,28.7975638405778,SSP245,2030,0.0440698251099693
2704,108.246991736402,28.7975638405778,SSP245,2030,0.00763331317503857
2705,109.145307020522,28.7975638405778,SSP245,2030,0.0156084791805865
2706,110.043622304641,28.7975638405778,SSP245,2030,0.0400454799369134
2707,110.941937588761,28.7975638405778,SSP245,2030,0.0312668832574285
2708,111.84025287288,28.7975638405778,SSP245,2030,0.0341321918699177
2709,112.738568157,28.7975638405778,SSP245,2030,0.0761280333419233
2710,113.636883441119,28.7975638405778,SSP245,2030,0.0171544001255078
2711,114.535198725239,28.7975638405778,SSP245,2030,0.0286649468666829
2712,115.433514009358,28.7975638405778,SSP245,2030,0.175753871914052
2713,116.331829293478,28.7975638405778,SSP245,2030,0.290111929821588
2714,117.230144577598,28.7975638405778,SSP245,2030,0.00727752377535895
2715,118.128459861717,28.7975638405778,SSP245,2030,0.118068711221394
2716,119.026775145837,28.7975638405778,SSP245,2030,0.160743707807426
2717,119.925090429956,28.7975638405778,SSP245,2030,0.258427194557422
2718,120.823405714076,28.7975638405778,SSP245,2030,0.198716186276963
2719,121.456467798715,28.8198556761205,SSP245,2030,0.0714120946469996
2750,85.2677621739188,28.3795009016026,SSP245,2030,0.0336395714447066
2751,85.951318224197,28.2515882288631,SSP245,2030,0.0319653610689848
2752,86.6908066449762,28.2070518418809,SSP245,2030,0.0168455988451907
2753,87.5750832987249,28.1394880788429,SSP245,2030,0.0216269423415425
2754,88.4791167905161,28.1733948054688,SSP245,2030,0.0126081537327395
2755,89.2531087399051,28.1052975903994,SSP245,2030,0.0162374067074468
2756,90.3407867191068,28.2769646691795,SSP245,2030,0.0123596772494122
2757,91.1929724321617,28.194285906939,SSP245,2030,0.0316409271619632
2758,92.0787371513601,28.0083311071685,SSP245,2030,0.0420124681920741
2759,92.9756319063705,28.0074093357378,SSP245,2030,0.00667064573026588
2760,93.87394719049,28.0074093357378,SSP245,2030,0.00829162945274675
2761,94.7321674667976,28.0614279812259,SSP245,2030,0.0107995236320533
2762,95.5837338655716,28.2753654913653,SSP245,2030,0.00983627924309216
2763,96.6525614962135,28.2130506523232,SSP245,2030,0.00714136576009739
2764,97.2256778531727,28.1449381212459,SSP245,2030,0.00782839664528812
2765,98.4718095257053,28.0515310005048,SSP245,2030,0.0189343101502045
2766,99.2638388952071,28.0074093357378,SSP245,2030,0.036406355626427
2767,100.162154179327,28.0074093357378,SSP245,2030,0.0170274335599132
2768,101.060469463446,28.0074093357378,SSP245,2030,0.0181135498659175
2769,101.958784747566,28.0074093357378,SSP245,2030,0.0352703685412332
2770,102.857100031685,28.0074093357378,SSP245,2030,0.00741548086524757
2771,103.755415315805,28.0074093357378,SSP245,2030,0.00238467167353751
2772,104.653730599924,28.0074093357378,SSP245,2030,0.00485808913019026
2773,105.552045884044,28.0074093357378,SSP245,2030,0.0145453734313187
2774,106.450361168163,28.0074093357378,SSP245,2030,0.0154342600172179
2775,107.348676452283,28.0074093357378,SSP245,2030,0.0751688821575981
2776,108.246991736402,28.0074093357378,SSP245,2030,0.0172985240270113
2777,109.145307020522,28.0074093357378,SSP245,2030,0.0169667459993843
2778,110.043622304641,28.0074093357378,SSP245,2030,0.0324006887547981
2779,110.941937588761,28.0074093357378,SSP245,2030,0.0141156616036396
2780,111.84025287288,28.0074093357378,SSP245,2030,0.0233233742919121
2781,112.738568157,28.0074093357378,SSP245,2030,0.37312763477216
2782,113.636883441119,28.0074093357378,SSP245,2030,0.0741072381619548
2783,114.535198725239,28.0074093357378,SSP245,2030,0.0232063513605925
2784,115.433514009358,28.0074093357378,SSP245,2030,0.014553890676286
2785,116.331829293478,28.0074093357378,SSP245,2030,0.0380546954636346
2786,117.230144577598,28.0074093357378,SSP245,2030,0.0378496360182329
2787,118.128459861717,28.0074093357378,SSP245,2030,0.099453587786981
2788,119.026775145837,28.0074093357378,SSP245,2030,0.179693422724739
2789,119.925090429956,28.0074093357378,SSP245,2030,0.191559019620392
2790,120.710954697087,28.085676170264,SSP245,2030,0.247253081688854
2791,121.399924172141,28.3033034093586,SSP245,2030,
2799,128.726766097212,27.6525708840276,SSP245,2030,
2826,88.8777301058324,27.5170886065542,SSP245,2030,0.0208307785040031
2827,89.0443904318711,27.4652747864857,SSP245,2030,0.0117254051032305
2830,92.2493205344729,27.3016511754727,SSP245,2030,0.00920843512641079
2831,92.9813592120786,27.2665790729466,SSP245,2030,0.0101119572296272
2832,93.7259154437825,27.333528957722,SSP245,2030,0.0133226145618225
2833,94.3856358938791,27.6080097806127,SSP245,2030,0.00966495174379878
2837,98.7344411122203,27.315860917647,SSP245,2030,0.00817960469171397
2838,99.2638388952071,27.2114166090938,SSP245,2030,0.0173353804494204
2839,100.162154179327,27.2114166090938,SSP245,2030,0.0338558672732585
2840,101.060469463446,27.2114166090938,SSP245,2030,0.0138005382682833
2841,101.958784747566,27.2114166090938,SSP245,2030,0.0155247470741917
2842,102.857100031685,27.2114166090938,SSP245,2030,0.0130931081329357
2843,103.755415315805,27.2114166090938,SSP245,2030,0.00848568023712426
2844,104.653730599924,27.2114166090938,SSP245,2030,0.024902082277198
2845,105.552045884044,27.2114166090938,SSP245,2030,0.04235851644563
2846,106.450361168163,27.2114166090938,SSP245,2030,0.0169003563400052
2847,107.348676452283,27.2114166090938,SSP245,2030,0.00911644562077763
2848,108.246991736402,27.2114166090938,SSP245,2030,0.0105091463629657
2849,109.145307020522,27.2114166090938,SSP245,2030,0.00554753366615435
2850,110.043622304641,27.2114166090938,SSP245,2030,0.0563994115393174
2851,110.941937588761,27.2114166090938,SSP245,2030,0.0227901942741332
2852,111.84025287288,27.2114166090938,SSP245,2030,0.0255278560279332
2853,112.738568157,27.2114166090938,SSP245,2030,0.0483172807573283
2854,113.636883441119,27.2114166090938,SSP245,2030,0.0117084636507874
2855,114.535198725239,27.2114166090938,SSP245,2030,0.0259329583341393
2856,115.433514009358,27.2114166090938,SSP245,2030,0.019503899360784
2857,116.331829293478,27.2114166090938,SSP245,2030,0.00606095295881381
2858,117.230144577598,27.2114166090938,SSP245,2030,0.0877343747091696
2859,118.128459861717,27.2114166090938,SSP245,2030,0.029506664674718
2860,119.026775145837,27.2114166090938,SSP245,2030,0.0203233593235889
2861,119.898158829137,27.2338219897156,SSP245,2030,0.101640334998921
2862,120.491081450656,27.409030065604,SSP245,2030,0.0365774260022431
2909,98.7482628837472,26.2497822361461,SSP245,2030,0.00746416693008301
2910,99.2638388952071,26.4096972720129,SSP245,2030,0.018360531304384
2911,100.162154179327,26.4096972720129,SSP245,2030,0.0276610739754212
2912,101.060469463446,26.4096972720129,SSP245,2030,0.0112295917910452
2913,101.958784747566,26.4096972720129,SSP245,2030,0.0299930999742243
2914,102.857100031685,26.4096972720129,SSP245,2030,0.0106609520201015
2915,103.755415315805,26.4096972720129,SSP245,2030,0.00437052503502233
2916,104.653730599924,26.4096972720129,SSP245,2030,0.0179756562648856
2917,105.552045884044,26.4096972720129,SSP245,2030,0.0124692187328892
2918,106.450361168163,26.4096972720129,SSP245,2030,0.185294892056101
2919,107.348676452283,26.4096972720129,SSP245,2030,0.0151018945036343
2920,108.246991736402,26.4096972720129,SSP245,2030,0.0234206976259503
2921,109.145307020522,26.4096972720129,SSP245,2030,0.00754636805303133
2922,110.043622304641,26.4096972720129,SSP245,2030,0.0124632333286744
2923,110.941937588761,26.4096972720129,SSP245,2030,0.0187854599935388
2924,111.84025287288,26.4096972720129,SSP245,2030,0.0262064494404208
2925,112.738568157,26.4096972720129,SSP245,2030,0.0345140833822847
2926,113.636883441119,26.4096972720129,SSP245,2030,0.0114013775153401
2927,114.535198725239,26.4096972720129,SSP245,2030,0.0138895922821433
2928,115.433514009358,26.4096972720129,SSP245,2030,0.00663879239978304
2929,116.331829293478,26.4096972720129,SSP245,2030,0.0239054223160634
2930,117.230144577598,26.4096972720129,SSP245,2030,0.122847316361527
2931,118.128459861717,26.4096972720129,SSP245,2030,0.0540886530437316
2932,119.026775145837,26.4096972720129,SSP245,2030,0.616771867519872
2933,119.699784372173,26.4770996501751,SSP245,2030,
2980,97.8867117416,25.2265235360335,SSP245,2030,0.00837318240244489
2981,98.5007709162612,25.4824941548273,SSP245,2030,0.0569335740366284
2982,99.2638388952071,25.6023682062936,SSP245,2030,0.0217293546690164
2983,100.162154179327,25.6023682062936,SSP245,2030,0.0536245769526663
2984,101.060469463446,25.6023682062936,SSP245,2030,0.0068697133862804
2985,101.958784747566,25.6023682062936,SSP245,2030,0.00617107454386034
2986,102.857100031685,25.6023682062936,SSP245,2030,0.0168252367602671
2987,103.755415315805,25.6023682062935,SSP245,2030,0.00455479048004037
2988,104.653730599924,25.6023682062936,SSP245,2030,0.00629023163179643
2989,105.552045884044,25.6023682062936,SSP245,2030,0.0236593704529575
2990,106.450361168163,25.6023682062936,SSP245,2030,0.00825026574752186
2991,107.348676452283,25.6023682062936,SSP245,2030,0.0262152135871675
2992,108.246991736402,25.6023682062936,SSP245,2030,0.0202793593594977
2993,109.145307020522,25.6023682062936,SSP245,2030,0.0117021394093595
2994,110.043622304641,25.6023682062936,SSP245,2030,0.0565211178080409
2995,110.941937588761,25.6023682062936,SSP245,2030,0.0228250520315874
2996,111.84025287288,25.6023682062935,SSP245,2030,0.0193720222269257
2997,112.738568157,25.6023682062935,SSP245,2030,0.0305601842004989
2998,113.636883441119,25.6023682062936,SSP245,2030,0.0121650596745679
2999,114.535198725239,25.6023682062935,SSP245,2030,0.0618810124962671
3000,115.433514009358,25.6023682062936,SSP245,2030,0.0303188944572296
3001,116.331829293478,25.6023682062935,SSP245,2030,0.0134560956622979
3002,117.230144577598,25.6023682062936,SSP245,2030,0.0413797426766923
3003,118.128459861717,25.6023682062935,SSP245,2030,0.0401952624977695
3004,118.992956620772,25.631577071702,SSP245,2030,0.116263260851802
3005,119.619873555739,25.6797528327445,SSP245,2030,
3007,121.578657861701,25.2596176961329,SSP245,2030,
3052,97.7879505796289,24.7194255762163,SSP245,2030,0.0520391459032049
3053,98.3655236110876,24.7895515496951,SSP245,2030,0.0501371607044847
3054,99.2638388952071,24.7895515496951,SSP245,2030,0.0278367873034434
3055,100.162154179327,24.7895515496951,SSP245,2030,0.0184024191040491
3056,101.060469463446,24.7895515496951,SSP245,2030,0.029216361355956
3057,101.958784747566,24.7895515496951,SSP245,2030,0.0116495280902379
3058,102.857100031685,24.7895515496951,SSP245,2030,0.0812857082319959
3059,103.755415315805,24.7895515496951,SSP245,2030,0.00565920584970392
3060,104.653730599924,24.7895515496952,SSP245,2030,0.0231729873883851
3061,105.552045884044,24.7895515496952,SSP245,2030,0.0106719322261876
3062,106.450361168163,24.7895515496952,SSP245,2030,0.0142919805023678
3063,107.348676452283,24.7895515496951,SSP245,2030,0.00452518244094213
3064,108.246991736402,24.7895515496951,SSP245,2030,0.0145171735516172
3065,109.145307020522,24.7895515496951,SSP245,2030,0.0160848688289672
3066,110.043622304641,24.7895515496951,SSP245,2030,0.0295693144645902
3067,110.941937588761,24.7895515496952,SSP245,2030,0.0265726719365491
3068,111.84025287288,24.7895515496952,SSP245,2030,0.0145075491452674
3069,112.738568157,24.7895515496951,SSP245,2030,0.0715519840126638
3070,113.636883441119,24.7895515496951,SSP245,2030,0.0303078681394228
3071,114.535198725239,24.7895515496951,SSP245,2030,0.0281642309441096
3072,115.433514009359,24.7895515496952,SSP245,2030,0.00394156227941622
3073,116.331829293478,24.7895515496951,SSP245,2030,0.0255123942634079
3074,117.230144577598,24.7895515496951,SSP245,2030,0.0377647995413806
3075,118.103685005399,24.8335919626298,SSP245,2030,0.377108212704036
3076,118.770018251412,24.9604093153143,SSP245,2030,0.0938695268139419
3077,119.529875381744,25.1645582018131,SSP245,2030,
3078,121.03556563845,24.6611293921698,SSP245,2030,0.00755416313720958
3079,121.56864199819,24.7835886413952,SSP245,2030,0.0315619498250485
3124,97.7970304358934,24.1256640633575,SSP245,2030,0.0284472136961926
3125,98.3749712442988,24.2095109068584,SSP245,2030,0.0218560279663144
3126,99.2743437523302,23.9744891188441,SSP245,2030,0.00611496992803684
3127,100.162154179327,23.9713746712774,SSP245,2030,0.00826653169811698
3128,101.060469463446,23.9713746712774,SSP245,2030,0.0063818818963689
3129,101.958784747566,23.9713746712774,SSP245,2030,0.010223824040597
3130,102.857100031685,23.9713746712774,SSP245,2030,0.00981347452130321
3131,103.755415315805,23.9713746712774,SSP245,2030,0.0115351201064141
3132,104.653730599924,23.9713746712774,SSP245,2030,0.00421879026493444
3133,105.552045884044,23.9713746712774,SSP245,2030,0.00473964501695412
3134,106.450361168163,23.9713746712774,SSP245,2030,0.151778336097554
3135,107.348676452283,23.9713746712774,SSP245,2030,0.0034752272267855
3136,108.246991736402,23.9713746712774,SSP245,2030,0.00516266833727463
3137,109.145307020522,23.9713746712774,SSP245,2030,0.0410876111764759
3138,110.043622304641,23.9713746712774,SSP245,2030,0.0254209071588737
3139,110.941937588761,23.9713746712774,SSP245,2030,0.0184723954960986
3140,111.84025287288,23.9713746712774,SSP245,2030,0.00628822175723709
3141,112.738568157,23.9713746712774,SSP245,2030,0.0257380957332936
3142,113.636883441119,23.9713746712774,SSP245,2030,0.0818539724481243
3143,114.535198725239,23.9713746712774,SSP245,2030,0.0107095515678054
3144,115.433514009358,23.9713746712774,SSP245,2030,0.0103567323629384
3145,116.331829293478,23.9713746712774,SSP245,2030,0.0291818814549594
3146,117.191222728809,24.0222770833957,SSP245,2030,0.0394528193592534
3147,117.854883905339,24.2148744488918,SSP245,2030,0.0177372757296842
3149,120.221854614265,23.7097940313673,SSP245,2030,0.00409436823994858
3150,120.846137945521,23.9540851768199,SSP245,2030,0.0309070340696705
3151,121.458705062506,24.0222293246619,SSP245,2030,0.00883451545830494
3198,99.3818928735171,23.2595074386355,SSP245,2030,0.0076311532440464
3199,100.162154179327,23.1479701362804,SSP245,2030,0.00693548180605375
3200,101.060469463446,23.1479701362804,SSP245,2030,0.0181849011790654
3201,101.958784747566,23.1479701362804,SSP245,2030,0.0066626091773373
3202,102.859068188151,23.150331696772,SSP245,2030,0.00669460896462459
3203,103.752939554375,23.1591812276401,SSP245,2030,0.0158703160335036
3204,104.592306121855,23.2181102359245,SSP245,2030,0.00702742745632357
3205,105.637298913065,23.3359235141008,SSP245,2030,0.0661942632175748
3206,106.475548226612,23.2271455875199,SSP245,2030,0.0281883701359346
3207,107.348676452283,23.1479701362804,SSP245,2030,0.014884158603335
3208,108.246991736402,23.1479701362804,SSP245,2030,0.204863268857233
3209,109.145307020522,23.1479701362804,SSP245,2030,0.0142027764953957
3210,110.043622304641,23.1479701362804,SSP245,2030,0.0281576301324298
3211,110.941937588761,23.1479701362804,SSP245,2030,0.0316210773762394
3212,111.84025287288,23.1479701362804,SSP245,2030,0.0108555867189376
3213,112.738568157,23.1479701362804,SSP245,2030,0.132814228164728
3214,113.639285778782,23.1590943187585,SSP245,2030,0.354177568269634
3215,114.531984510007,23.153014596904,SSP245,2030,0.0580672988329258
3216,115.427598084043,23.1823728619401,SSP245,2030,0.0228977271813644
3217,116.261286891506,23.2582140647182,SSP245,2030,0.0296249564383183
3218,116.927027748067,23.4499778619798,SSP245,2030,
3221,120.221142954146,23.1791573865647,SSP245,2030,0.0165703531810651
3222,120.816755431211,23.153579391231,SSP245,2030,0.0105864282261751
3223,121.363353115256,23.3288688416662,SSP245,2030,
3270,99.5091895514656,22.394686521223,SSP245,2030,0.0106376475755966
3271,100.182410647923,22.3419400992303,SSP245,2030,0.0167584880377564
3272,101.060469463446,22.3194756603065,SSP245,2030,0.0689218689425348
3273,101.851914570071,22.4999659332882,SSP245,2030,0.0108308932507536
3274,102.999812049618,22.6383656852558,SSP245,2030,0.00444656691649403
3275,103.828465415847,22.6606829913289,SSP245,2030,0.00494125587775429
3276,104.348950652664,22.722767091343,SSP245,2030,0.00410005994831508
3278,106.782247985507,22.3665776705727,SSP245,2030,0.0375010159079758
3279,107.351531787224,22.3223862660348,SSP245,2030,0.133050919055721
3280,108.246922741308,22.3195653703174,SSP245,2030,0.0754428173645159
3281,109.145307020522,22.3194756603065,SSP245,2030,0.0101648912420483
3282,110.043622304641,22.3194756603066,SSP245,2030,0.0142815035258113
3283,110.941937588761,22.3194756603065,SSP245,2030,0.00960665385510828
3284,111.84025287288,22.3194756603065,SSP245,2030,0.0102303284837206
3285,112.717104645741,22.3404322989481,SSP245,2030,0.0431714940824003
3286,113.537399181204,22.4349843153421,SSP245,2030,
3287,114.380911550424,22.552377428192,SSP245,2030,
3288,115.378089459572,22.7124266281378,SSP245,2030,0.00385967350002781
3293,120.320820294217,22.6300187239725,SSP245,2030,
3294,120.721261472319,22.4464503673936,SSP245,2030,0.00919270064997013
3343,100.335027314396,21.7203143463617,SSP245,2030,0.00750181699516983
3344,101.136271136014,21.6540831738014,SSP245,2030,0.0345138109541068
3345,101.651772131567,21.5469262642757,SSP245,2030,0.0231467202861082
3351,107.467093467528,21.789247955818,SSP245,2030,0.00513398818516353
3352,108.198178205548,21.7478314066419,SSP245,2030,0.0308790305746892
3353,109.196132495051,21.7053203815841,SSP245,2030,0.121409292180971
3354,110.082218872487,21.5190952770571,SSP245,2030,0.0509576830297344
3355,110.890736285408,21.6254148846067,SSP245,2030,0.0239956063499697
3356,111.74892674324,21.7484658164556,SSP245,2030,0.0223192443313758
3357,112.584667823715,21.7827317191694,SSP245,2030,
3366,120.843290592731,21.8933460897806,SSP245,2030,
3425,109.062996181376,21.0234111459488,SSP245,2030,
3426,110.092605600305,20.6701691550561,SSP245,2030,0.0288880903236441
3497,109.324446468178,19.5856226832613,SSP245,2030,0.0786795808568266
3498,110.0563915473,19.6851951804218,SSP245,2030,0.0907113241651198
3499,110.734580573795,19.7239358643008,SSP245,2030,0.0487569515358207
3568,108.676978172325,19.0248936490551,SSP245,2030,0.0428221879660399
3569,109.149109458957,18.9566394088086,SSP245,2030,0.153399649991827
3570,110.030552654776,18.9722941595042,SSP245,2030,0.0893058809674465
3571,110.573927534664,19.1556759733639,SSP245,2030,
3641,109.256091828207,18.4105060800407,SSP245,2030,0.0684827926495776
3642,109.813775472095,18.409118131092,SSP245,2030,
54,120.98934621946,53.1655657942916,SSP245,2050,0.000128172477868005
55,121.766597775951,53.2204133988419,SSP245,2050,0.000129898760183211
56,122.625962550526,53.2615170240288,SSP245,2050,0.000188925449473687
57,123.503872211582,53.2867806513094,SSP245,2050,0.000421408837271708
58,124.234533147575,53.1929084230386,SSP245,2050,0.000158875744114551
59,125.067534970276,53.1220547884351,SSP245,2050,0.000178895468414431
125,120.201065679812,52.686172327543,SSP245,2050,0.000125039471203681
126,120.844576434726,52.8132208818435,SSP245,2050,0.000125025414580704
127,121.721720998195,52.820390340621,SSP245,2050,0.000113267976399323
128,122.620036282315,52.820390340621,SSP245,2050,0.00121824641965729
129,123.518351566434,52.820390340621,SSP245,2050,0.000297367580697761
130,124.416446647668,52.8202403435421,SSP245,2050,0.000255218219693765
131,125.28164631535,52.8005737429746,SSP245,2050,0.000191495358957683
132,125.869886774161,52.6803504259881,SSP245,2050,0.000273770008094254
197,120.067097887072,52.5451834148273,SSP245,2050,0.000127357638485703
198,120.968340417924,52.2812213666407,SSP245,2050,0.000175975130782935
199,121.721720998195,52.274134035273,SSP245,2050,0.000705233118908466
200,122.620036282315,52.274134035273,SSP245,2050,0.000176100077106889
201,123.518351566434,52.274134035273,SSP245,2050,0.000271237226831311
202,124.416666850554,52.274134035273,SSP245,2050,0.000226139929363711
203,125.314982134673,52.274134035273,SSP245,2050,0.00025884237524032
204,126.039464540426,52.2416405198819,SSP245,2050,0.000196837976654263
269,120.217755654577,51.5814892348358,SSP245,2050,0.000153917357669231
270,120.848137852535,51.704730306573,SSP245,2050,0.00126057361876675
271,121.721720998195,51.7210618695902,SSP245,2050,0.000715326047303067
272,122.620036282315,51.7210618695902,SSP245,2050,0.000325290137152656
273,123.518351566434,51.7210618695902,SSP245,2050,0.000308739064272534
274,124.416666850554,51.7210618695902,SSP245,2050,0.000444409215788033
275,125.314982134673,51.7210618695902,SSP245,2050,0.000251206572881024
276,126.170400509542,51.7017618694339,SSP245,2050,0.000280985245384335
277,126.709879883934,51.4945263196956,SSP245,2050,0.000241294469324305
341,120.052672960567,51.1281229030947,SSP245,2050,0.00100620067574153
342,120.823405714076,51.1611409828537,SSP245,2050,0.000675951763669525
343,121.721720998195,51.1611409828537,SSP245,2050,0.00217911142718141
344,122.620036282315,51.1611409828537,SSP245,2050,0.000258110881956375
345,123.518351566434,51.1611409828537,SSP245,2050,0.000292587335870564
346,124.416666850554,51.1611409828537,SSP245,2050,0.00023830295720273
347,125.314982134673,51.1611409828537,SSP245,2050,0.000788350189708909
348,126.213297418793,51.1611409828537,SSP245,2050,0.000256495597021456
349,126.794002975364,51.1063729353377,SSP245,2050,0.000253969606253568
412,119.343388779203,50.476249202058,SSP245,2050,0.000397247231237463
413,119.925453215316,50.5941192066292,SSP245,2050,0.00105227069876113
414,120.823405714076,50.5943407078584,SSP245,2050,0.00282874353928531
415,121.721720998195,50.5943407078585,SSP245,2050,0.0131960933955237
416,122.620036282315,50.5943407078584,SSP245,2050,0.000391132734080979
417,123.518351566434,50.5943407078585,SSP245,2050,0.000299518980743652
418,124.416666850554,50.5943407078585,SSP245,2050,0.000802916985530366
419,125.314982134673,50.5943407078585,SSP245,2050,0.000273858491552592
420,126.213297418793,50.5943407078585,SSP245,2050,0.000295135442277106
421,126.964999554068,50.5798376124154,SSP245,2050,0.000293203122826768
481,116.711274531013,49.77390874873,SSP245,2050,0.000169528451444467
482,116.834034981637,49.7553445255093,SSP245,2050,0.000154429332461237
483,118.469695477319,49.7918715903298,SSP245,2050,0.000176955947144952
484,119.132454390713,49.9209814543472,SSP245,2050,0.00501141939190741
485,119.925090429956,50.0206326773674,SSP245,2050,0.00899558113626542
486,120.823405714076,50.0206326773673,SSP245,2050,0.000267934628914723
487,121.721720998195,50.0206326773674,SSP245,2050,0.000775575466421596
488,122.620036282315,50.0206326773673,SSP245,2050,0.00022064968121327
489,123.518351566434,50.0206326773674,SSP245,2050,0.000298104873970084
490,124.416666850554,50.0206326773673,SSP245,2050,0.000279954507342306
491,125.314982134673,50.0206326773674,SSP245,2050,0.000314831696542894
492,126.213297418793,50.0206326773673,SSP245,2050,0.000305208480750774
493,127.071793365452,50.0151123819584,SSP245,2050,0.00028844110952797
494,127.570463755481,49.7388191656239,SSP245,2050,0.000274210570103794
521,87.7091892693464,49.1515402210725,SSP245,2050,0.000167966068877923
553,116.572765545186,49.3853507424718,SSP245,2050,0.000175099849294313
554,117.198954478699,49.4001066010845,SSP245,2050,0.00407203266808009
555,118.165290837583,49.4066779423352,SSP245,2050,0.0025048776810972
556,119.026775145837,49.4399909322379,SSP245,2050,0.00448023560607436
557,119.925090429956,49.4399909322379,SSP245,2050,0.0599871339897616
558,120.823405714076,49.4399909322379,SSP245,2050,0.00223690698240553
559,121.721720998195,49.4399909322379,SSP245,2050,0.401587876816655
560,122.620036282315,49.4399909322379,SSP245,2050,0.00103817253214145
561,123.518351566434,49.4399909322379,SSP245,2050,0.000719552884447472
562,124.416666850554,49.4399909322379,SSP245,2050,0.000322085756645385
563,125.314982134673,49.4399909322379,SSP245,2050,0.00140333536207238
564,126.213297418793,49.4399909322379,SSP245,2050,0.00032142347047881
565,127.111612702912,49.4399909322379,SSP245,2050,0.000270495059491505
566,127.98718532064,49.3623581966388,SSP245,2050,0.000269303161178791
567,128.831379265101,49.3034455231243,SSP245,2050,0.000246605862100902
568,129.488923343649,49.2420104228533,SSP245,2050,0.00023911271646504
592,86.9202945882899,48.8163648995094,SSP245,2050,0.040414346176782
593,87.5175865543879,48.8189026350264,SSP245,2050,0.00923697399242607
624,115.85369488121,48.5865829278789,SSP245,2050,0.000157976172264873
625,116.39445686148,48.831778041997,SSP245,2050,0.000297962084583658
626,117.230144577598,48.8523920310858,SSP245,2050,0.00397758692132733
627,118.128459861717,48.8523920310858,SSP245,2050,0.000293419801477568
628,119.026775145837,48.8523920310858,SSP245,2050,0.00230461236103063
629,119.925090429956,48.8523920310858,SSP245,2050,0.00530295592083374
630,120.823405714076,48.8523920310858,SSP245,2050,0.00342338427265643
631,121.721720998195,48.8523920310858,SSP245,2050,0.000357852059633679
632,122.620036282315,48.8523920310858,SSP245,2050,0.000343694937799399
633,123.518351566434,48.8523920310858,SSP245,2050,0.000414508678521996
634,124.416666850554,48.8523920310858,SSP245,2050,0.000434307272563328
635,125.314982134673,48.8523920310858,SSP245,2050,0.00100904804807778
636,126.213297418793,48.8523920310858,SSP245,2050,0.000630109594226935
637,127.111612702912,48.8523920310858,SSP245,2050,0.000299661033792642
638,128.009927987032,48.8523920310858,SSP245,2050,0.000241750479258673
639,128.908243271151,48.8523920310858,SSP245,2050,0.000229477340235151
640,129.75001917565,48.8148712474288,SSP245,2050,0.00122206969380689
641,130.410048953189,48.71833618111,SSP245,2050,0.000254762421610599
663,85.9139404436413,48.1661656374963,SSP245,2050,0.0044208604661613
664,86.7048538340238,48.24460805052,SSP245,2050,0.334210691585831
665,87.5854669535804,48.2576294146869,SSP245,2050,0.0238325772597214
666,88.3705260671709,48.1766476271419,SSP245,2050,0.00440796722336756
667,89.2463380726373,47.9857316877949,SSP245,2050,0.000166601517643139
696,115.740599914767,48.1790012201688,SSP245,2050,0.000334413230666408
697,116.331829293478,48.2578151613334,SSP245,2050,0.000166015639733064
698,117.230144577598,48.2578151613334,SSP245,2050,0.00126190101575385
699,118.13011213289,48.2733226343002,SSP245,2050,0.000908165839455632
700,119.026775145837,48.2578151613334,SSP245,2050,0.000264630539590804
701,119.925090429956,48.2578151613334,SSP245,2050,0.000371148392158682
702,120.823405714076,48.2578151613334,SSP245,2050,0.000328962760019924
703,121.721720998195,48.2578151613334,SSP245,2050,0.000270738617616728
704,122.620036282315,48.2578151613334,SSP245,2050,0.000811227223387778
705,123.518351566434,48.2578151613334,SSP245,2050,0.000672837300626283
706,124.416666850554,48.2578151613334,SSP245,2050,0.000787533811392849
707,125.314982134673,48.2578151613334,SSP245,2050,0.000248096100640027
708,126.213297418793,48.2578151613334,SSP245,2050,0.000393883950336016
709,127.111612702912,48.2578151613334,SSP245,2050,0.000256186163216987
710,128.009927987032,48.2578151613334,SSP245,2050,0.000701865999883422
711,128.908243271151,48.2578151613334,SSP245,2050,0.00304165613901442
712,129.806558555271,48.2578151613334,SSP245,2050,0.00106628063261971
713,130.477617167769,48.2559764356194,SSP245,2050,0.000240000873079294
715,132.899793063143,47.9733221656625,SSP245,2050,0.000245533169811685
716,133.481662555861,48.0495881915785,SSP245,2050,0.000420369272780552
717,134.264868847672,48.1579412262461,SSP245,2050,0.000773551053636523
718,134.863543647366,48.3538447960947,SSP245,2050,0.000238762521727498
735,85.9058128763012,47.6648905617173,SSP245,2050,0.006652743341928
736,86.6874249175338,47.6562422514796,SSP245,2050,0.175228222250133
737,87.5857402016534,47.6562422514796,SSP245,2050,0.0963676957302654
738,88.4840554857729,47.6562422514796,SSP245,2050,0.257575207089373
739,89.3688027335583,47.6470389607416,SSP245,2050,0.000162781720696614
740,90.0896256775331,47.5522301592798,SSP245,2050,0.000174837773882386
768,115.742960922916,47.8573574112534,SSP245,2050,0.000277184305847222
769,116.242724460058,47.8813254246438,SSP245,2050,0.000178866905295227
770,117.253385819125,47.8491485644781,SSP245,2050,0.000165372465282365
771,118.234383493322,47.9444967142522,SSP245,2050,0.000202743141859751
772,119.144935197998,47.7461877501696,SSP245,2050,0.00119792954470055
773,119.925090429956,47.6562422514796,SSP245,2050,0.000715248233517429
774,120.823405714076,47.6562422514796,SSP245,2050,0.000621521289390747
775,121.721720998195,47.6562422514796,SSP245,2050,0.000532718168862023
776,122.620036282315,47.6562422514796,SSP245,2050,0.000694860151601917
777,123.518351566434,47.6562422514796,SSP245,2050,0.0185626931306839
778,124.416666850554,47.6562422514796,SSP245,2050,0.000881415460170953
779,125.314982134673,47.6562422514796,SSP245,2050,0.000311314103792704
780,126.213297418793,47.6562422514796,SSP245,2050,0.000292304568640711
781,127.111612702912,47.6562422514796,SSP245,2050,0.000370416201451285
782,128.009927987032,47.6562422514796,SSP245,2050,0.000220101146187091
783,128.908243271151,47.6562422514796,SSP245,2050,0.00106662262140611
784,129.806558555271,47.6562422514796,SSP245,2050,0.000504435339694132
785,130.648852643266,47.6230947207924,SSP245,2050,0.000296992318339795
786,131.589570707117,47.5189403775607,SSP245,2050,0.000280879833270409
787,132.560679800733,47.5906497215057,SSP245,2050,0.000421857807554882
788,133.399819691749,47.6562422514796,SSP245,2050,0.000256941042032333
789,134.22058328802,47.671576188675,SSP245,2050,0.000253311174277959
804,83.1954396533843,46.9248112568598,SSP245,2050,0.0178669352105066
805,83.9825645471563,46.8576473432864,SSP245,2050,0.0340379503598213
806,84.9135394220077,46.8595437220095,SSP245,2050,0.00167154061383057
807,85.8462850827722,47.0177993100224,SSP245,2050,0.0544017275926833
808,86.6874249175338,47.0476580844109,SSP245,2050,0.0267004002515883
809,87.5857402016533,47.0476580844109,SSP245,2050,0.327506464515452
810,88.4840554857729,47.0476580844109,SSP245,2050,0.0258125008341432
811,89.3823707698924,47.0476580844109,SSP245,2050,0.00446077890781238
812,90.2402545961506,47.02754482209,SSP245,2050,0.00120504175740432
813,90.821609325153,46.839788193661,SSP245,2050,0.000674143645857939
844,119.417442796296,47.2978021972506,SSP245,2050,0.000231819584737947
845,120.035341980555,47.0853409027756,SSP245,2050,0.00301928866260992
846,120.823405714076,47.0476580844109,SSP245,2050,0.000455299740925286
847,121.721720998195,47.0476580844109,SSP245,2050,0.000280688521284489
848,122.620036282315,47.0476580844109,SSP245,2050,0.000316321935067032
849,123.518351566434,47.0476580844109,SSP245,2050,0.00634028916248641
850,124.416666850554,47.0476580844109,SSP245,2050,0.0426080763180075
851,125.314982134673,47.0476580844109,SSP245,2050,0.000582984860361901
852,126.213297418793,47.0476580844109,SSP245,2050,0.000328728586555083
853,127.111612702912,47.0476580844109,SSP245,2050,0.000313242980572781
854,128.009927987032,47.0476580844109,SSP245,2050,0.000375656003804292
855,128.908243271151,47.0476580844109,SSP245,2050,0.0100439552656472
856,129.806558555271,47.0476580844109,SSP245,2050,0.000492714069840083
857,130.70487383939,47.0476580844109,SSP245,2050,0.000800307831374192
858,131.60318912351,47.0476580844109,SSP245,2050,0.000560055299115625
859,132.501504407629,47.0476580844109,SSP245,2050,0.000228737913017918
860,133.399819691749,47.0476580844109,SSP245,2050,0.000399163244324319
861,133.976514896106,47.0990881560482,SSP245,2050,0.000229860416060768
875,82.5864580400594,46.2200896094133,SSP245,2050,0.000253565669159572
876,83.1104393169426,46.424295443549,SSP245,2050,0.0347759950782749
877,83.9924790651753,46.4320504115606,SSP245,2050,0.0782012592348493
878,84.8907943492948,46.4320504115606,SSP245,2050,0.00070352763526349
879,85.7891096334143,46.4320504115606,SSP245,2050,0.0754331049268215
880,86.6874249175338,46.4320504115606,SSP245,2050,0.000148738002756277
881,87.5857402016533,46.4320504115606,SSP245,2050,0.000421216391762402
882,88.4840554857729,46.4320504115606,SSP245,2050,0.000305168262177302
883,89.3823707698924,46.4320504115606,SSP245,2050,0.00125730928734802
884,90.2806860540119,46.4320504115606,SSP245,2050,0.00364383007237268
885,90.8529326169999,46.4570364332891,SSP245,2050,0.0128970184478958
913,116.624950112389,46.2109749385944,SSP245,2050,0.00018934365814105
914,117.298604040098,46.2912349368042,SSP245,2050,0.000202009612172538
915,118.159114464416,46.3879039558282,SSP245,2050,0.000228635319914128
916,119.008821423464,46.3971338258893,SSP245,2050,0.000726212734781795
917,119.949979796371,46.409367537793,SSP245,2050,0.00046053574636562
918,120.823405714076,46.4320504115606,SSP245,2050,0.00051917432554105
919,121.721720998195,46.4320504115606,SSP245,2050,0.000285014752944623
920,122.620036282315,46.4320504115606,SSP245,2050,0.0011965795938722
921,123.518351566434,46.4320504115606,SSP245,2050,0.00128950358865976
922,124.416666850554,46.4320504115606,SSP245,2050,0.00373840268377901
923,125.314982134673,46.4320504115606,SSP245,2050,0.0104903600621988
924,126.213297418793,46.4320504115606,SSP245,2050,0.000289131489791039
925,127.111612702912,46.4320504115606,SSP245,2050,0.000316754514862794
926,128.009927987032,46.4320504115606,SSP245,2050,0.0003110727449398
927,128.908243271151,46.4320504115606,SSP245,2050,0.000784079309758323
928,129.806558555271,46.4320504115606,SSP245,2050,0.000260748438755232
929,130.70487383939,46.4320504115606,SSP245,2050,0.000418036234245189
930,131.60318912351,46.4320504115606,SSP245,2050,0.00039124172822147
931,132.501504407629,46.4320504115606,SSP245,2050,0.000549545783035899
932,133.389053099742,46.4374325074708,SSP245,2050,0.000259247221385484
933,133.896669596222,46.6427376126053,SSP245,2050,0.000239085247251358
947,82.489698890592,45.7739902536515,SSP245,2050,0.000860208555104935
948,83.0941637810557,45.8094100677068,SSP245,2050,0.00124598005424004
949,83.9924790651753,45.8094100677068,SSP245,2050,0.000969322024790054
950,84.8907943492948,45.8094100677068,SSP245,2050,0.0604539575076203
951,85.7891096334143,45.8094100677068,SSP245,2050,0.0297714609708276
952,86.6874249175338,45.8094100677068,SSP245,2050,0.000161765488182142
953,87.5857402016533,45.8094100677068,SSP245,2050,0.000544802316388982
954,88.4840554857729,45.8094100677068,SSP245,2050,0.000129999186352814
955,89.3823707698924,45.8094100677068,SSP245,2050,0.000350120166369927
956,90.2695569077331,45.814686522634,SSP245,2050,0.000281716411925537
957,90.8288417443276,45.9987771619666,SSP245,2050,0.000130658717654719
984,115.809621293604,45.5400507832078,SSP245,2050,0.000385123513326424
985,116.434159903514,45.7684662849873,SSP245,2050,0.000254165260645145
986,117.230144577598,45.8094100677068,SSP245,2050,0.000613372219706365
987,118.128459861717,45.8094100677068,SSP245,2050,0.000459570175219248
988,119.026775145837,45.8094100677068,SSP245,2050,0.00052046833246211
989,119.925090429956,45.8094100677068,SSP245,2050,0.000738971633191143
990,120.823405714076,45.8094100677068,SSP245,2050,0.000247908111813855
991,121.721720998195,45.8094100677068,SSP245,2050,0.0011752611837782
992,122.620036282315,45.8094100677068,SSP245,2050,0.00110266709792628
993,123.518351566434,45.8094100677068,SSP245,2050,0.000897885052186243
994,124.416666850554,45.8094100677068,SSP245,2050,0.000620998404184392
995,125.314982134673,45.8094100677068,SSP245,2050,0.000537589959768603
996,126.213297418793,45.8094100677068,SSP245,2050,0.344447644651755
997,127.111612702912,45.8094100677068,SSP245,2050,0.044469801873763
998,128.009927987032,45.8094100677068,SSP245,2050,0.000329264875452484
999,128.908243271151,45.8094100677068,SSP245,2050,0.000351520279505357
1000,129.806558555271,45.8094100677068,SSP245,2050,0.000285431453345919
1001,130.70487383939,45.8094100677068,SSP245,2050,0.00264340097634808
1002,131.60318912351,45.8094100677068,SSP245,2050,0.000217094590313938
1003,132.501504407629,45.8094100677068,SSP245,2050,0.000231162460267997
1004,133.233182127971,45.8607042493194,SSP245,2050,0.000171489040126538
1016,79.9363938972813,44.9066047477668,SSP245,2050,0.000265004007788394
1017,80.4564404704518,44.9712759932945,SSP245,2050,0.000263663362838451
1018,81.3471555017718,45.0528063060372,SSP245,2050,0.00102177489979816
1019,82.2140548287345,45.0946694965179,SSP245,2050,0.00345974911994573
1020,83.0941637810557,45.1797310861844,SSP245,2050,0.000286587934906324
1021,83.9924790651753,45.1797310861844,SSP245,2050,0.00159016732592532
1022,84.8907943492948,45.1797310861844,SSP245,2050,0.0578735773932093
1023,85.7891096334143,45.1797310861844,SSP245,2050,0.000278598797567975
1024,86.6874249175338,45.1797310861844,SSP245,2050,0.000209702137159429
1025,87.5857402016533,45.1797310861844,SSP245,2050,0.0012925057557539
1026,88.4840554857729,45.1797310861844,SSP245,2050,0.000159657716138906
1027,89.3823707698924,45.1797310861844,SSP245,2050,0.00247010814996596
1028,90.2800829501215,45.1793106464764,SSP245,2050,0.000380545149010092
1029,91.1194345968524,45.0364794852579,SSP245,2050,0.000357465160021331
1030,92.0417781335629,44.9627999803671,SSP245,2050,0.000122965635219074
1031,92.9584517272128,44.9452867559723,SSP245,2050,0.000128685699925635
1032,93.5464982617403,44.9115270827412,SSP245,2050,0.000144946270703161
1052,112.010960226976,44.9572125033315,SSP245,2050,0.000307495923340562
1053,112.434486393606,44.939557062824,SSP245,2050,0.000356026624627082
1054,113.990734958105,44.9006753118312,SSP245,2050,0.000540262741594355
1055,114.618557263157,45.0954099368791,SSP245,2050,0.000848203512540446
1056,115.452379275369,45.1497868782039,SSP245,2050,0.000459119412280717
1057,116.331829293478,45.1797310861844,SSP245,2050,0.00116463487937779
1058,117.230144577598,45.1797310861844,SSP245,2050,0.000597068397361178
1059,118.128459861717,45.1797310861844,SSP245,2050,0.000221715132024403
1060,119.026775145837,45.1797310861844,SSP245,2050,0.000266923582369238
1061,119.925090429956,45.1797310861844,SSP245,2050,0.000292027197158595
1062,120.823405714076,45.1797310861844,SSP245,2050,0.000261426859343161
1063,121.721720998195,45.1797310861844,SSP245,2050,0.000668320376692067
1064,122.620036282315,45.1797310861844,SSP245,2050,0.0101630887695453
1065,123.518351566434,45.1797310861844,SSP245,2050,0.00105654986106274
1066,124.416666850554,45.1797310861844,SSP245,2050,0.00947145215514988
1067,125.314982134673,45.1797310861844,SSP245,2050,0.000324104110471679
1068,126.213297418793,45.1797310861844,SSP245,2050,0.00186240828758122
1069,127.111612702912,45.1797310861844,SSP245,2050,0.00199969875594641
1070,128.009927987032,45.1797310861844,SSP245,2050,0.00283228566911342
1071,128.908243271151,45.1797310861844,SSP245,2050,0.000299087899144679
1072,129.806558555271,45.1797310861844,SSP245,2050,0.000275912086026731
1073,130.699693229755,45.1837349789964,SSP245,2050,0.000524230696999362
1074,131.511355856558,45.2733694799337,SSP245,2050,0.000166056459435571
1075,132.539464402326,45.3003609509092,SSP245,2050,0.000430766779086711
1076,133.015704468497,45.2952727602257,SSP245,2050,0.000160613528140563
1088,79.9436488587448,44.8526351994795,SSP245,2050,0.000265004007788394
1089,80.5706542667929,44.5815399614433,SSP245,2050,0.0004267486588172
1090,81.2975332128167,44.5430108142727,SSP245,2050,0.0342252507607624
1091,82.1958484969362,44.5430108142727,SSP245,2050,0.000605056441179475
1092,83.0941637810557,44.5430108142727,SSP245,2050,0.00237006497528225
1093,83.9924790651753,44.5430108142727,SSP245,2050,0.000899961460979482
1094,84.8907943492948,44.5430108142727,SSP245,2050,0.114206270594871
1095,85.7891096334143,44.5430108142727,SSP245,2050,0.251669679766302
1096,86.6874249175338,44.5430108142727,SSP245,2050,0.006091787040582
1097,87.5857402016533,44.5430108142727,SSP245,2050,0.0868368229627852
1098,88.4840554857729,44.5430108142727,SSP245,2050,0.000597302580984449
1099,89.3823707698924,44.5430108142727,SSP245,2050,0.000253681717989229
1100,90.2806860540119,44.5430108142727,SSP245,2050,0.000211014553405775
1101,91.1790013381314,44.5430108142727,SSP245,2050,0.000195412980296794
1102,92.077316622251,44.5430108142727,SSP245,2050,0.000123846105583691
1103,92.9756319063705,44.5430108142727,SSP245,2050,0.000233938875866424
1104,93.8402729088573,44.513471030713,SSP245,2050,0.000147584442108717
1105,94.6153384661333,44.3328496760139,SSP245,2050,0.000155030135057577
1106,95.30953572512,44.2619661087531,SSP245,2050,0.00015454582493768
1124,111.895110475411,44.5287576899889,SSP245,2050,0.00023550278101947
1125,112.72877469682,44.533244994128,SSP245,2050,0.000497456619364733
1126,113.652927758688,44.5158677912215,SSP245,2050,0.000603082696652102
1127,114.535198725239,44.5430108142727,SSP245,2050,0.00110338562979329
1128,115.433514009359,44.5430108142727,SSP245,2050,0.000934401302298826
1129,116.331829293478,44.5430108142727,SSP245,2050,0.000426191255336716
1130,117.230144577598,44.5430108142727,SSP245,2050,0.000529160796519546
1131,118.128459861717,44.5430108142727,SSP245,2050,0.000440969206035757
1132,119.026775145837,44.5430108142727,SSP245,2050,0.000517017746975546
1133,119.925090429956,44.5430108142727,SSP245,2050,0.000404084874080612
1134,120.823405714076,44.5430108142727,SSP245,2050,0.000310979835746683
1135,121.721720998195,44.5430108142727,SSP245,2050,0.000300330265336046
1136,122.620036282315,44.5430108142727,SSP245,2050,0.000397608547798023
1137,123.518351566434,44.5430108142727,SSP245,2050,0.000464440695862711
1138,124.416666850554,44.5430108142727,SSP245,2050,0.00286631339909216
1139,125.314982134673,44.5430108142727,SSP245,2050,0.00104196699561387
1140,126.213297418793,44.5430108142727,SSP245,2050,0.000684198314043316
1141,127.111612702912,44.5430108142727,SSP245,2050,0.000514921458806383
1142,128.009927987032,44.5430108142727,SSP245,2050,0.000646784900420583
1143,128.908243271151,44.5430108142727,SSP245,2050,0.00143141940423652
1144,129.806558555271,44.5430108142727,SSP245,2050,0.00313612624469395
1145,130.672759861699,44.5283973535412,SSP245,2050,0.000282013619758659
1146,131.172650604186,44.2763016588904,SSP245,2050,0.000162316529795259
1161,80.6755289831368,43.9406838257672,SSP245,2050,0.0105685538770804
1162,81.2975332128167,43.8992500285015,SSP245,2050,0.0378725009341523
1163,82.1958484969362,43.8992500285015,SSP245,2050,0.00337342291531773
1164,83.0941637810557,43.8992500285015,SSP245,2050,0.00730558094081502
1165,83.9924790651753,43.8992500285015,SSP245,2050,0.0159639292267338
1166,84.8907943492948,43.8992500285015,SSP245,2050,0.0138087018002844
1167,85.7891096334143,43.8992500285015,SSP245,2050,0.162400813613997
1168,86.6874249175338,43.8992500285015,SSP245,2050,0.00293439938173157
1169,87.5857402016533,43.8992500285015,SSP245,2050,0.563747759542939
1170,88.4840554857729,43.8992500285015,SSP245,2050,0.00705542170486062
1171,89.3823707698924,43.8992500285015,SSP245,2050,0.000718928949941633
1172,90.2806860540119,43.8992500285015,SSP245,2050,0.000337208158263103
1173,91.1790013381314,43.8992500285015,SSP245,2050,0.000153102070940991
1174,92.077316622251,43.8992500285015,SSP245,2050,0.000155173049030011
1175,92.9756319063705,43.8992500285015,SSP245,2050,0.00145730563301849
1176,93.87394719049,43.8992500285015,SSP245,2050,0.000126387343140522
1177,94.7722624746095,43.8992500285015,SSP245,2050,0.000137061739182043
1178,95.4144637873526,43.8172689954224,SSP245,2050,0.000142924394787913
1196,111.997167349209,43.9341148912802,SSP245,2050,0.000665610719586041
1197,112.738568157,43.8992500285015,SSP245,2050,0.000467054759406005
1198,113.636883441119,43.8992500285015,SSP245,2050,0.000520511613912977
1199,114.535198725239,43.8992500285015,SSP245,2050,0.00722362789710374
1200,115.433514009358,43.8992500285015,SSP245,2050,0.00163510682192269
1201,116.331829293478,43.8992500285015,SSP245,2050,0.0114299598873531
1202,117.230144577598,43.8992500285015,SSP245,2050,0.00491745195127336
1203,118.128459861717,43.8992500285015,SSP245,2050,0.000861221840573467
1204,119.026775145837,43.8992500285015,SSP245,2050,0.000525297524524349
1205,119.925090429956,43.8992500285015,SSP245,2050,0.00142449053318994
1206,120.823405714076,43.8992500285015,SSP245,2050,0.000506321456403946
1207,121.721720998195,43.8992500285015,SSP245,2050,0.000407311685488021
1208,122.620036282315,43.8992500285015,SSP245,2050,0.00102985791162558
1209,123.518351566434,43.8992500285015,SSP245,2050,0.00131213532505525
1210,124.416666850554,43.8992500285015,SSP245,2050,0.00120859490867564
1211,125.314982134673,43.8992500285015,SSP245,2050,0.419099278376386
1212,126.213297418793,43.8992500285015,SSP245,2050,0.0506179549379436
1213,127.111612702912,43.8992500285015,SSP245,2050,0.00405485830994534
1214,128.009927987032,43.8992500285015,SSP245,2050,0.000619516118077645
1215,128.908243271151,43.8992500285015,SSP245,2050,0.00287562477221748
1216,129.806558555271,43.8992500285015,SSP245,2050,0.000260496151575973
1217,130.704582630247,43.8993103095403,SSP245,2050,0.000166704616571201
1218,131.186676988833,44.0503076834506,SSP245,2050,0.000161159837225755
1233,80.7030751081177,43.1562486557851,SSP245,2050,0.000323648731563986
1234,81.2975332128167,43.248453049607,SSP245,2050,0.0135525846353243
1235,82.1958484969362,43.248453049607,SSP245,2050,0.0172462291930904
1236,83.0941637810557,43.248453049607,SSP245,2050,0.0433073322799057
1237,83.9924790651753,43.248453049607,SSP245,2050,0.0449491904707379
1238,84.8907943492948,43.248453049607,SSP245,2050,0.00374463927147373
1239,85.7891096334143,43.248453049607,SSP245,2050,0.000751786141477639
1240,86.6874249175338,43.248453049607,SSP245,2050,0.00202999186284725
1241,87.5857402016533,43.248453049607,SSP245,2050,0.201487277298186
1242,88.4840554857729,43.248453049607,SSP245,2050,0.00295602369804016
1243,89.3823707698924,43.248453049607,SSP245,2050,0.00151020356799536
1244,90.2806860540119,43.248453049607,SSP245,2050,0.000308692847341807
1245,91.1790013381314,43.248453049607,SSP245,2050,0.000255659972775657
1246,92.077316622251,43.248453049607,SSP245,2050,0.000326828797356127
1247,92.9756319063705,43.248453049607,SSP245,2050,0.000235368589850626
1248,93.87394719049,43.248453049607,SSP245,2050,0.00119926975288465
1249,94.7722624746095,43.248453049607,SSP245,2050,0.000394059280257264
1250,95.5933874791401,43.2155213017952,SSP245,2050,0.000143956916243249
1251,96.1858805876544,42.9701353819985,SSP245,2050,0.000147883814369809
1267,111.07658365322,43.1252903048484,SSP245,2050,0.00036545643863084
1268,111.851925386763,43.2390308010058,SSP245,2050,0.000774416907699749
1269,112.738568157,43.248453049607,SSP245,2050,0.000461267422946832
1270,113.636883441119,43.248453049607,SSP245,2050,0.000431740247098689
1271,114.535198725239,43.248453049607,SSP245,2050,0.00522173821077676
1272,115.433514009359,43.248453049607,SSP245,2050,0.00375586856132015
1273,116.331829293478,43.248453049607,SSP245,2050,0.00957398905711182
1274,117.230144577598,43.248453049607,SSP245,2050,0.00405708401826388
1275,118.128459861717,43.248453049607,SSP245,2050,0.000730811284313182
1276,119.026775145837,43.248453049607,SSP245,2050,0.00187689776486955
1277,119.925090429956,43.248453049607,SSP245,2050,0.000284612067716128
1278,120.823405714076,43.248453049607,SSP245,2050,0.000283172963922107
1279,121.721720998195,43.248453049607,SSP245,2050,0.000359507093489531
1280,122.620036282315,43.248453049607,SSP245,2050,0.000319940045314993
1281,123.518351566434,43.248453049607,SSP245,2050,0.0175122005166205
1282,124.416666850554,43.2484530496071,SSP245,2050,0.00162761268725331
1283,125.314982134673,43.248453049607,SSP245,2050,0.00510567295599174
1284,126.213297418793,43.248453049607,SSP245,2050,0.0010099744576626
1285,127.111612702912,43.248453049607,SSP245,2050,0.000433838760479643
1286,128.009927987032,43.248453049607,SSP245,2050,0.000876091695063863
1287,128.908243271151,43.248453049607,SSP245,2050,0.00021632776213909
1288,129.802811080537,43.2568013608888,SSP245,2050,0.000673603455184191
1289,130.689203399301,43.25753161573,SSP245,2050,0.00733862165200683
1290,131.180801633405,43.3955850213517,SSP245,2050,0.000182895802468885
1305,80.5331240840171,42.570150221232,SSP245,2050,0.00529902325833653
1306,81.2975332128167,42.5906278568488,SSP245,2050,0.00101671863047803
1307,82.1958484969362,42.5906278568488,SSP245,2050,0.000740751695372355
1308,83.0941637810557,42.5906278568488,SSP245,2050,0.00155434537981214
1309,83.9924790651753,42.5906278568488,SSP245,2050,0.00775099655655209
1310,84.8907943492948,42.5906278568488,SSP245,2050,0.000275398036421626
1311,85.7891096334143,42.5906278568488,SSP245,2050,0.000271866555411116
1312,86.6874249175338,42.5906278568488,SSP245,2050,0.000366530859149505
1313,87.5857402016533,42.5906278568488,SSP245,2050,0.00417861956745935
1314,88.4840554857729,42.5906278568488,SSP245,2050,0.00272982581271042
1315,89.3823707698924,42.5906278568488,SSP245,2050,0.00130923278897821
1316,90.2806860540119,42.5906278568488,SSP245,2050,0.00103997278784274
1317,91.1790013381314,42.5906278568488,SSP245,2050,0.000123906280560249
1318,92.0773166222509,42.5906278568488,SSP245,2050,0.000296979253068819
1319,92.9756319063705,42.5906278568488,SSP245,2050,0.000716515047356814
1320,93.87394719049,42.5906278568488,SSP245,2050,0.00169184551633683
1321,94.7722624746095,42.5906278568488,SSP245,2050,0.000624603774250554
1322,95.670577758729,42.5906278568489,SSP245,2050,0.000332018728266714
1323,96.5427021819796,42.5312882153912,SSP245,2050,0.000158575722046916
1324,97.4502289847477,42.5031340987946,SSP245,2050,0.000150275210538786
1325,98.3526296825811,42.4483079839519,SSP245,2050,0.000158934909023079
1326,99.2565830108415,42.4190381688162,SSP245,2050,0.000159334105181097
1327,100.178702434497,42.4533079720676,SSP245,2050,0.000191143779698644
1328,101.023852221463,42.4373705560413,SSP245,2050,0.00177124992304001
1329,101.70268984272,42.3688234486571,SSP245,2050,0.000160074257120391
1334,106.887424536544,42.2624944487364,SSP245,2050,0.0003904395182871
1335,107.441645799222,42.3202655678622,SSP245,2050,0.000302706273111797
1336,108.247241899994,42.3323011677378,SSP245,2050,0.000480887614567216
1337,109.178153777824,42.3428442277352,SSP245,2050,0.000481226358523101
1338,110.098759691491,42.4796242238723,SSP245,2050,0.000462008605357944
1339,110.942232477379,42.5904115404423,SSP245,2050,0.000552255352060826
1340,111.84025287288,42.5906278568488,SSP245,2050,0.000683423502172986
1341,112.738568157,42.5906278568488,SSP245,2050,0.000780667036670235
1342,113.636883441119,42.5906278568488,SSP245,2050,0.000698847767144684
1343,114.535198725239,42.5906278568488,SSP245,2050,0.000304830317010341
1344,115.433514009358,42.5906278568488,SSP245,2050,0.000427096954575545
1345,116.331829293478,42.5906278568488,SSP245,2050,0.00286523132521332
1346,117.230144577598,42.5906278568488,SSP245,2050,0.013748816013352
1347,118.128459861717,42.5906278568489,SSP245,2050,0.000427721874442621
1348,119.026775145837,42.5906278568488,SSP245,2050,0.0054105720038129
1349,119.925090429956,42.5906278568489,SSP245,2050,0.000460037874120634
1350,120.823405714076,42.5906278568489,SSP245,2050,0.000501553420725776
1351,121.721720998195,42.5906278568488,SSP245,2050,0.000417170783186482
1352,122.620036282315,42.5906278568488,SSP245,2050,0.00305578597943523
1353,123.518351566434,42.5906278568489,SSP245,2050,0.00807398295153539
1354,124.416666850554,42.5906278568488,SSP245,2050,0.00127234341369153
1355,125.314982134673,42.5906278568489,SSP245,2050,0.000531238981258508
1356,126.213297418793,42.5906278568488,SSP245,2050,0.000302628138516226
1357,127.111612702912,42.5906278568488,SSP245,2050,0.00117110361654738
1358,128.009927987032,42.5906278568488,SSP245,2050,0.00648320826700743
1359,128.893704673033,42.6008141799495,SSP245,2050,0.00361982377149195
1360,129.585860189338,42.6862388789742,SSP245,2050,0.0177520079506228
1361,130.482257284338,42.7738508614804,SSP245,2050,0.105521116504526
1375,78.9813123858114,41.6228380678697,SSP245,2050,0.000355321424982069
1376,79.5959340595915,41.7445482896672,SSP245,2050,0.000349732142563508
1377,80.4251775731921,41.9070144310611,SSP245,2050,0.00143549767059015
1378,81.2975332128167,41.9257862013885,SSP245,2050,0.000376794806394076
1379,82.1958484969362,41.9257862013885,SSP245,2050,0.00242979897976547
1380,83.0941637810557,41.9257862013885,SSP245,2050,0.0043500923308587
1381,83.9924790651753,41.9257862013885,SSP245,2050,0.00044502764523402
1382,84.8907943492948,41.9257862013885,SSP245,2050,0.000604120583007517
1383,85.7891096334143,41.9257862013885,SSP245,2050,0.0137371517746483
1384,86.6874249175338,41.9257862013885,SSP245,2050,0.00439498728195464
1385,87.5857402016533,41.9257862013885,SSP245,2050,0.00046812402061569
1386,88.4840554857729,41.9257862013885,SSP245,2050,0.00022055024354295
1387,89.3823707698924,41.9257862013885,SSP245,2050,0.000138334430388576
1388,90.2806860540119,41.9257862013885,SSP245,2050,0.000216063864043159
1389,91.1790013381314,41.9257862013885,SSP245,2050,0.00018713744798704
1390,92.077316622251,41.9257862013885,SSP245,2050,0.000200861469736524
1391,92.9756319063705,41.9257862013885,SSP245,2050,0.000168224837786446
1392,93.87394719049,41.9257862013885,SSP245,2050,0.000262691207182697
1393,94.7722624746095,41.9257862013885,SSP245,2050,0.000214925120221809
1394,95.670577758729,41.9257862013885,SSP245,2050,0.000164322210166157
1395,96.5688930428485,41.9257862013885,SSP245,2050,0.000183866544502975
1396,97.4672083269681,41.9257862013885,SSP245,2050,0.000180379397071939
1397,98.3655236110876,41.9257862013885,SSP245,2050,0.000175169227466854
1398,99.2638388952071,41.9257862013885,SSP245,2050,0.000173771512351983
1399,100.162154179327,41.9257862013885,SSP245,2050,0.000169460917903375
1400,101.060469463446,41.9257862013885,SSP245,2050,0.00270034462651669
1401,101.942646001794,41.9095453364348,SSP245,2050,0.000224690058840626
1402,102.812601119577,41.831065132166,SSP245,2050,0.000188209450090127
1403,103.72746780193,41.7013626400191,SSP245,2050,0.000271270351968722
1404,104.431859190234,41.6928070641039,SSP245,2050,0.000294607672729597
1405,105.660821468978,41.7409076712434,SSP245,2050,0.00034098868025223
1406,106.48529662286,41.8786923088043,SSP245,2050,0.000337155365752073
1407,107.348676452283,41.9257862013885,SSP245,2050,0.000410620237090931
1408,108.246991736402,41.9257862013885,SSP245,2050,0.000475750299825384
1409,109.145307020522,41.9257862013885,SSP245,2050,0.000495675133315832
1410,110.043622304641,41.9257862013885,SSP245,2050,0.000566469589982521
1411,110.941937588761,41.9257862013885,SSP245,2050,0.000552474458469954
1412,111.84025287288,41.9257862013885,SSP245,2050,0.00104963549045445
1413,112.738568157,41.9257862013885,SSP245,2050,0.00539234825355661
1414,113.636883441119,41.9257862013885,SSP245,2050,0.000701780280342734
1415,114.535198725239,41.9257862013885,SSP245,2050,0.00657254104006377
1416,115.433514009359,41.9257862013885,SSP245,2050,0.0086606866436939
1417,116.331829293478,41.9257862013885,SSP245,2050,0.00560077849316298
1418,117.230144577598,41.9257862013885,SSP245,2050,0.00294141710932971
1419,118.128459861717,41.9257862013885,SSP245,2050,0.00134738809281598
1420,119.026775145837,41.9257862013885,SSP245,2050,0.0020873326381774
1421,119.925090429956,41.9257862013885,SSP245,2050,0.000586836037692273
1422,120.823405714076,41.9257862013885,SSP245,2050,0.0145101030517657
1423,121.721720998195,41.9257862013885,SSP245,2050,0.00457655873206608
1424,122.620036282315,41.9257862013885,SSP245,2050,0.00881831852841886
1425,123.518351566434,41.9257862013885,SSP245,2050,0.779521293084251
1426,124.416666850554,41.9257862013885,SSP245,2050,0.0259219972744648
1427,125.314982134673,41.9257862013885,SSP245,2050,0.00246668072012246
1428,126.212413105333,41.9264251636035,SSP245,2050,0.00250267475315646
1429,127.131530251111,41.9497474286265,SSP245,2050,0.00851473273486181
1430,127.926487556897,41.9602354870851,SSP245,2050,0.0144030814454451
1431,128.757660683326,42.1461834407202,SSP245,2050,0.000273539961992975
1445,77.0314363164389,40.9712350645775,SSP245,2050,0.000313503039533369
1446,77.8144746348776,41.0199114750087,SSP245,2050,0.000328135065499779
1447,78.6404396109219,41.2081229775401,SSP245,2050,0.000429387456294728
1448,79.5009026445776,41.2539437184118,SSP245,2050,0.00076056983707562
1449,80.3992179286972,41.2539437184118,SSP245,2050,0.00660745326512879
1450,81.2975332128167,41.2539437184118,SSP245,2050,0.000485179820537751
1451,82.1958484969362,41.2539437184118,SSP245,2050,0.000294387632037263
1452,83.0941637810557,41.2539437184118,SSP245,2050,0.000781777019078556
1453,83.9924790651753,41.2539437184118,SSP245,2050,0.00445688326327809
1454,84.8907943492948,41.2539437184118,SSP245,2050,0.000288196658108864
1455,85.7891096334143,41.2539437184118,SSP245,2050,0.00241542019356178
1456,86.6874249175338,41.2539437184118,SSP245,2050,0.00392154428749303
1457,87.5857402016533,41.2539437184118,SSP245,2050,0.000281980035252594
1458,88.4840554857729,41.2539437184118,SSP245,2050,0.000213852356908295
1459,89.3823707698924,41.2539437184118,SSP245,2050,0.000194186582969325
1460,90.2806860540119,41.2539437184118,SSP245,2050,0.000166785543627257
1461,91.1790013381314,41.2539437184118,SSP245,2050,0.000382522719611478
1462,92.077316622251,41.2539437184118,SSP245,2050,0.000459390278978122
1463,92.9756319063705,41.2539437184118,SSP245,2050,0.000147230328406245
1464,93.87394719049,41.2539437184118,SSP245,2050,0.000180134480595728
1465,94.7722624746095,41.2539437184118,SSP245,2050,0.000168131505531188
1466,95.670577758729,41.2539437184118,SSP245,2050,0.000303927209413524
1467,96.5688930428485,41.2539437184118,SSP245,2050,0.000206790006106683
1468,97.4672083269681,41.2539437184118,SSP245,2050,0.0002831838916868
1469,98.3655236110876,41.2539437184118,SSP245,2050,0.000211303029279741
1470,99.2638388952071,41.2539437184118,SSP245,2050,0.000196673168797457
1471,100.162154179327,41.2539437184118,SSP245,2050,0.00354622681825345
1472,101.060469463446,41.2539437184118,SSP245,2050,0.000168385455008746
1473,101.958784747566,41.2539437184118,SSP245,2050,0.000182735272625467
1474,102.857100031685,41.2539437184118,SSP245,2050,0.000262723008712995
1475,103.755415315805,41.2539437184118,SSP245,2050,0.000292311991748062
1476,104.653021784128,41.2532779088603,SSP245,2050,0.000758671887378659
1477,105.552045884044,41.2539437184118,SSP245,2050,0.000349038540011892
1478,106.450361168163,41.2539437184118,SSP245,2050,0.000300934954579724
1479,107.348676452283,41.2539437184118,SSP245,2050,0.000565015706684435
1480,108.246991736402,41.2539437184118,SSP245,2050,0.000685970030442573
1481,109.145307020522,41.2539437184118,SSP245,2050,0.00163874580731116
1482,110.043622304641,41.2539437184118,SSP245,2050,0.000615438361215914
1483,110.941937588761,41.2539437184118,SSP245,2050,0.0012816717297307
1484,111.84025287288,41.2539437184118,SSP245,2050,0.0161702835925334
1485,112.738568157,41.2539437184118,SSP245,2050,0.00515756206446127
1486,113.636883441119,41.2539437184118,SSP245,2050,0.00387352056689239
1487,114.535198725239,41.2539437184118,SSP245,2050,0.00304795875644648
1488,115.433514009359,41.2539437184118,SSP245,2050,0.107743999501317
1489,116.331829293478,41.2539437184118,SSP245,2050,0.0227147688829114
1490,117.230144577598,41.2539437184118,SSP245,2050,0.000421159807275195
1491,118.128459861717,41.2539437184118,SSP245,2050,0.00613284651236101
1492,119.026775145837,41.2539437184118,SSP245,2050,0.00173290126324444
1493,119.925090429956,41.2539437184118,SSP245,2050,0.0108834845340857
1494,120.822163757095,41.2550195371267,SSP245,2050,0.0221297089166856
1495,121.719972632914,41.2642875298532,SSP245,2050,0.12211514426921
1496,122.620036282315,41.2539437184118,SSP245,2050,0.0220134350226789
1497,123.518351566434,41.2539437184118,SSP245,2050,0.0924051068940825
1498,124.416666850554,41.2539437184118,SSP245,2050,0.00622473064473217
1499,125.314982134673,41.2539437184118,SSP245,2050,0.000529151947570861
1500,126.084041655184,41.3199422813251,SSP245,2050,0.000929065040971899
1501,127.372353444627,41.5264493227708,SSP245,2050,0.000305860949847303
1502,127.895481934282,41.4968124141756,SSP245,2050,0.000419270695699803
1515,75.1271582199641,40.3521889033288,SSP245,2050,0.000463060509417024
1516,75.8227459082286,40.3569746511942,SSP245,2050,0.000462388723442619
1517,76.9010004417236,40.5382763445894,SSP245,2050,0.000298251129940974
1518,77.7042720763386,40.5751200376639,SSP245,2050,0.000517486672478529
1519,78.6025873604581,40.5751200376639,SSP245,2050,0.000302679644073045
1520,79.5009026445776,40.5751200376639,SSP245,2050,0.000736457261616197
1521,80.3992179286972,40.5751200376639,SSP245,2050,0.0007106455781003
1522,81.2975332128167,40.5751200376639,SSP245,2050,0.00172176956668291
1523,82.1958484969362,40.5751200376639,SSP245,2050,0.0003752669788607
1524,83.0941637810557,40.5751200376639,SSP245,2050,0.000255071425224074
1525,83.9924790651753,40.5751200376639,SSP245,2050,0.000228776442509515
1526,84.8907943492948,40.5751200376639,SSP245,2050,0.000301669285783346
1527,85.7891096334143,40.5751200376639,SSP245,2050,0.000270363260846174
1528,86.6874249175338,40.5751200376639,SSP245,2050,0.000643509010132215
1529,87.5857402016533,40.5751200376639,SSP245,2050,0.00028328468761385
1530,88.4840554857729,40.5751200376639,SSP245,2050,0.000215273292677454
1531,89.3823707698924,40.5751200376639,SSP245,2050,0.000216584625773786
1532,90.2806860540119,40.5751200376639,SSP245,2050,0.000444055153145939
1533,91.1790013381314,40.5751200376639,SSP245,2050,0.00106636874706278
1534,92.0773166222509,40.5751200376639,SSP245,2050,0.000295625631656526
1535,92.9756319063705,40.5751200376639,SSP245,2050,0.000790058057693499
1536,93.87394719049,40.5751200376639,SSP245,2050,0.000948059003629043
1537,94.7722624746095,40.5751200376639,SSP245,2050,0.000287871798546946
1538,95.670577758729,40.5751200376639,SSP245,2050,0.00138333659181822
1539,96.5688930428486,40.5751200376639,SSP245,2050,0.000502607999970928
1540,97.4672083269681,40.5751200376639,SSP245,2050,0.00083544121426693
1541,98.3655236110876,40.5751200376639,SSP245,2050,0.000261140901480883
1542,99.2638388952071,40.5751200376639,SSP245,2050,0.000883460802485803
1543,100.162154179327,40.5751200376639,SSP245,2050,0.000253097546905945
1544,101.060469463446,40.5751200376639,SSP245,2050,0.000220962549448256
1545,101.958784747566,40.5751200376639,SSP245,2050,0.000217577420713266
1546,102.857100031685,40.5751200376639,SSP245,2050,0.000290220259851703
1547,103.755415315805,40.5751200376639,SSP245,2050,0.000318147370045763
1548,104.653730599924,40.5751200376639,SSP245,2050,0.000268027632476575
1549,105.552045884044,40.5751200376639,SSP245,2050,0.000406652996283063
1550,106.450361168163,40.5751200376639,SSP245,2050,0.00331377601200855
1551,107.348676452283,40.5751200376639,SSP245,2050,0.0068748894691264
1552,108.246991736402,40.5751200376639,SSP245,2050,0.0011411499669417
1553,109.145307020522,40.5751200376639,SSP245,2050,0.00659841343269807
1554,110.043622304641,40.5751200376639,SSP245,2050,0.01167953900997
1555,110.941937588761,40.5751200376639,SSP245,2050,0.00365717059641346
1556,111.84025287288,40.5751200376639,SSP245,2050,0.195421262778015
1557,112.738568157,40.5751200376639,SSP245,2050,0.0027923898844876
1558,113.636883441119,40.5751200376639,SSP245,2050,0.00652216176268661
1559,114.535198725239,40.5751200376638,SSP245,2050,0.00380450490854412
1560,115.433514009359,40.5751200376639,SSP245,2050,0.93903213024812
1561,116.331829293478,40.5751200376639,SSP245,2050,0.929644614351438
1562,117.230144577598,40.5751200376639,SSP245,2050,0.634685771158337
1563,118.128459861717,40.5751200376639,SSP245,2050,0.00141682400873577
1564,119.026775145837,40.5751200376639,SSP245,2050,0.00565295205086525
1565,119.925090429956,40.5751200376639,SSP245,2050,0.00891915021904843
1566,120.612123422316,40.684860817085,SSP245,2050,0.0050261939606403
1567,122.026119896069,40.7249288576241,SSP245,2050,
1568,122.625492920489,40.5762521857515,SSP245,2050,0.00781912954660813
1569,123.518351566434,40.5751200376639,SSP245,2050,0.000889950813127038
1570,124.393809583038,40.5932873981844,SSP245,2050,0.0114334769271781
1571,125.202784575777,40.7466398157893,SSP245,2050,0.000695135286424842
1572,125.872694377099,40.9009174161831,SSP245,2050,0.000257616255973758
1586,74.2592843866313,39.8369351596155,SSP245,2050,0.00131800419441186
1587,75.0093738458061,39.8893022926001,SSP245,2050,0.00168194185730086
1588,75.9076415080996,39.8893388920514,SSP245,2050,0.00182167280040957
1589,76.8059567922191,39.8893388920514,SSP245,2050,0.000783823467384703
1590,77.7042720763386,39.8893388920514,SSP245,2050,0.00151846819013457
1591,78.6025873604581,39.8893388920514,SSP245,2050,0.00209193860956247
1592,79.5009026445777,39.8893388920514,SSP245,2050,0.000766866612443407
1593,80.3992179286972,39.8893388920514,SSP245,2050,0.00041306340003433
1594,81.2975332128167,39.8893388920514,SSP245,2050,0.000521357860675975
1595,82.1958484969362,39.8893388920514,SSP245,2050,0.000241595434692599
1596,83.0941637810557,39.8893388920514,SSP245,2050,0.000339418708401373
1597,83.9924790651753,39.8893388920514,SSP245,2050,0.000467540291793522
1598,84.8907943492948,39.8893388920514,SSP245,2050,0.000341225572417225
1599,85.7891096334143,39.8893388920514,SSP245,2050,0.000422623793221333
1600,86.6874249175338,39.8893388920514,SSP245,2050,0.000742148804233289
1601,87.5857402016533,39.8893388920514,SSP245,2050,0.000310709006078214
1602,88.4840554857729,39.8893388920514,SSP245,2050,0.000434087603135125
1603,89.3823707698924,39.8893388920514,SSP245,2050,0.000285882081754729
1604,90.2806860540119,39.8893388920514,SSP245,2050,0.00045739794387567
1605,91.1790013381314,39.8893388920514,SSP245,2050,0.000438230326295752
1606,92.077316622251,39.8893388920514,SSP245,2050,0.000349051478477969
1607,92.9756319063705,39.8893388920514,SSP245,2050,0.00078413635653618
1608,93.87394719049,39.8893388920514,SSP245,2050,0.00244914273770736
1609,94.7722624746095,39.8893388920514,SSP245,2050,0.0146513796449738
1610,95.670577758729,39.8893388920514,SSP245,2050,0.00167209614068653
1611,96.5688930428485,39.8893388920514,SSP245,2050,0.000498460579294258
1612,97.4672083269681,39.8893388920514,SSP245,2050,0.00105097742813953
1613,98.3655236110876,39.8893388920514,SSP245,2050,0.00367358380492966
1614,99.2638388952071,39.8893388920514,SSP245,2050,0.00140214576750763
1615,100.162154179327,39.8893388920514,SSP245,2050,0.000421797867451668
1616,101.060469463446,39.8893388920514,SSP245,2050,0.000397761954346154
1617,101.958784747566,39.8893388920514,SSP245,2050,0.000351779917667217
1618,102.857100031685,39.8893388920514,SSP245,2050,0.000397425680835117
1619,103.755415315805,39.8893388920514,SSP245,2050,0.000426658295377358
1620,104.653730599924,39.8893388920514,SSP245,2050,0.0012830446014499
1621,105.552045884044,39.8893388920514,SSP245,2050,0.000443292678830365
1622,106.450361168163,39.8893388920514,SSP245,2050,0.0183672839644361
1623,107.348676452283,39.8893388920514,SSP245,2050,0.000618164157640155
1624,108.246991736402,39.8893388920514,SSP245,2050,0.000580119070422769
1625,109.145307020522,39.8893388920514,SSP245,2050,0.00116627825616766
1626,110.043622304641,39.8893388920514,SSP245,2050,0.00371097592321257
1627,110.941937588761,39.8893388920514,SSP245,2050,0.00155925803091106
1628,111.84025287288,39.8893388920514,SSP245,2050,0.000571229849513966
1629,112.738568157,39.8893388920514,SSP245,2050,0.0153463548947154
1630,113.636883441119,39.8893388920514,SSP245,2050,0.0512874905957342
1631,114.535198725239,39.8893388920514,SSP245,2050,0.00512233259024419
1632,115.433514009358,39.8893388920514,SSP245,2050,0.731660832473614
1633,116.331829293478,39.8893388920515,SSP245,2050,1
1634,117.230144577598,39.8893388920514,SSP245,2050,0.496852775680358
1635,118.128459861717,39.8893388920514,SSP245,2050,0.014643413714962
1636,119.000638569385,39.9070696693149,SSP245,2050,0.022714645842841
1637,119.780247113583,40.1004167779105,SSP245,2050,0.154947149700407
1639,121.854415223062,39.8013716911971,SSP245,2050,0.00721729728252862
1640,122.604872547557,39.9030267522865,SSP245,2050,0.00550103780066868
1641,123.487156775072,40.0086656775236,SSP245,2050,0.00327982608124577
1642,124.150922411075,40.0667953665598,SSP245,2050,0.00773993020000474
1657,73.6141100326944,39.3423035398834,SSP245,2050,0.000322868828257716
1658,74.147814595318,39.1994595351786,SSP245,2050,0.00101648692149359
1659,75.00932622398,39.1966282239535,SSP245,2050,0.00587203993557528
1660,75.9076415080996,39.1966282239535,SSP245,2050,0.0422774598308877
1661,76.8059567922191,39.1966282239535,SSP245,2050,0.000552286453155304
1662,77.7042720763386,39.1966282239535,SSP245,2050,0.00243814260020592
1663,78.6025873604581,39.1966282239535,SSP245,2050,0.000329822414150471
1664,79.5009026445776,39.1966282239535,SSP245,2050,0.000272772267448151
1665,80.3992179286972,39.1966282239535,SSP245,2050,0.000258995886471602
1666,81.2975332128167,39.1966282239535,SSP245,2050,0.000784418688810185
1667,82.1958484969362,39.1966282239535,SSP245,2050,0.000260184565500587
1668,83.0941637810558,39.1966282239535,SSP245,2050,0.000325105711321272
1669,83.9924790651753,39.1966282239535,SSP245,2050,0.0012255141065588
1670,84.8907943492948,39.1966282239535,SSP245,2050,0.000552026242624515
1671,85.7891096334143,39.1966282239535,SSP245,2050,0.000421268033680255
1672,86.6874249175338,39.1966282239535,SSP245,2050,0.000938774199819359
1673,87.5857402016533,39.1966282239535,SSP245,2050,0.000461741349556122
1674,88.4840554857729,39.1966282239535,SSP245,2050,0.00183285925956866
1675,89.3823707698924,39.1966282239535,SSP245,2050,0.000715795420359711
1676,90.2806860540119,39.1966282239535,SSP245,2050,0.00171081285843055
1677,91.1790013381314,39.1966282239535,SSP245,2050,0.00104240945471135
1678,92.077316622251,39.1966282239535,SSP245,2050,0.00120720293192012
1679,92.9756319063705,39.1966282239535,SSP245,2050,0.00103479119244032
1680,93.87394719049,39.1966282239535,SSP245,2050,0.00475079663567901
1681,94.7722624746095,39.1966282239535,SSP245,2050,0.00123853895470272
1682,95.670577758729,39.1966282239535,SSP245,2050,0.000530178652470403
1683,96.5688930428485,39.1966282239535,SSP245,2050,0.000635341592921113
1684,97.4672083269681,39.1966282239535,SSP245,2050,0.000964383944343394
1685,98.3655236110876,39.1966282239535,SSP245,2050,0.00244120718806773
1686,99.2638388952071,39.1966282239535,SSP245,2050,0.00279751409260154
1687,100.162154179327,39.1966282239535,SSP245,2050,0.0268216652044809
1688,101.060469463446,39.1966282239535,SSP245,2050,0.0012250962091287
1689,101.958784747566,39.1966282239535,SSP245,2050,0.000943992981454755
1690,102.857100031685,39.1966282239535,SSP245,2050,0.00042317791890667
1691,103.755415315805,39.1966282239535,SSP245,2050,0.000393077658196628
1692,104.653730599924,39.1966282239535,SSP245,2050,0.00105342938842823
1693,105.552045884044,39.1966282239535,SSP245,2050,0.0356300668592865
1694,106.450361168163,39.1966282239535,SSP245,2050,0.0122601644380723
1695,107.348676452283,39.1966282239535,SSP245,2050,0.00231057030892057
1696,108.246991736402,39.1966282239535,SSP245,2050,0.000774284172097017
1697,109.145307020522,39.1966282239535,SSP245,2050,0.000428991320063021
1698,110.043622304641,39.1966282239535,SSP245,2050,0.00373506918781252
1699,110.941937588761,39.1966282239535,SSP245,2050,0.0016045002743118
1700,111.84025287288,39.1966282239535,SSP245,2050,0.00193675684162065
1701,112.738568157,39.1966282239535,SSP245,2050,0.0038150075100607
1702,113.63688344112,39.1966282239535,SSP245,2050,0.0093779842378644
1703,114.535198725239,39.1966282239535,SSP245,2050,0.00527462870743312
1704,115.433514009359,39.1966282239535,SSP245,2050,0.0142438942002933
1705,116.331829293478,39.1966282239535,SSP245,2050,0.0584526527087378
1706,117.228110076583,39.1981868654922,SSP245,2050,0.989616558833498
1707,118.144855633027,39.3184915352931,SSP245,2050,
1708,118.859705174687,39.3561311640381,SSP245,2050,0.0128381001364553
1710,121.194863599229,39.0069158277496,SSP245,2050,
1711,121.7477690923,39.2514299701734,SSP245,2050,
1712,122.407887035842,39.4091472251908,SSP245,2050,
1713,123.138929147052,39.0683825545945,SSP245,2050,
1730,74.1455915283951,38.7408234252086,SSP245,2050,0.000352448091347934
1731,75.0831386667765,38.527938273115,SSP245,2050,0.0121051959526646
1732,75.9076415080996,38.4970202888683,SSP245,2050,0.00137004552877695
1733,76.8059567922191,38.4970202888683,SSP245,2050,0.00287313249848242
1734,77.7042720763386,38.4970202888683,SSP245,2050,0.00264711554519026
1735,78.6025873604581,38.4970202888683,SSP245,2050,0.00036793148700498
1736,79.5009026445777,38.4970202888683,SSP245,2050,0.000442905327021403
1737,80.3992179286972,38.4970202888683,SSP245,2050,0.000562446360745206
1738,81.2975332128167,38.4970202888683,SSP245,2050,0.000510969207507706
1739,82.1958484969362,38.4970202888683,SSP245,2050,0.00052076492628339
1740,83.0941637810557,38.4970202888683,SSP245,2050,0.000459379314379893
1741,83.9924790651753,38.4970202888683,SSP245,2050,0.000326592487448263
1742,84.8907943492948,38.4970202888683,SSP245,2050,0.000496785964093194
1743,85.7891096334143,38.4970202888683,SSP245,2050,0.00199083943525447
1744,86.6874249175338,38.4970202888683,SSP245,2050,0.000492580504552809
1745,87.5857402016533,38.4970202888683,SSP245,2050,0.000546874207259185
1746,88.4840554857729,38.4970202888683,SSP245,2050,0.00087137621418365
1747,89.3823707698924,38.4970202888683,SSP245,2050,0.000551344492701222
1748,90.2806860540119,38.4970202888683,SSP245,2050,0.00255196696143234
1749,91.1790013381314,38.4970202888683,SSP245,2050,0.00337025180870387
1750,92.077316622251,38.4970202888683,SSP245,2050,0.00177210863208133
1751,92.9756319063705,38.4970202888683,SSP245,2050,0.00131017726501248
1752,93.87394719049,38.4970202888683,SSP245,2050,0.00107505774543026
1753,94.7722624746095,38.4970202888683,SSP245,2050,0.00121653159270163
1754,95.670577758729,38.4970202888683,SSP245,2050,0.0009733353561997
1755,96.5688930428485,38.4970202888683,SSP245,2050,0.000707551776795934
1756,97.4672083269681,38.4970202888683,SSP245,2050,0.00136238949263212
1757,98.3655236110876,38.4970202888683,SSP245,2050,0.00562303978483503
1758,99.2638388952071,38.4970202888683,SSP245,2050,0.0104789039752797
1759,100.162154179327,38.4970202888683,SSP245,2050,0.0357028928605966
1760,101.060469463446,38.4970202888683,SSP245,2050,0.00472892139484427
1761,101.958784747566,38.4970202888683,SSP245,2050,0.00529902027164342
1762,102.857100031685,38.4970202888683,SSP245,2050,0.00310898853350394
1763,103.755415315805,38.4970202888683,SSP245,2050,0.000479318840661547
1764,104.653730599924,38.4970202888683,SSP245,2050,0.001528897314789
1765,105.552045884044,38.4970202888683,SSP245,2050,0.217921628299305
1766,106.450361168163,38.4970202888683,SSP245,2050,0.19799926481702
1767,107.348676452283,38.4970202888683,SSP245,2050,0.0239854799850107
1768,108.246991736402,38.4970202888683,SSP245,2050,0.000377799026578751
1769,109.145307020522,38.4970202888683,SSP245,2050,0.00202420598734865
1770,110.043622304641,38.4970202888683,SSP245,2050,0.00402035366932774
1771,110.941937588761,38.4970202888683,SSP245,2050,0.000585536383433283
1772,111.84025287288,38.4970202888683,SSP245,2050,0.00593130273124576
1773,112.738568157,38.4970202888683,SSP245,2050,0.00851718391023348
1774,113.63688344112,38.4970202888683,SSP245,2050,0.00364769890703565
1775,114.535198725239,38.4970202888683,SSP245,2050,0.0217322437745714
1776,115.433514009359,38.4970202888683,SSP245,2050,0.00446402118787692
1777,116.331829293478,38.4970202888683,SSP245,2050,0.00292479374894561
1778,117.196139258734,38.4835575410924,SSP245,2050,0.160005372375842
1779,117.761311898238,38.221306391133,SSP245,2050,0.000601412343528618
1780,118.736262627272,38.1540804093516,SSP245,2050,0.000506671844751838
1782,121.096646092899,38.6961608297162,SSP245,2050,
1783,121.374439562356,38.8310120491465,SSP245,2050,
1803,75.2102399988028,37.8147391426785,SSP245,2050,0.0130974589768562
1804,75.9076415080996,37.790551756013,SSP245,2050,0.00254547436960972
1805,76.8059567922191,37.790551756013,SSP245,2050,0.00277388354289554
1806,77.7042720763386,37.790551756013,SSP245,2050,0.00673592334412321
1807,78.6025873604581,37.790551756013,SSP245,2050,0.0010438201438312
1808,79.5009026445777,37.790551756013,SSP245,2050,0.00121898635703621
1809,80.3992179286972,37.790551756013,SSP245,2050,0.00144473484781504
1810,81.2975332128167,37.790551756013,SSP245,2050,0.00106562941877819
1811,82.1958484969362,37.790551756013,SSP245,2050,0.000492427360456071
1812,83.0941637810557,37.790551756013,SSP245,2050,0.000396644154148529
1813,83.9924790651753,37.790551756013,SSP245,2050,0.000401095112098182
1814,84.8907943492948,37.790551756013,SSP245,2050,0.0007729673753607
1815,85.7891096334143,37.790551756013,SSP245,2050,0.000918604977359072
1816,86.6874249175338,37.790551756013,SSP245,2050,0.00137686494164868
1817,87.5857402016533,37.790551756013,SSP245,2050,0.000639563033169588
1818,88.4840554857729,37.790551756013,SSP245,2050,0.000956652529171986
1819,89.3823707698924,37.790551756013,SSP245,2050,0.00267581335307809
1820,90.2806860540119,37.790551756013,SSP245,2050,0.00490655541732432
1821,91.1790013381314,37.790551756013,SSP245,2050,0.0040851900126786
1822,92.077316622251,37.790551756013,SSP245,2050,0.00170760206235099
1823,92.9756319063705,37.790551756013,SSP245,2050,0.00441327309547535
1824,93.87394719049,37.790551756013,SSP245,2050,0.00726501164805671
1825,94.7722624746095,37.790551756013,SSP245,2050,0.00171590610185945
1826,95.670577758729,37.790551756013,SSP245,2050,0.00923435355089053
1827,96.5688930428485,37.790551756013,SSP245,2050,0.00135517161178056
1828,97.4672083269681,37.790551756013,SSP245,2050,0.00378062600669182
1829,98.3655236110876,37.790551756013,SSP245,2050,0.00165187602227224
1830,99.2638388952071,37.790551756013,SSP245,2050,0.00115578943418904
1831,100.162154179327,37.790551756013,SSP245,2050,0.00842045814263803
1832,101.060469463446,37.790551756013,SSP245,2050,0.0588994635874869
1833,101.958784747566,37.790551756013,SSP245,2050,0.0143997424216918
1834,102.857100031685,37.790551756013,SSP245,2050,0.00508954473179768
1835,103.755415315805,37.790551756013,SSP245,2050,0.00118510731206722
1836,104.653730599924,37.790551756013,SSP245,2050,0.00913827801575939
1837,105.552045884044,37.790551756013,SSP245,2050,0.00865940610126037
1838,106.450361168163,37.790551756013,SSP245,2050,0.00797679909802074
1839,107.348676452283,37.790551756013,SSP245,2050,0.00633591189115657
1840,108.246991736402,37.790551756013,SSP245,2050,0.00221978894756558
1841,109.145307020522,37.790551756013,SSP245,2050,0.00177884598807088
1842,110.043622304641,37.790551756013,SSP245,2050,0.000746398550035887
1843,110.941937588761,37.790551756013,SSP245,2050,0.0026357933645702
1844,111.84025287288,37.790551756013,SSP245,2050,0.0154448126361778
1845,112.738568157,37.790551756013,SSP245,2050,0.309433249948143
1846,113.636883441119,37.7905517560129,SSP245,2050,0.0107232144216731
1847,114.535198725239,37.790551756013,SSP245,2050,0.305759253422567
1848,115.433514009358,37.790551756013,SSP245,2050,0.00848535729252054
1849,116.331829293478,37.790551756013,SSP245,2050,0.00499210467436895
1850,117.230144577598,37.790551756013,SSP245,2050,0.0124057802086056
1851,118.119567463375,37.7571696681828,SSP245,2050,0.0109575181881565
1852,118.811831921606,37.7754752517988,SSP245,2050,0.292266730931599
1853,120.275669528152,37.5419396020678,SSP245,2050,
1854,120.773406251066,37.6038103092886,SSP245,2050,0.00466884442437021
1855,121.656260598116,37.4984798900351,SSP245,2050,
1856,122.198048399983,37.4475999943582,SSP245,2050,
1874,74.5383597066917,37.182238201356,SSP245,2050,0.000478155276813497
1875,75.09449886685,37.1836695308115,SSP245,2050,0.00195090469641013
1876,75.916306373446,37.0868802121126,SSP245,2050,0.00153141357652609
1877,76.8059567922191,37.0772638054809,SSP245,2050,0.00211502104849237
1878,77.7042720763386,37.0772638054809,SSP245,2050,0.000738995150505795
1879,78.6025873604581,37.0772638054809,SSP245,2050,0.00114509056301249
1880,79.5009026445776,37.0772638054809,SSP245,2050,0.0107929382976758
1881,80.3992179286972,37.0772638054809,SSP245,2050,0.00640630488890714
1882,81.2975332128167,37.0772638054809,SSP245,2050,0.00281308754996967
1883,82.1958484969362,37.0772638054809,SSP245,2050,0.000604009254316695
1884,83.0941637810557,37.0772638054809,SSP245,2050,0.00232515875896866
1885,83.9924790651753,37.0772638054809,SSP245,2050,0.000503729453556145
1886,84.8907943492948,37.0772638054809,SSP245,2050,0.000822501143445953
1887,85.7891096334143,37.0772638054809,SSP245,2050,0.000870034712434964
1888,86.6874249175338,37.0772638054809,SSP245,2050,0.000671117795052467
1889,87.5857402016533,37.0772638054809,SSP245,2050,0.00110410146737872
1890,88.4840554857729,37.0772638054809,SSP245,2050,0.00115535901906016
1891,89.3823707698924,37.0772638054809,SSP245,2050,0.00113732800812782
1892,90.2806860540119,37.0772638054809,SSP245,2050,0.00395513607531095
1893,91.1790013381314,37.0772638054809,SSP245,2050,0.00188207204438795
1894,92.077316622251,37.0772638054809,SSP245,2050,0.00169016236453079
1895,92.9756319063705,37.0772638054809,SSP245,2050,0.00297650028660457
1896,93.87394719049,37.0772638054809,SSP245,2050,0.00178092243776618
1897,94.7722624746095,37.0772638054809,SSP245,2050,0.00216708565205681
1898,95.670577758729,37.0772638054809,SSP245,2050,0.00127192062875525
1899,96.5688930428486,37.0772638054809,SSP245,2050,0.0285232243852789
1900,97.4672083269681,37.0772638054809,SSP245,2050,0.00881888176451984
1901,98.3655236110876,37.0772638054809,SSP245,2050,0.0407329334709978
1902,99.2638388952071,37.0772638054809,SSP245,2050,0.134232906353597
1903,100.162154179327,37.0772638054809,SSP245,2050,0.143953277714368
1904,101.060469463446,37.0772638054809,SSP245,2050,0.0310943719092648
1905,101.958784747566,37.0772638054809,SSP245,2050,0.206308991101174
1906,102.857100031685,37.0772638054809,SSP245,2050,0.0573652152362048
1907,103.755415315805,37.0772638054809,SSP245,2050,0.00196918716125971
1908,104.653730599924,37.0772638054809,SSP245,2050,0.00214224537503405
1909,105.552045884044,37.0772638054809,SSP245,2050,0.00159950833947187
1910,106.450361168163,37.0772638054809,SSP245,2050,0.00105230095196174
1911,107.348676452283,37.0772638054809,SSP245,2050,0.000448202474710335
1912,108.246991736402,37.0772638054809,SSP245,2050,0.0106613655348363
1913,109.145307020522,37.0772638054809,SSP245,2050,0.000782307657975156
1914,110.043622304641,37.0772638054809,SSP245,2050,0.00239171770058944
1915,110.941937588761,37.0772638054809,SSP245,2050,0.00132926780019282
1916,111.84025287288,37.0772638054809,SSP245,2050,0.0350999340434758
1917,112.738568157,37.0772638054809,SSP245,2050,0.0591454482528369
1918,113.636883441119,37.0772638054809,SSP245,2050,0.00624637370316483
1919,114.535198725239,37.0772638054809,SSP245,2050,0.0260340453850141
1920,115.433514009359,37.0772638054809,SSP245,2050,0.00370389514320735
1921,116.331829293478,37.0772638054809,SSP245,2050,0.00617087267935357
1922,117.230144577598,37.0772638054809,SSP245,2050,0.074420200102487
1923,118.128459861717,37.0772638054809,SSP245,2050,0.0623366338841954
1924,118.965149080216,37.0064569511871,SSP245,2050,0.0828731617368226
1925,119.980692553906,37.0290900784476,SSP245,2050,0.00948336321907062
1926,120.823405714076,37.0772638054809,SSP245,2050,0.02018430388004
1927,121.688522248746,37.132552678032,SSP245,2050,0.0110843953238318
1928,122.3472028895,37.1393174513548,SSP245,2050,0.0295819359655709
1948,76.1682950065795,36.3725667307127,SSP245,2050,0.000604410665031696
1949,76.8059567922191,36.3572022215529,SSP245,2050,0.000635827694667857
1950,77.7042720763386,36.3572022215529,SSP245,2050,0.00084703364971328
1951,78.6025873604581,36.3572022215529,SSP245,2050,0.000823522074632987
1952,79.5009026445776,36.3572022215529,SSP245,2050,0.00094646499944806
1953,80.3992179286972,36.3572022215529,SSP245,2050,0.00152303917562757
1954,81.2975332128167,36.3572022215529,SSP245,2050,0.00291297462770046
1955,82.1958484969362,36.3572022215529,SSP245,2050,0.00144034598101772
1956,83.0941637810557,36.3572022215529,SSP245,2050,0.000498355290723507
1957,83.9924790651753,36.3572022215529,SSP245,2050,0.00130279759779006
1958,84.8907943492948,36.3572022215529,SSP245,2050,0.000726787683086205
1959,85.7891096334143,36.3572022215529,SSP245,2050,0.000522982517105142
1960,86.6874249175338,36.3572022215529,SSP245,2050,0.000923915726725233
1961,87.5857402016533,36.3572022215529,SSP245,2050,0.000817210361751086
1962,88.4840554857729,36.3572022215529,SSP245,2050,0.000793673031079023
1963,89.3823707698924,36.3572022215529,SSP245,2050,0.00277959896551983
1964,90.2806860540119,36.3572022215529,SSP245,2050,0.00327913395596025
1965,91.1790013381314,36.3572022215529,SSP245,2050,0.0019158994972257
1966,92.077316622251,36.3572022215529,SSP245,2050,0.00164884595832016
1967,92.9756319063705,36.3572022215529,SSP245,2050,0.00353078874467649
1968,93.87394719049,36.3572022215529,SSP245,2050,0.00342105578699514
1969,94.7722624746095,36.3572022215529,SSP245,2050,0.0240452482421206
1970,95.670577758729,36.3572022215529,SSP245,2050,0.00254792704045614
1971,96.5688930428486,36.3572022215529,SSP245,2050,0.00148083705821167
1972,97.4672083269681,36.3572022215529,SSP245,2050,0.00354738004996247
1973,98.3655236110876,36.3572022215529,SSP245,2050,0.0329334107734284
1974,99.2638388952071,36.3572022215529,SSP245,2050,0.0200605477765472
1975,100.162154179327,36.3572022215529,SSP245,2050,0.048002922292147
1976,101.060469463446,36.3572022215529,SSP245,2050,0.107142236046729
1977,101.958784747566,36.3572022215529,SSP245,2050,0.178091204017058
1978,102.857100031685,36.3572022215529,SSP245,2050,0.00641735798678222
1979,103.755415315805,36.3572022215529,SSP245,2050,0.225611381145201
1980,104.653730599924,36.3572022215529,SSP245,2050,0.00104116215600825
1981,105.552045884044,36.3572022215529,SSP245,2050,0.00230518806272129
1982,106.450361168163,36.3572022215529,SSP245,2050,0.00403280461678845
1983,107.348676452283,36.3572022215529,SSP245,2050,0.00150509670741295
1984,108.246991736402,36.3572022215529,SSP245,2050,0.00747234528652518
1985,109.145307020522,36.3572022215529,SSP245,2050,0.0245999046544947
1986,110.043622304641,36.3572022215529,SSP245,2050,0.0104033810197032
1987,110.941937588761,36.3572022215529,SSP245,2050,0.00148314078592504
1988,111.84025287288,36.3572022215529,SSP245,2050,0.0648713397624982
1989,112.738568157,36.3572022215529,SSP245,2050,0.0436389416535365
1990,113.63688344112,36.3572022215529,SSP245,2050,0.0236645727823427
1991,114.535198725239,36.3572022215529,SSP245,2050,0.045931667390781
1992,115.433514009359,36.357202221553,SSP245,2050,0.00224523920246089
1993,116.331829293478,36.3572022215529,SSP245,2050,0.020351590609757
1994,117.230144577598,36.3572022215529,SSP245,2050,0.27678824537217
1995,118.128459861717,36.3572022215529,SSP245,2050,0.0187126095171484
1996,119.026775145837,36.3572022215529,SSP245,2050,0.0733440444015165
1997,119.904223353102,36.375017714134,SSP245,2050,0.369430860567222
1998,120.634986151713,36.4644828997828,SSP245,2050,0.367774905092545
1999,121.346122541522,36.7061750168915,SSP245,2050,
2020,76.2441451848537,35.9175050300443,SSP245,2050,0.000624179598776475
2021,76.9100707783439,35.827204814307,SSP245,2050,0.000646634168178228
2022,77.7261771263695,35.7324022219012,SSP245,2050,0.000718162817518131
2023,78.6025873604581,35.6304174817484,SSP245,2050,0.000623616845928932
2024,79.5009026445776,35.6304174817484,SSP245,2050,0.00071534884573965
2025,80.3992179286972,35.6304174817484,SSP245,2050,0.00104300057099782
2026,81.2975332128167,35.6304174817484,SSP245,2050,0.00141354206905719
2027,82.1958484969362,35.6304174817484,SSP245,2050,0.000679703573273294
2028,83.0941637810557,35.6304174817484,SSP245,2050,0.00133271590981832
2029,83.9924790651753,35.6304174817484,SSP245,2050,0.00115461984153886
2030,84.8907943492948,35.6304174817484,SSP245,2050,0.00048251531344623
2031,85.7891096334143,35.6304174817484,SSP245,2050,0.00054980179695352
2032,86.6874249175338,35.6304174817484,SSP245,2050,0.000781874908162838
2033,87.5857402016533,35.6304174817484,SSP245,2050,0.00141273330509673
2034,88.4840554857729,35.6304174817484,SSP245,2050,0.00112157111797162
2035,89.3823707698924,35.6304174817484,SSP245,2050,0.00218084888067882
2036,90.2806860540119,35.6304174817484,SSP245,2050,0.00108085599103491
2037,91.1790013381314,35.6304174817484,SSP245,2050,0.00153279290514041
2038,92.077316622251,35.6304174817484,SSP245,2050,0.00235217651708375
2039,92.9756319063705,35.6304174817484,SSP245,2050,0.0159189697673597
2040,93.87394719049,35.6304174817484,SSP245,2050,0.0229464864970578
2041,94.7722624746095,35.6304174817484,SSP245,2050,0.0155463736390181
2042,95.670577758729,35.6304174817484,SSP245,2050,0.00134685389601641
2043,96.5688930428485,35.6304174817484,SSP245,2050,0.00113785590522297
2044,97.4672083269681,35.6304174817484,SSP245,2050,0.00523953724354842
2045,98.3655236110876,35.6304174817484,SSP245,2050,0.02446226986675
2046,99.2638388952071,35.6304174817484,SSP245,2050,0.0411134791482927
2047,100.162154179327,35.6304174817484,SSP245,2050,0.0184148332291234
2048,101.060469463446,35.6304174817484,SSP245,2050,0.00480140164494958
2049,101.958784747566,35.6304174817484,SSP245,2050,0.00824806179716819
2050,102.857100031685,35.6304174817484,SSP245,2050,0.0179187869227357
2051,103.755415315805,35.6304174817484,SSP245,2050,0.266886425717316
2052,104.653730599924,35.6304174817484,SSP245,2050,0.0162951935329834
2053,105.552045884044,35.6304174817484,SSP245,2050,0.000658224289817877
2054,106.450361168163,35.6304174817484,SSP245,2050,0.0603585354601752
2055,107.348676452283,35.6304174817484,SSP245,2050,0.0194143153522922
2056,108.246991736402,35.6304174817484,SSP245,2050,0.0970518346179463
2057,109.145307020522,35.6304174817484,SSP245,2050,0.0012867800332339
2058,110.043622304641,35.6304174817484,SSP245,2050,0.00141416019573615
2059,110.941937588761,35.6304174817484,SSP245,2050,0.00955376491838866
2060,111.84025287288,35.6304174817484,SSP245,2050,0.0149934184202827
2061,112.738568157,35.6304174817484,SSP245,2050,0.108127133558734
2062,113.636883441119,35.6304174817484,SSP245,2050,0.0144431310024234
2063,114.535198725239,35.6304174817484,SSP245,2050,0.0786566553902524
2064,115.433514009359,35.6304174817485,SSP245,2050,0.00252919797542972
2065,116.331829293478,35.6304174817484,SSP245,2050,0.0233697413768176
2066,117.230144577598,35.6304174817484,SSP245,2050,0.0576189886826737
2067,118.128459861717,35.6304174817484,SSP245,2050,0.0623937342146693
2068,119.025928273074,35.6311170409294,SSP245,2050,0.114009567982007
2069,119.73502507067,35.7726726436646,SSP245,2050,0.357248159191433
2094,78.1112076251138,35.2114043263818,SSP245,2050,0.000712086176951954
2095,78.6403388427137,34.9233891274439,SSP245,2050,0.00048369476693555
2096,79.5009026445777,34.896964841197,SSP245,2050,0.000584269411108118
2097,80.3992179286972,34.896964841197,SSP245,2050,0.000648624530716235
2098,81.2975332128167,34.896964841197,SSP245,2050,0.000541791057264041
2099,82.1958484969362,34.896964841197,SSP245,2050,0.0010430543072889
2100,83.0941637810557,34.896964841197,SSP245,2050,0.000869422830352518
2101,83.9924790651753,34.896964841197,SSP245,2050,0.000999756972672405
2102,84.8907943492948,34.896964841197,SSP245,2050,0.000830891182223126
2103,85.7891096334143,34.896964841197,SSP245,2050,0.000554416383098166
2104,86.6874249175338,34.896964841197,SSP245,2050,0.000867326095980503
2105,87.5857402016533,34.896964841197,SSP245,2050,0.00094900634074413
2106,88.4840554857729,34.896964841197,SSP245,2050,0.000866372709933838
2107,89.3823707698924,34.896964841197,SSP245,2050,0.000872976286648841
2108,90.2806860540119,34.896964841197,SSP245,2050,0.00138326634546315
2109,91.1790013381314,34.896964841197,SSP245,2050,0.00153063421363453
2110,92.077316622251,34.896964841197,SSP245,2050,0.00306923109031498
2111,92.9756319063705,34.896964841197,SSP245,2050,0.00133778871965717
2112,93.87394719049,34.896964841197,SSP245,2050,0.00947707880648108
2113,94.7722624746095,34.896964841197,SSP245,2050,0.00645392453142191
2114,95.670577758729,34.896964841197,SSP245,2050,0.00248991059188408
2115,96.5688930428486,34.896964841197,SSP245,2050,0.00110595398554558
2116,97.4672083269681,34.896964841197,SSP245,2050,0.0013050297425754
2117,98.3655236110876,34.896964841197,SSP245,2050,0.0230393606197297
2118,99.2638388952071,34.896964841197,SSP245,2050,0.00410478270206049
2119,100.162154179327,34.896964841197,SSP245,2050,0.00152293018123928
2120,101.060469463446,34.896964841197,SSP245,2050,0.0029774975934046
2121,101.958784747566,34.896964841197,SSP245,2050,0.00297101548445722
2122,102.857100031685,34.896964841197,SSP245,2050,0.0308620204949376
2123,103.755415315805,34.896964841197,SSP245,2050,0.0603915448652901
2124,104.653730599924,34.896964841197,SSP245,2050,0.00187524699367458
2125,105.552045884044,34.896964841197,SSP245,2050,0.0087707384297463
2126,106.450361168163,34.896964841197,SSP245,2050,0.00524430227058848
2127,107.348676452283,34.896964841197,SSP245,2050,0.0013943505930698
2128,108.246991736402,34.896964841197,SSP245,2050,0.00244307602752625
2129,109.145307020522,34.896964841197,SSP245,2050,0.0190389325871563
2130,110.043622304641,34.896964841197,SSP245,2050,0.0202670204006633
2131,110.941937588761,34.896964841197,SSP245,2050,0.261592588277872
2132,111.84025287288,34.896964841197,SSP245,2050,0.00958161497770737
2133,112.738568157,34.896964841197,SSP245,2050,0.238917466986111
2134,113.636883441119,34.896964841197,SSP245,2050,0.772836682101641
2135,114.535198725239,34.8969648411969,SSP245,2050,0.0930290339917174
2136,115.433514009359,34.896964841197,SSP245,2050,0.00813325213663063
2137,116.331829293478,34.8969648411969,SSP245,2050,0.0122081045298011
2138,117.230144577598,34.896964841197,SSP245,2050,0.0349629403750706
2139,118.128459861717,34.896964841197,SSP245,2050,0.016268972396679
2140,118.960405580646,34.8858763711916,SSP245,2050,0.135942107366203
2167,78.9220448563581,34.1045227382353,SSP245,2050,0.000478978103017558
2168,79.5009026445776,34.1569044119049,SSP245,2050,0.000542839150170948
2169,80.3992179286972,34.1569044119048,SSP245,2050,0.000487221870171584
2170,81.2975332128167,34.1569044119048,SSP245,2050,0.00107671239306295
2171,82.1958484969362,34.1569044119048,SSP245,2050,0.00107304212418846
2172,83.0941637810557,34.1569044119048,SSP245,2050,0.00175737148460131
2173,83.9924790651753,34.1569044119048,SSP245,2050,0.00182793008429161
2174,84.8907943492948,34.1569044119048,SSP245,2050,0.00154641873821748
2175,85.7891096334143,34.1569044119048,SSP245,2050,0.000760659359885896
2176,86.6874249175338,34.1569044119048,SSP245,2050,0.000930674650922669
2177,87.5857402016533,34.1569044119048,SSP245,2050,0.00117858594386711
2178,88.4840554857729,34.1569044119048,SSP245,2050,0.000780338585724905
2179,89.3823707698924,34.1569044119048,SSP245,2050,0.00100872704073951
2180,90.2806860540119,34.1569044119048,SSP245,2050,0.00117408204220559
2181,91.1790013381314,34.1569044119048,SSP245,2050,0.00217950855977989
2182,92.077316622251,34.1569044119048,SSP245,2050,0.00453117214726317
2183,92.9756319063705,34.1569044119048,SSP245,2050,0.00139763107842639
2184,93.87394719049,34.1569044119048,SSP245,2050,0.00161521858877756
2185,94.7722624746095,34.1569044119048,SSP245,2050,0.0013721372437755
2186,95.670577758729,34.1569044119048,SSP245,2050,0.0139068395443526
2187,96.5688930428485,34.1569044119048,SSP245,2050,0.00165058110309846
2188,97.4672083269681,34.1569044119049,SSP245,2050,0.00473425906292668
2189,98.3655236110876,34.1569044119048,SSP245,2050,0.00216689957394034
2190,99.2638388952071,34.1569044119048,SSP245,2050,0.00134352362707713
2191,100.162154179327,34.1569044119048,SSP245,2050,0.00353742908993615
2192,101.060469463446,34.1569044119048,SSP245,2050,0.00155052393670474
2193,101.958784747566,34.1569044119048,SSP245,2050,0.0321079754960194
2194,102.857100031685,34.1569044119048,SSP245,2050,0.112248282583004
2195,103.755415315805,34.1569044119048,SSP245,2050,0.00599152949374204
2196,104.653730599924,34.1569044119048,SSP245,2050,0.00819247138113566
2197,105.552045884044,34.1569044119048,SSP245,2050,0.0269770366712406
2198,106.450361168163,34.1569044119048,SSP245,2050,0.0107133142690836
2199,107.348676452283,34.1569044119048,SSP245,2050,0.0127315830132519
2200,108.246991736402,34.1569044119048,SSP245,2050,0.171332071725567
2201,109.145307020522,34.1569044119048,SSP245,2050,0.362765555093114
2202,110.043622304641,34.1569044119048,SSP245,2050,0.0121764398345124
2203,110.941937588761,34.1569044119048,SSP245,2050,0.0468931725452126
2204,111.84025287288,34.1569044119048,SSP245,2050,0.0967630551751959
2205,112.738568157,34.1569044119048,SSP245,2050,0.0919587012013937
2206,113.636883441119,34.1569044119048,SSP245,2050,0.0282370582328896
2207,114.535198725239,34.1569044119048,SSP245,2050,0.00341597937501648
2208,115.433514009359,34.1569044119048,SSP245,2050,0.0111598723797496
2209,116.331829293478,34.1569044119048,SSP245,2050,0.018507830179983
2210,117.230144577598,34.1569044119049,SSP245,2050,0.327744716549711
2211,118.128459861717,34.1569044119048,SSP245,2050,0.0123102832185164
2212,119.026775145837,34.1569044119048,SSP245,2050,0.0142478851629823
2213,119.882857408409,34.1106117558621,SSP245,2050,0.00625484006035804
2214,120.409908475428,33.8702854675797,SSP245,2050,
2239,78.9286670562435,33.6056066422668,SSP245,2050,0.000500915997575735
2240,79.5159394618932,33.4204008418773,SSP245,2050,0.00173970543547841
2241,80.3992179286972,33.4103012364864,SSP245,2050,0.00151679104073676
2242,81.2975332128167,33.4103012364864,SSP245,2050,0.00104772937415032
2243,82.1958484969362,33.4103012364864,SSP245,2050,0.00107097419985269
2244,83.0941637810557,33.4103012364864,SSP245,2050,0.00133364549880266
2245,83.9924790651753,33.4103012364864,SSP245,2050,0.00128837968750006
2246,84.8907943492948,33.4103012364864,SSP245,2050,0.000952906592710301
2247,85.7891096334143,33.4103012364864,SSP245,2050,0.00115744565678455
2248,86.6874249175338,33.4103012364864,SSP245,2050,0.00159765074925056
2249,87.5857402016533,33.4103012364864,SSP245,2050,0.00117977018160886
2250,88.4840554857729,33.4103012364864,SSP245,2050,0.00157618302271589
2251,89.3823707698924,33.4103012364864,SSP245,2050,0.00146255604361745
2252,90.2806860540119,33.4103012364864,SSP245,2050,0.00149159490657391
2253,91.1790013381314,33.4103012364864,SSP245,2050,0.00191277625559383
2254,92.077316622251,33.4103012364864,SSP245,2050,0.00227117777641328
2255,92.9756319063705,33.4103012364864,SSP245,2050,0.00215033364081207
2256,93.87394719049,33.4103012364864,SSP245,2050,0.00110728986631847
2257,94.7722624746095,33.4103012364864,SSP245,2050,0.00218428885649946
2258,95.670577758729,33.4103012364864,SSP245,2050,0.00318889359641417
2259,96.5688930428486,33.4103012364864,SSP245,2050,0.0189921431343385
2260,97.4672083269681,33.4103012364864,SSP245,2050,0.0190695785654134
2261,98.3655236110876,33.4103012364864,SSP245,2050,0.00454226378543521
2262,99.2638388952071,33.4103012364864,SSP245,2050,0.0015278639307712
2263,100.162154179327,33.4103012364864,SSP245,2050,0.00146692305786966
2264,101.060469463446,33.4103012364864,SSP245,2050,0.00814366183113369
2265,101.958784747566,33.4103012364864,SSP245,2050,0.00981857463240821
2266,102.857100031685,33.4103012364864,SSP245,2050,0.0866484348064414
2267,103.755415315805,33.4103012364864,SSP245,2050,0.0644022403504698
2268,104.653730599924,33.4103012364864,SSP245,2050,0.00597727479525201
2269,105.552045884044,33.4103012364864,SSP245,2050,0.00356019360932658
2270,106.450361168163,33.4103012364864,SSP245,2050,0.0149899414336587
2271,107.348676452283,33.4103012364864,SSP245,2050,0.272945989186131
2272,108.246991736402,33.4103012364864,SSP245,2050,0.0483574099898006
2273,109.145307020522,33.4103012364864,SSP245,2050,0.0066931740550038
2274,110.043622304641,33.4103012364864,SSP245,2050,0.00177644708415503
2275,110.941937588761,33.4103012364864,SSP245,2050,0.00387286316462387
2276,111.84025287288,33.4103012364864,SSP245,2050,0.0375853129104587
2277,112.738568157,33.4103012364864,SSP245,2050,0.0138630679066735
2278,113.636883441119,33.4103012364864,SSP245,2050,0.0312301870203129
2279,114.535198725239,33.4103012364864,SSP245,2050,0.00803556641886249
2280,115.433514009358,33.4103012364864,SSP245,2050,0.00375545188631821
2281,116.331829293478,33.4103012364864,SSP245,2050,0.00670668040050937
2282,117.230144577598,33.4103012364864,SSP245,2050,0.00734228546370974
2283,118.128459861717,33.4103012364864,SSP245,2050,0.010571015161439
2284,119.026775145837,33.4103012364864,SSP245,2050,0.172945628090681
2285,119.925090429956,33.4103012364864,SSP245,2050,0.0620228697058036
2286,120.514169036521,33.3339283464613,SSP245,2050,
2311,78.7118206954573,32.445517343661,SSP245,2050,0.000730831303847324
2312,79.5804942430139,32.6409765745574,SSP245,2050,0.000876158727823984
2313,80.3992179286972,32.6572253559297,SSP245,2050,0.00284520781316666
2314,81.2975332128167,32.6572253559297,SSP245,2050,0.000954170146435174
2315,82.1958484969362,32.6572253559297,SSP245,2050,0.000886269842523046
2316,83.0941637810557,32.6572253559297,SSP245,2050,0.000878921311126324
2317,83.9924790651753,32.6572253559297,SSP245,2050,0.000815487692699124
2318,84.8907943492948,32.6572253559297,SSP245,2050,0.00108398832587997
2319,85.7891096334143,32.6572253559297,SSP245,2050,0.00131682097289376
2320,86.6874249175338,32.6572253559297,SSP245,2050,0.00129306997700396
2321,87.5857402016533,32.6572253559297,SSP245,2050,0.0014275109500046
2322,88.4840554857729,32.6572253559297,SSP245,2050,0.00108775281186713
2323,89.3823707698924,32.6572253559297,SSP245,2050,0.00170830369844754
2324,90.2806860540119,32.6572253559297,SSP245,2050,0.00191614481078017
2325,91.1790013381314,32.6572253559297,SSP245,2050,0.00117016875038389
2326,92.077316622251,32.6572253559297,SSP245,2050,0.00230373561276331
2327,92.9756319063705,32.6572253559297,SSP245,2050,0.00436856267999219
2328,93.87394719049,32.6572253559297,SSP245,2050,0.00160532541727609
2329,94.7722624746095,32.6572253559297,SSP245,2050,0.00248583098837563
2330,95.670577758729,32.6572253559297,SSP245,2050,0.0124488218088383
2331,96.5688930428486,32.6572253559297,SSP245,2050,0.103018258961988
2332,97.4672083269681,32.6572253559297,SSP245,2050,0.0605919937811258
2333,98.3655236110876,32.6572253559297,SSP245,2050,0.00672805685249867
2334,99.2638388952071,32.6572253559297,SSP245,2050,0.0014963271547237
2335,100.162154179327,32.6572253559297,SSP245,2050,0.00389895431385467
2336,101.060469463446,32.6572253559297,SSP245,2050,0.00586578638520097
2337,101.958784747566,32.6572253559297,SSP245,2050,0.0126093500019298
2338,102.857100031685,32.6572253559297,SSP245,2050,0.0147838590356937
2339,103.755415315805,32.6572253559297,SSP245,2050,0.071795031195571
2340,104.653730599924,32.6572253559297,SSP245,2050,0.336538746552629
2341,105.552045884044,32.6572253559297,SSP245,2050,0.0235274179626356
2342,106.450361168163,32.6572253559297,SSP245,2050,0.00486214379798644
2343,107.348676452283,32.6572253559297,SSP245,2050,0.0139891310434814
2344,108.246991736402,32.6572253559297,SSP245,2050,0.00463761094986581
2345,109.145307020522,32.6572253559297,SSP245,2050,0.00489058757726213
2346,110.043622304641,32.6572253559297,SSP245,2050,0.00228827757431893
2347,110.941937588761,32.6572253559297,SSP245,2050,0.0237143664153824
2348,111.84025287288,32.6572253559297,SSP245,2050,0.01333489095472
2349,112.738568157,32.6572253559297,SSP245,2050,0.0167992994445043
2350,113.636883441119,32.6572253559297,SSP245,2050,0.00762487287952895
2351,114.535198725239,32.6572253559297,SSP245,2050,0.00209346607509386
2352,115.433514009359,32.6572253559297,SSP245,2050,0.0092424499329854
2353,116.331829293478,32.6572253559297,SSP245,2050,0.0171333368811457
2354,117.230144577598,32.6572253559297,SSP245,2050,0.0367326747737153
2355,118.128459861717,32.6572253559297,SSP245,2050,0.0371410401194288
2356,119.026775145837,32.6572253559298,SSP245,2050,0.114092317458785
2357,119.925090429956,32.6572253559297,SSP245,2050,0.0368519607412176
2358,120.704558764307,32.606414031906,SSP245,2050,0.0493134951273974
2359,121.316815002923,32.3464053235734,SSP245,2050,
2383,78.8602929849942,31.9680059820801,SSP245,2050,0.00111818059523783
2384,79.5009026445776,31.897751870965,SSP245,2050,0.00213873290243827
2385,80.3992179286972,31.897751870965,SSP245,2050,0.00141109250667193
2386,81.2975332128167,31.897751870965,SSP245,2050,0.00103146867614468
2387,82.1958484969362,31.897751870965,SSP245,2050,0.000910014307167528
2388,83.0941637810557,31.897751870965,SSP245,2050,0.000677849970238231
2389,83.9924790651753,31.897751870965,SSP245,2050,0.000736583760129195
2390,84.8907943492948,31.897751870965,SSP245,2050,0.00114599739732058
2391,85.7891096334143,31.897751870965,SSP245,2050,0.00100317642014058
2392,86.6874249175338,31.897751870965,SSP245,2050,0.0015052075494919
2393,87.5857402016533,31.897751870965,SSP245,2050,0.00161940392436866
2394,88.4840554857729,31.897751870965,SSP245,2050,0.00153813905002431
2395,89.3823707698924,31.897751870965,SSP245,2050,0.00205221588964433
2396,90.2806860540119,31.897751870965,SSP245,2050,0.0011713538227961
2397,91.1790013381314,31.897751870965,SSP245,2050,0.00153174779463861
2398,92.0773166222509,31.897751870965,SSP245,2050,0.00169307652053685
2399,92.9756319063705,31.897751870965,SSP245,2050,0.00166313138576568
2400,93.87394719049,31.897751870965,SSP245,2050,0.00306703786181239
2401,94.7722624746095,31.897751870965,SSP245,2050,0.00446406522562126
2402,95.670577758729,31.897751870965,SSP245,2050,0.00755110371202861
2403,96.5688930428486,31.897751870965,SSP245,2050,0.0897933487369803
2404,97.4672083269681,31.897751870965,SSP245,2050,0.00148129383670248
2405,98.3655236110876,31.897751870965,SSP245,2050,0.00163066344777663
2406,99.2638388952071,31.897751870965,SSP245,2050,0.00259958088839452
2407,100.162154179327,31.897751870965,SSP245,2050,0.00664312406326995
2408,101.060469463446,31.897751870965,SSP245,2050,0.00183150041335445
2409,101.958784747566,31.897751870965,SSP245,2050,0.02373660482929
2410,102.857100031685,31.897751870965,SSP245,2050,0.0191172859907053
2411,103.755415315805,31.897751870965,SSP245,2050,0.022476926356461
2412,104.653730599924,31.897751870965,SSP245,2050,0.0492418315395186
2413,105.552045884044,31.897751870965,SSP245,2050,0.01526210499166
2414,106.450361168163,31.897751870965,SSP245,2050,0.00338459621916754
2415,107.348676452283,31.897751870965,SSP245,2050,0.00690040029765227
2416,108.246991736402,31.897751870965,SSP245,2050,0.00495498166663844
2417,109.145307020522,31.897751870965,SSP245,2050,0.00380280748861894
2418,110.043622304641,31.897751870965,SSP245,2050,0.119518586375931
2419,110.941937588761,31.897751870965,SSP245,2050,0.442180481626005
2420,111.84025287288,31.897751870965,SSP245,2050,0.0479181373007248
2421,112.738568157,31.897751870965,SSP245,2050,0.00398298856858159
2422,113.636883441119,31.897751870965,SSP245,2050,0.0458093141886932
2423,114.535198725239,31.897751870965,SSP245,2050,0.29880213379029
2424,115.433514009358,31.897751870965,SSP245,2050,0.0107788522096222
2425,116.331829293478,31.897751870965,SSP245,2050,0.0293640277836683
2426,117.230144577598,31.897751870965,SSP245,2050,0.571292799747271
2427,118.128459861717,31.897751870965,SSP245,2050,0.25750918282211
2428,119.026775145837,31.897751870965,SSP245,2050,0.991594622589612
2429,119.922395539987,31.8973397755042,SSP245,2050,0.767673961894477
2430,120.812489926211,31.9066116065137,SSP245,2050,0.36312102088877
2431,121.533726301119,31.8495223492286,SSP245,2050,0.0290426457065638
2455,78.9536485416294,31.3916622099499,SSP245,2050,0.00143888438918205
2456,79.5243009845641,31.2642176928874,SSP245,2050,0.00402142046704745
2457,80.4006590749733,31.1331130681935,SSP245,2050,0.0019850999153781
2458,81.2975332128167,31.1319609966062,SSP245,2050,0.00366316216771012
2459,82.1958484969362,31.1319609966062,SSP245,2050,0.00115167521460535
2460,83.0941637810557,31.1319609966062,SSP245,2050,0.00162516536673851
2461,83.9924790651753,31.1319609966062,SSP245,2050,0.00115553988269956
2462,84.8907943492948,31.1319609966062,SSP245,2050,0.00116468123360969
2463,85.7891096334143,31.1319609966062,SSP245,2050,0.00102268611774969
2464,86.6874249175338,31.1319609966062,SSP245,2050,0.00262066508498449
2465,87.5857402016533,31.1319609966062,SSP245,2050,0.00102794616170132
2466,88.4840554857729,31.1319609966062,SSP245,2050,0.000907383703217413
2467,89.3823707698924,31.1319609966062,SSP245,2050,0.000987618180818939
2468,90.2806860540119,31.1319609966062,SSP245,2050,0.00266999018140712
2469,91.1790013381314,31.1319609966062,SSP245,2050,0.00925483350497758
2470,92.077316622251,31.1319609966062,SSP245,2050,0.00276067163512606
2471,92.9756319063705,31.1319609966062,SSP245,2050,0.0010612261527555
2472,93.87394719049,31.1319609966062,SSP245,2050,0.00274730801698653
2473,94.7722624746095,31.1319609966062,SSP245,2050,0.00197657768165183
2474,95.670577758729,31.1319609966062,SSP245,2050,0.00406588932203633
2475,96.5688930428486,31.1319609966062,SSP245,2050,0.00548074426705059
2476,97.4672083269681,31.1319609966062,SSP245,2050,0.00186238264632832
2477,98.3655236110876,31.1319609966062,SSP245,2050,0.0018049961155967
2478,99.2638388952071,31.1319609966062,SSP245,2050,0.00240737604232855
2479,100.162154179327,31.1319609966062,SSP245,2050,0.00235201959020059
2480,101.060469463446,31.1319609966062,SSP245,2050,0.00343102878013613
2481,101.958784747566,31.1319609966062,SSP245,2050,0.00436648503914827
2482,102.857100031685,31.1319609966062,SSP245,2050,0.278419408687828
2483,103.755415315805,31.1319609966062,SSP245,2050,0.573362852994328
2484,104.653730599924,31.1319609966062,SSP245,2050,0.327414031287241
2485,105.552045884044,31.1319609966062,SSP245,2050,0.00234883257100005
2486,106.450361168163,31.1319609966062,SSP245,2050,0.011812269146656
2487,107.348676452283,31.1319609966062,SSP245,2050,0.014660450381822
2488,108.246991736402,31.1319609966062,SSP245,2050,0.0335553126383094
2489,109.145307020522,31.1319609966062,SSP245,2050,0.0123074628627261
2490,110.043622304641,31.1319609966062,SSP245,2050,0.375904537343818
2491,110.941937588761,31.1319609966062,SSP245,2050,0.231097039627804
2492,111.84025287288,31.1319609966062,SSP245,2050,0.0391834345718861
2493,112.738568157,31.1319609966062,SSP245,2050,0.0579812612691948
2494,113.636883441119,31.1319609966062,SSP245,2050,0.0391311128818996
2495,114.535198725239,31.1319609966062,SSP245,2050,0.469355136972404
2496,115.433514009359,31.1319609966062,SSP245,2050,0.0550603918495035
2497,116.331829293478,31.1319609966062,SSP245,2050,0.0391382852741377
2498,117.230144577598,31.1319609966062,SSP245,2050,0.0655160382421119
2499,118.128459861717,31.1319609966062,SSP245,2050,0.0761756452499042
2500,119.026775145836,31.1319609966061,SSP245,2050,0.139880391110043
2501,119.925090429956,31.1319609966062,SSP245,2050,0.591294663448107
2502,120.823306314776,31.1318771084974,SSP245,2050,0.985587771843951
2503,121.534465366301,31.1003950863884,SSP245,2050,0.973297535600394
2504,122.660193100527,30.8377341745891,SSP245,2050,
2529,80.5290580079123,30.6245470088143,SSP245,2050,0.00221926404582873
2530,81.2600458606445,30.493018136216,SSP245,2050,0.00713682310720931
2531,82.272282138723,30.444751404294,SSP245,2050,0.00142266677671732
2532,83.0941637810557,30.359938109442,SSP245,2050,0.0021244399567858
2533,83.9924790651753,30.359938109442,SSP245,2050,0.001645844864271
2534,84.8907943492948,30.359938109442,SSP245,2050,0.000780386904512431
2535,85.7891096334143,30.359938109442,SSP245,2050,0.000857745059018589
2536,86.6874249175338,30.359938109442,SSP245,2050,0.0009986349844191
2537,87.5857402016533,30.359938109442,SSP245,2050,0.00110080671562252
2538,88.4840554857729,30.359938109442,SSP245,2050,0.000675787180106968
2539,89.3823707698924,30.359938109442,SSP245,2050,0.00130903769667412
2540,90.2806860540119,30.359938109442,SSP245,2050,0.00213350280668023
2541,91.1790013381314,30.359938109442,SSP245,2050,0.00362295371528187
2542,92.077316622251,30.359938109442,SSP245,2050,0.00207385096726842
2543,92.9756319063705,30.359938109442,SSP245,2050,0.00191564600971528
2544,93.87394719049,30.359938109442,SSP245,2050,0.0123407007593885
2545,94.7722624746095,30.359938109442,SSP245,2050,0.0172738031759851
2546,95.670577758729,30.359938109442,SSP245,2050,0.00513288910663323
2547,96.5688930428485,30.359938109442,SSP245,2050,0.00192835574346872
2548,97.4672083269681,30.359938109442,SSP245,2050,0.00413824923758055
2549,98.3655236110876,30.359938109442,SSP245,2050,0.00163119394253497
2550,99.2638388952071,30.359938109442,SSP245,2050,0.00140606336473037
2551,100.162154179327,30.359938109442,SSP245,2050,0.00391767027365353
2552,101.060469463446,30.359938109442,SSP245,2050,0.0196964879599315
2553,101.958784747566,30.359938109442,SSP245,2050,0.0462296103996208
2554,102.857100031685,30.359938109442,SSP245,2050,0.195292379772435
2555,103.755415315805,30.359938109442,SSP245,2050,0.847938034631285
2556,104.653730599924,30.359938109442,SSP245,2050,0.508770926577149
2557,105.552045884044,30.359938109442,SSP245,2050,0.0143917637190175
2558,106.450361168163,30.359938109442,SSP245,2050,0.0093907010303842
2559,107.348676452283,30.359938109442,SSP245,2050,0.0305775944753249
2560,108.246991736402,30.359938109442,SSP245,2050,0.00971750121142911
2561,109.145307020522,30.359938109442,SSP245,2050,0.0343272704756632
2562,110.043622304641,30.359938109442,SSP245,2050,0.0108717517419948
2563,110.941937588761,30.359938109442,SSP245,2050,0.328573222291427
2564,111.84025287288,30.359938109442,SSP245,2050,0.200377573788113
2565,112.738568157,30.359938109442,SSP245,2050,0.0461808883873229
2566,113.636883441119,30.359938109442,SSP245,2050,0.276322606323218
2567,114.535198725239,30.359938109442,SSP245,2050,0.971315406984587
2568,115.433514009359,30.359938109442,SSP245,2050,0.044919391884658
2569,116.331829293478,30.359938109442,SSP245,2050,0.0336311620709396
2570,117.230144577598,30.359938109442,SSP245,2050,0.0541012155020528
2571,118.128459861717,30.359938109442,SSP245,2050,0.135516734676619
2572,119.026775145837,30.359938109442,SSP245,2050,0.521841054428983
2573,119.922323669823,30.3605647242723,SSP245,2050,0.998120394027251
2574,120.77452717431,30.3574019611609,SSP245,2050,
2575,121.639401002142,30.1205790517231,SSP245,2050,
2576,122.305678335048,30.2726493835941,SSP245,2050,
2603,82.6280026972768,29.9375101085613,SSP245,2050,0.00170729647137069
2604,83.2042845437638,29.7694639660965,SSP245,2050,0.00254856333094988
2605,83.9991049880704,29.6156110947249,SSP245,2050,0.00265892550889879
2606,84.8907943492948,29.5817737872574,SSP245,2050,0.00206128418341123
2607,85.7891096334143,29.5817737872574,SSP245,2050,0.00256195900994738
2608,86.6874249175338,29.5817737872574,SSP245,2050,0.00127550307118796
2609,87.5857402016533,29.5817737872574,SSP245,2050,0.00191060606811733
2610,88.4840554857729,29.5817737872574,SSP245,2050,0.0155180235677057
2611,89.3823707698924,29.5817737872574,SSP245,2050,0.0122729351284266
2612,90.2806860540119,29.5817737872574,SSP245,2050,0.00962588225059835
2613,91.1790013381314,29.5817737872574,SSP245,2050,0.197229021362337
2614,92.077316622251,29.5817737872574,SSP245,2050,0.0121421907873318
2615,92.9756319063705,29.5817737872574,SSP245,2050,0.00306266251871512
2616,93.87394719049,29.5817737872574,SSP245,2050,0.012102494800167
2617,94.7722624746095,29.5817737872574,SSP245,2050,0.212518096853524
2618,95.670577758729,29.5817737872574,SSP245,2050,0.325213884686029
2619,96.5688930428486,29.5817737872574,SSP245,2050,0.00837088203129
2620,97.4672083269681,29.5817737872574,SSP245,2050,0.00377054397649379
2621,98.3655236110876,29.5817737872574,SSP245,2050,0.0122649036529933
2622,99.2638388952071,29.5817737872574,SSP245,2050,0.00299725381404303
2623,100.162154179327,29.5817737872574,SSP245,2050,0.00411761023596002
2624,101.060469463446,29.5817737872574,SSP245,2050,0.00827505730892408
2625,101.958784747566,29.5817737872574,SSP245,2050,0.0667226384095204
2626,102.857100031685,29.5817737872574,SSP245,2050,0.697181124384238
2627,103.755415315805,29.5817737872574,SSP245,2050,0.100077820743542
2628,104.653730599924,29.5817737872574,SSP245,2050,0.0674081855886135
2629,105.552045884044,29.5817737872574,SSP245,2050,0.0440131821589611
2630,106.450361168163,29.5817737872574,SSP245,2050,0.932650442264514
2631,107.348676452283,29.5817737872574,SSP245,2050,0.0224411481775839
2632,108.246991736402,29.5817737872574,SSP245,2050,0.0145889507490604
2633,109.145307020522,29.5817737872574,SSP245,2050,0.0133769135581722
2634,110.043622304641,29.5817737872574,SSP245,2050,0.0554739182656012
2635,110.941937588761,29.5817737872574,SSP245,2050,0.206433016626387
2636,111.84025287288,29.5817737872574,SSP245,2050,0.157213597461988
2637,112.738568157,29.5817737872574,SSP245,2050,0.146596037454358
2638,113.636883441119,29.5817737872574,SSP245,2050,0.025143464129483
2639,114.535198725239,29.5817737872574,SSP245,2050,0.0210789931108012
2640,115.433514009359,29.5817737872574,SSP245,2050,0.100543447554839
2641,116.331829293478,29.5817737872574,SSP245,2050,0.117231490110703
2642,117.230144577598,29.5817737872574,SSP245,2050,0.0454069854870596
2643,118.128459861717,29.5817737872574,SSP245,2050,0.496133629771486
2644,119.026775145837,29.5817737872574,SSP245,2050,0.113268157280099
2645,119.925090429956,29.5817737872574,SSP245,2050,0.167236459620697
2646,120.823405714076,29.5817737872574,SSP245,2050,0.196528272365209
2647,121.603046556683,29.5997257634977,SSP245,2050,0.279410578790766
2648,122.281324351433,29.842985990063,SSP245,2050,
2677,84.3429806097434,29.0529250558093,SSP245,2050,0.00380606876618794
2678,84.9441195618522,28.900901289775,SSP245,2050,0.0268117087341777
2679,85.7891096334143,28.7975638405778,SSP245,2050,0.0280661395537678
2680,86.6874249175338,28.7975638405778,SSP245,2050,0.012095736824337
2681,87.5857402016533,28.7975638405778,SSP245,2050,0.00827631485455027
2682,88.4840554857729,28.7975638405778,SSP245,2050,0.00279438565819112
2683,89.3823707698924,28.7975638405778,SSP245,2050,0.00330900928188638
2684,90.2806860540119,28.7975638405778,SSP245,2050,0.020925700701723
2685,91.1790013381314,28.7975638405778,SSP245,2050,0.0063951702585745
2686,92.077316622251,28.7975638405778,SSP245,2050,0.0142576274339161
2687,92.9756319063705,28.7975638405778,SSP245,2050,0.00581199086938733
2688,93.87394719049,28.7975638405778,SSP245,2050,0.00590092382897323
2689,94.7722624746095,28.7975638405778,SSP245,2050,0.00448964008970076
2690,95.670577758729,28.7975638405778,SSP245,2050,0.00239083359314807
2691,96.5688930428486,28.7975638405778,SSP245,2050,0.00288841168619525
2692,97.4611744775053,28.8095677415172,SSP245,2050,0.0056171639328011
2693,98.3655236110876,28.7975638405778,SSP245,2050,0.00886689959511078
2694,99.2638388952071,28.7975638405778,SSP245,2050,0.00622321541200421
2695,100.162154179327,28.7975638405778,SSP245,2050,0.0192385855096379
2696,101.060469463446,28.7975638405778,SSP245,2050,0.00286522374362996
2697,101.958784747566,28.7975638405778,SSP245,2050,0.00618021193531237
2698,102.857100031685,28.7975638405778,SSP245,2050,0.00734822935195068
2699,103.755415315805,28.7975638405778,SSP245,2050,0.0648511561927841
2700,104.653730599924,28.7975638405778,SSP245,2050,0.0360897442144793
2701,105.552045884044,28.7975638405778,SSP245,2050,0.0499788500187576
2702,106.450361168163,28.7975638405778,SSP245,2050,0.0864450345156109
2703,107.348676452283,28.7975638405778,SSP245,2050,0.0518696263408151
2704,108.246991736402,28.7975638405778,SSP245,2050,0.00387245716298346
2705,109.145307020522,28.7975638405778,SSP245,2050,0.0112014110925466
2706,110.043622304641,28.7975638405778,SSP245,2050,0.0458699277952027
2707,110.941937588761,28.7975638405778,SSP245,2050,0.0315867976366313
2708,111.84025287288,28.7975638405778,SSP245,2050,0.0362168182124901
2709,112.738568157,28.7975638405778,SSP245,2050,0.122999053820446
2710,113.636883441119,28.7975638405778,SSP245,2050,0.0135780966400426
2711,114.535198725239,28.7975638405778,SSP245,2050,0.0277134842107537
2712,115.433514009358,28.7975638405778,SSP245,2050,0.385987186902853
2713,116.331829293478,28.7975638405778,SSP245,2050,0.658762935791961
2714,117.230144577598,28.7975638405778,SSP245,2050,0.00406376384430907
2715,118.128459861717,28.7975638405778,SSP245,2050,0.206684987797093
2716,119.026775145837,28.7975638405778,SSP245,2050,0.278841500865912
2717,119.925090429956,28.7975638405778,SSP245,2050,0.476171303582422
2718,120.823405714076,28.7975638405778,SSP245,2050,0.335107905860132
2719,121.456467798715,28.8198556761205,SSP245,2050,0.0950379751206041
2750,85.2677621739188,28.3795009016026,SSP245,2050,0.0357802486386626
2751,85.951318224197,28.2515882288631,SSP245,2050,0.03341597428786
2752,86.6908066449762,28.2070518418809,SSP245,2050,0.00985435385773303
2753,87.5750832987249,28.1394880788429,SSP245,2050,0.015438410382881
2754,88.4791167905161,28.1733948054688,SSP245,2050,0.00574740580445265
2755,89.2531087399051,28.1052975903994,SSP245,2050,0.00975551281198495
2756,90.3407867191068,28.2769646691795,SSP245,2050,0.00491695232299338
2757,91.1929724321617,28.194285906939,SSP245,2050,0.0325367819367463
2758,92.0787371513601,28.0083311071685,SSP245,2050,0.0510485397768681
2759,92.9756319063705,28.0074093357378,SSP245,2050,0.00283285729876781
2760,93.87394719049,28.0074093357378,SSP245,2050,0.00287102709768872
2761,94.7321674667976,28.0614279812259,SSP245,2050,0.00374250014030642
2762,95.5837338655716,28.2753654913653,SSP245,2050,0.00340760623282099
2763,96.6525614962135,28.2130506523232,SSP245,2050,0.00247180659470347
2764,97.2256778531727,28.1449381212459,SSP245,2050,0.00271021927779858
2765,98.4718095257053,28.0515310005048,SSP245,2050,0.0137248164625403
2766,99.2638388952071,28.0074093357378,SSP245,2050,0.040331121289826
2767,100.162154179327,28.0074093357378,SSP245,2050,0.011948902398875
2768,101.060469463446,28.0074093357378,SSP245,2050,0.0137952978746539
2769,101.958784747566,28.0074093357378,SSP245,2050,0.0385685538425999
2770,102.857100031685,28.0074093357378,SSP245,2050,0.00354897110882224
2771,103.755415315805,28.0074093357378,SSP245,2050,0.000816195967441424
2772,104.653730599924,28.0074093357378,SSP245,2050,0.0019189624903494
2773,105.552045884044,28.0074093357378,SSP245,2050,0.0102670910296034
2774,106.450361168163,28.0074093357378,SSP245,2050,0.0107114310671182
2775,107.348676452283,28.0074093357378,SSP245,2050,0.117813996939903
2776,108.246991736402,28.0074093357378,SSP245,2050,0.0129959450758699
2777,109.145307020522,28.0074093357378,SSP245,2050,0.0128745155993684
2778,110.043622304641,28.0074093357378,SSP245,2050,0.0332213663614279
2779,110.941937588761,28.0074093357378,SSP245,2050,0.0095574765513099
2780,111.84025287288,28.0074093357378,SSP245,2050,0.0201145832760252
2781,112.738568157,28.0074093357378,SSP245,2050,0.877749268373027
2782,113.636883441119,28.0074093357378,SSP245,2050,0.118896861890656
2783,114.535198725239,28.0074093357378,SSP245,2050,0.0202943505098738
2784,115.433514009358,28.0074093357378,SSP245,2050,0.0101227305146911
2785,116.331829293478,28.0074093357378,SSP245,2050,0.0414724886556617
2786,117.230144577598,28.0074093357378,SSP245,2050,0.0408433881821729
2787,118.128459861717,28.0074093357378,SSP245,2050,0.150035062512073
2788,119.026775145837,28.0074093357378,SSP245,2050,0.301578544817627
2789,119.925090429956,28.0074093357378,SSP245,2050,0.352876790606724
2790,120.710954697087,28.085676170264,SSP245,2050,0.434603511954861
2791,121.399924172141,28.3033034093586,SSP245,2050,
2799,128.726766097212,27.6525708840276,SSP245,2050,
2826,88.8777301058324,27.5170886065542,SSP245,2050,0.0152209735115845
2827,89.0443904318711,27.4652747864857,SSP245,2050,0.00521492458038919
2830,92.2493205344729,27.3016511754727,SSP245,2050,0.00400397442284528
2831,92.9813592120786,27.2665790729466,SSP245,2050,0.00439797361834182
2832,93.7259154437825,27.333528957722,SSP245,2050,0.0046207106227798
2833,94.3856358938791,27.6080097806127,SSP245,2050,0.00361178294993814
2837,98.7344411122203,27.315860917647,SSP245,2050,0.00305527631145985
2838,99.2638388952071,27.2114166090938,SSP245,2050,0.0110317610807383
2839,100.162154179327,27.2114166090938,SSP245,2050,0.0361831136261599
2840,101.060469463446,27.2114166090938,SSP245,2050,0.00845223172363252
2841,101.958784747566,27.2114166090938,SSP245,2050,0.0105103392250558
2842,102.857100031685,27.2114166090938,SSP245,2050,0.00841531251584515
2843,103.755415315805,27.2114166090938,SSP245,2050,0.00416499383006796
2844,104.653730599924,27.2114166090938,SSP245,2050,0.0229157186494575
2845,105.552045884044,27.2114166090938,SSP245,2050,0.0505548306653967
2846,106.450361168163,27.2114166090938,SSP245,2050,0.0125547580569233
2847,107.348676452283,27.2114166090938,SSP245,2050,0.00546931729856637
2848,108.246991736402,27.2114166090938,SSP245,2050,0.00669362114209893
2849,109.145307020522,27.2114166090938,SSP245,2050,0.00265135340500622
2850,110.043622304641,27.2114166090938,SSP245,2050,0.0746901681816743
2851,110.941937588761,27.2114166090938,SSP245,2050,0.0201100611686228
2852,111.84025287288,27.2114166090938,SSP245,2050,0.0238811017949665
2853,112.738568157,27.2114166090938,SSP245,2050,0.062084490889005
2854,113.636883441119,27.2114166090938,SSP245,2050,0.00720596328596379
2855,114.535198725239,27.2114166090938,SSP245,2050,0.0239592646940717
2856,115.433514009358,27.2114166090938,SSP245,2050,0.0157158764358384
2857,116.331829293478,27.2114166090938,SSP245,2050,0.00315677713415341
2858,117.230144577598,27.2114166090938,SSP245,2050,0.12446028135347
2859,118.128459861717,27.2114166090938,SSP245,2050,0.0291856974931376
2860,119.026775145837,27.2114166090938,SSP245,2050,0.0177757185631622
2861,119.898158829137,27.2338219897156,SSP245,2050,0.154186233843474
2862,120.491081450656,27.409030065604,SSP245,2050,0.0388170822454564
2909,98.7482628837472,26.2497822361461,SSP245,2050,0.00300703002450631
2910,99.2638388952071,26.4096972720129,SSP245,2050,0.0139865653225979
2911,100.162154179327,26.4096972720129,SSP245,2050,0.026045979264594
2912,101.060469463446,26.4096972720129,SSP245,2050,0.00656762770327113
2913,101.958784747566,26.4096972720129,SSP245,2050,0.0297133049506848
2914,102.857100031685,26.4096972720129,SSP245,2050,0.00708641416790035
2915,103.755415315805,26.4096972720129,SSP245,2050,0.00184476160194458
2916,104.653730599924,26.4096972720129,SSP245,2050,0.0142040934155664
2917,105.552045884044,26.4096972720129,SSP245,2050,0.00844042323805483
2918,106.450361168163,26.4096972720129,SSP245,2050,0.390945780796784
2919,107.348676452283,26.4096972720129,SSP245,2050,0.0111070859898639
2920,108.246991736402,26.4096972720129,SSP245,2050,0.0209394436355828
2921,109.145307020522,26.4096972720129,SSP245,2050,0.00403212330815683
2922,110.043622304641,26.4096972720129,SSP245,2050,0.00858324077230099
2923,110.941937588761,26.4096972720129,SSP245,2050,0.0148276522159386
2924,111.84025287288,26.4096972720129,SSP245,2050,0.0245851642508447
2925,112.738568157,26.4096972720129,SSP245,2050,0.036093661580998
2926,113.636883441119,26.4096972720129,SSP245,2050,0.00806087122052657
2927,114.535198725239,26.4096972720129,SSP245,2050,0.010773105805831
2928,115.433514009358,26.4096972720129,SSP245,2050,0.00317138646291104
2929,116.331829293478,26.4096972720129,SSP245,2050,0.0219556427151687
2930,117.230144577598,26.4096972720129,SSP245,2050,0.201896094165521
2931,118.128459861717,26.4096972720129,SSP245,2050,0.0659997544497383
2932,119.026775145837,26.4096972720129,SSP245,2050,0.940109550332793
2933,119.699784372173,26.4770996501751,SSP245,2050,
2980,97.8867117416,25.2265235360335,SSP245,2050,0.00337416053236306
2981,98.5007709162612,25.4824941548273,SSP245,2050,0.0842295074515277
2982,99.2638388952071,25.6023682062936,SSP245,2050,0.0178969324400269
2983,100.162154179327,25.6023682062936,SSP245,2050,0.076156600069977
2984,101.060469463446,25.6023682062936,SSP245,2050,0.00305118056955134
2985,101.958784747566,25.6023682062936,SSP245,2050,0.00262032107823795
2986,102.857100031685,25.6023682062936,SSP245,2050,0.012101009251504
2987,103.755415315805,25.6023682062935,SSP245,2050,0.00157518623227015
2988,104.653730599924,25.6023682062936,SSP245,2050,0.00315866669773679
2989,105.552045884044,25.6023682062936,SSP245,2050,0.0210621539953026
2990,106.450361168163,25.6023682062936,SSP245,2050,0.00453421557830258
2991,107.348676452283,25.6023682062936,SSP245,2050,0.0241927841827656
2992,108.246991736402,25.6023682062936,SSP245,2050,0.0171774638317314
2993,109.145307020522,25.6023682062936,SSP245,2050,0.00761573434396079
2994,110.043622304641,25.6023682062936,SSP245,2050,0.0731719777457066
2995,110.941937588761,25.6023682062936,SSP245,2050,0.0204062426276841
2996,111.84025287288,25.6023682062935,SSP245,2050,0.0158735906561046
2997,112.738568157,25.6023682062935,SSP245,2050,0.0305876912331942
2998,113.636883441119,25.6023682062936,SSP245,2050,0.00874133822192935
2999,114.535198725239,25.6023682062935,SSP245,2050,0.0842630339496964
3000,115.433514009358,25.6023682062936,SSP245,2050,0.0302577390300794
3001,116.331829293478,25.6023682062935,SSP245,2050,0.00974636564897013
3002,117.230144577598,25.6023682062936,SSP245,2050,0.0469672639748247
3003,118.128459861717,25.6023682062935,SSP245,2050,0.0440202568062501
3004,118.992956620772,25.631577071702,SSP245,2050,0.185355771909875
3005,119.619873555739,25.6797528327445,SSP245,2050,
3007,121.578657861701,25.2596176961329,SSP245,2050,
3052,97.7879505796289,24.7194255762163,SSP245,2050,0.0753970761635037
3053,98.3655236110876,24.7895515496951,SSP245,2050,0.0718314332085878
3054,99.2638388952071,24.7895515496951,SSP245,2050,0.0263433556060577
3055,100.162154179327,24.7895515496951,SSP245,2050,0.0145347396023088
3056,101.060469463446,24.7895515496951,SSP245,2050,0.0285637510530549
3057,101.958784747566,24.7895515496951,SSP245,2050,0.00692148366385581
3058,102.857100031685,24.7895515496951,SSP245,2050,0.118260016744417
3059,103.755415315805,24.7895515496951,SSP245,2050,0.00262718315440791
3060,104.653730599924,24.7895515496952,SSP245,2050,0.0203570917821976
3061,105.552045884044,24.7895515496952,SSP245,2050,0.00635731470437662
3062,106.450361168163,24.7895515496952,SSP245,2050,0.00975723598796963
3063,107.348676452283,24.7895515496951,SSP245,2050,0.00191012803556045
3064,108.246991736402,24.7895515496951,SSP245,2050,0.00915078449626339
3065,109.145307020522,24.7895515496951,SSP245,2050,0.0123210972668908
3066,110.043622304641,24.7895515496951,SSP245,2050,0.029247676111374
3067,110.941937588761,24.7895515496952,SSP245,2050,0.0252948963722901
3068,111.84025287288,24.7895515496952,SSP245,2050,0.0111157310757591
3069,112.738568157,24.7895515496951,SSP245,2050,0.100327607598043
3070,113.636883441119,24.7895515496951,SSP245,2050,0.0302467346877217
3071,114.535198725239,24.7895515496951,SSP245,2050,0.0271688794131435
3072,115.433514009359,24.7895515496952,SSP245,2050,0.00193236797992913
3073,116.331829293478,24.7895515496951,SSP245,2050,0.0237396441305037
3074,117.230144577598,24.7895515496951,SSP245,2050,0.0415285362479624
3075,118.103685005399,24.8335919626298,SSP245,2050,0.734716471954574
3076,118.770018251412,24.9604093153143,SSP245,2050,0.137276255586246
3077,119.529875381744,25.1645582018131,SSP245,2050,
3078,121.03556563845,24.6611293921698,SSP245,2050,0.00448448013454439
3079,121.56864199819,24.7835886413952,SSP245,2050,0.0319389528903297
3124,97.7970304358934,24.1256640633575,SSP245,2050,0.0267416613004033
3125,98.3749712442988,24.2095109068584,SSP245,2050,0.0185007593593439
3126,99.2743437523302,23.9744891188441,SSP245,2050,0.00290557851834072
3127,100.162154179327,23.9713746712774,SSP245,2050,0.00381822370178131
3128,101.060469463446,23.9713746712774,SSP245,2050,0.00271000176030256
3129,101.958784747566,23.9713746712774,SSP245,2050,0.00561467201160304
3130,102.857100031685,23.9713746712774,SSP245,2050,0.00538880980075041
3131,103.755415315805,23.9713746712774,SSP245,2050,0.00706162088154339
3132,104.653730599924,23.9713746712774,SSP245,2050,0.00157384965854812
3133,105.552045884044,23.9713746712774,SSP245,2050,0.00192244840979128
3134,106.450361168163,23.9713746712774,SSP245,2050,0.284183211870242
3135,107.348676452283,23.9713746712774,SSP245,2050,0.00140905413458625
3136,108.246991736402,23.9713746712774,SSP245,2050,0.00234220572065524
3137,109.145307020522,23.9713746712774,SSP245,2050,0.0464519330698092
3138,110.043622304641,23.9713746712774,SSP245,2050,0.023780967502617
3139,110.941937588761,23.9713746712774,SSP245,2050,0.015242019058029
3140,111.84025287288,23.9713746712774,SSP245,2050,0.00351285022271663
3141,112.738568157,23.9713746712774,SSP245,2050,0.0241125149769991
3142,113.636883441119,23.9713746712774,SSP245,2050,0.118562377856861
3143,114.535198725239,23.9713746712774,SSP245,2050,0.00710385468358754
3144,115.433514009358,23.9713746712774,SSP245,2050,0.00650017697876315
3145,116.331829293478,23.9713746712774,SSP245,2050,0.0286421800848646
3146,117.191222728809,24.0222770833957,SSP245,2050,0.0433827630257004
3147,117.854883905339,24.2148744488918,SSP245,2050,0.0146735034693875
3149,120.221854614265,23.7097940313673,SSP245,2050,0.00200443486468416
3150,120.846137945521,23.9540851768199,SSP245,2050,0.0310544117748914
3151,121.458705062506,24.0222293246619,SSP245,2050,0.00572236782530711
3198,99.3818928735171,23.2595074386355,SSP245,2050,0.00352414178299254
3199,100.162154179327,23.1479701362804,SSP245,2050,0.00301370579595506
3200,101.060469463446,23.1479701362804,SSP245,2050,0.0129781571360612
3201,101.958784747566,23.1479701362804,SSP245,2050,0.0024527438829024
3202,102.859068188151,23.150331696772,SSP245,2050,0.0028276474965907
3203,103.752939554375,23.1591812276401,SSP245,2050,0.0115013007227875
3204,104.592306121855,23.2181102359245,SSP245,2050,0.00352949966476956
3205,105.637298913065,23.3359235141008,SSP245,2050,0.0996012980554111
3206,106.475548226612,23.2271455875199,SSP245,2050,0.0271035122222764
3207,107.348676452283,23.1479701362804,SSP245,2050,0.010782878549482
3208,108.246991736402,23.1479701362804,SSP245,2050,0.403744511322025
3209,109.145307020522,23.1479701362804,SSP245,2050,0.0106684303326823
3210,110.043622304641,23.1479701362804,SSP245,2050,0.0272505028227521
3211,110.941937588761,23.1479701362804,SSP245,2050,0.0321025499777133
3212,111.84025287288,23.1479701362804,SSP245,2050,0.0071259795030324
3213,112.738568157,23.1479701362804,SSP245,2050,0.216810022951839
3214,113.639285778782,23.1590943187585,SSP245,2050,0.815749847481521
3215,114.531984510007,23.153014596904,SSP245,2050,0.0807530558615724
3216,115.427598084043,23.1823728619401,SSP245,2050,0.020623913782753
3217,116.261286891506,23.2582140647182,SSP245,2050,0.029272517281715
3218,116.927027748067,23.4499778619798,SSP245,2050,
3221,120.221142954146,23.1791573865647,SSP245,2050,0.0133002542794395
3222,120.816755431211,23.153579391231,SSP245,2050,0.00718327906219918
3223,121.363353115256,23.3288688416662,SSP245,2050,
3270,99.5091895514656,22.394686521223,SSP245,2050,0.00494497401258376
3271,100.182410647923,22.3419400992303,SSP245,2050,0.0117620720427173
3272,101.060469463446,22.3194756603065,SSP245,2050,0.114395801355056
3273,101.851914570071,22.4999659332882,SSP245,2050,0.00544497206868377
3274,102.999812049618,22.6383656852558,SSP245,2050,0.00153770676396148
3275,103.828465415847,22.6606829913289,SSP245,2050,0.0018180577263931
3276,104.348950652664,22.722767091343,SSP245,2050,0.00141771471130192
3278,106.782247985507,22.3665776705727,SSP245,2050,0.0413631256232087
3279,107.351531787224,22.3223862660348,SSP245,2050,0.269050516921472
3280,108.246922741308,22.3195653703174,SSP245,2050,0.109889109804112
3281,109.145307020522,22.3194756603065,SSP245,2050,0.0056797184975167
3282,110.043622304641,22.3194756603066,SSP245,2050,0.00975006682696344
3283,110.941937588761,22.3194756603065,SSP245,2050,0.00623946516520413
3284,111.84025287288,22.3194756603065,SSP245,2050,0.00691998207630573
3285,112.717104645741,22.3404322989481,SSP245,2050,0.049594966767313
3286,113.537399181204,22.4349843153421,SSP245,2050,
3287,114.380911550424,22.552377428192,SSP245,2050,
3288,115.378089459572,22.7124266281378,SSP245,2050,0.00155323389635054
3293,120.320820294217,22.6300187239725,SSP245,2050,
3294,120.721261472319,22.4464503673936,SSP245,2050,0.00571245396615949
3343,100.335027314396,21.7203143463617,SSP245,2050,0.00359036820106151
3344,101.136271136014,21.6540831738014,SSP245,2050,0.0373471768772101
3345,101.651772131567,21.5469262642757,SSP245,2050,0.0199802706030849
3351,107.467093467528,21.789247955818,SSP245,2050,0.00195257183436448
3352,108.198178205548,21.7478314066419,SSP245,2050,0.0310853682196809
3353,109.196132495051,21.7053203815841,SSP245,2050,0.245631227444622
3354,110.082218872487,21.5190952770571,SSP245,2050,0.0619087777274561
3355,110.890736285408,21.6254148846067,SSP245,2050,0.0213642933617065
3356,111.74892674324,21.7484658164556,SSP245,2050,0.0197910596085578
3357,112.584667823715,21.7827317191694,SSP245,2050,
3366,120.843290592731,21.8933460897806,SSP245,2050,
3425,109.062996181376,21.0234111459488,SSP245,2050,
3426,110.092605600305,20.6701691550561,SSP245,2050,0.0282719220053231
3497,109.324446468178,19.5856226832613,SSP245,2050,0.119150492741392
3498,110.0563915473,19.6851951804218,SSP245,2050,0.138986381269512
3499,110.734580573795,19.7239358643008,SSP245,2050,0.0609331669196362
3568,108.676978172325,19.0248936490551,SSP245,2050,0.0517300757328556
3569,109.149109458957,18.9566394088086,SSP245,2050,0.285025200209178
3570,110.030552654776,18.9722941595042,SSP245,2050,0.138064875251973
3571,110.573927534664,19.1556759733639,SSP245,2050,
3641,109.256091828207,18.4105060800407,SSP245,2050,0.0982821056078705
3642,109.813775472095,18.409118131092,SSP245,2050,
54,120.98934621946,53.1655657942916,SSP245,2080,3.80242306067258e-05
55,121.766597775951,53.2204133988419,SSP245,2080,3.85363801179706e-05
56,122.625962550526,53.2615170240288,SSP245,2080,7.3135463298013e-05
57,123.503872211582,53.2867806513094,SSP245,2080,0.000177669747047693
58,124.234533147575,53.1929084230386,SSP245,2080,5.0852437961324e-05
59,125.067534970276,53.1220547884351,SSP245,2080,5.72606826284572e-05
125,120.201065679812,52.686172327543,SSP245,2080,4.31797600328743e-05
126,120.844576434726,52.8132208818435,SSP245,2080,4.00172721618519e-05
127,121.721720998195,52.820390340621,SSP245,2080,3.91145754374822e-05
128,122.620036282315,52.820390340621,SSP245,2080,0.000581580898520007
129,123.518351566434,52.820390340621,SSP245,2080,0.000107573494687929
130,124.416446647668,52.8202403435421,SSP245,2080,9.37641477064544e-05
131,125.28164631535,52.8005737429746,SSP245,2080,5.68111541510152e-05
132,125.869886774161,52.6803504259881,SSP245,2080,8.76308395052483e-05
197,120.067097887072,52.5451834148273,SSP245,2080,4.07637893917734e-05
198,120.968340417924,52.2812213666407,SSP245,2080,6.0186837858689e-05
199,121.721720998195,52.274134035273,SSP245,2080,0.000319560396206398
200,122.620036282315,52.274134035273,SSP245,2080,5.63658715172499e-05
201,123.518351566434,52.274134035273,SSP245,2080,8.68200579831058e-05
202,124.416666850554,52.274134035273,SSP245,2080,7.8095270813705e-05
203,125.314982134673,52.274134035273,SSP245,2080,9.36357457903547e-05
204,126.039464540426,52.2416405198819,SSP245,2080,6.30040771153473e-05
269,120.217755654577,51.5814892348358,SSP245,2080,5.31526376310598e-05
270,120.848137852535,51.704730306573,SSP245,2080,0.000629809424721572
271,121.721720998195,51.7210618695902,SSP245,2080,0.000324134664084652
272,122.620036282315,51.7210618695902,SSP245,2080,0.000117675602675393
273,123.518351566434,51.7210618695902,SSP245,2080,9.88252462864603e-05
274,124.416666850554,51.7210618695902,SSP245,2080,0.000150236471885612
275,125.314982134673,51.7210618695902,SSP245,2080,7.45273190797535e-05
276,126.170400509542,51.7017618694339,SSP245,2080,0.000103231496692668
277,126.709879883934,51.4945263196956,SSP245,2080,7.72349223956415e-05
341,120.052672960567,51.1281229030947,SSP245,2080,0.000504600613155604
342,120.823405714076,51.1611409828537,SSP245,2080,0.000322932604178705
343,121.721720998195,51.1611409828537,SSP245,2080,0.00124477551827451
344,122.620036282315,51.1611409828537,SSP245,2080,8.82812195884819e-05
345,123.518351566434,51.1611409828537,SSP245,2080,0.000100074271654482
346,124.416666850554,51.1611409828537,SSP245,2080,7.62773056839361e-05
347,125.314982134673,51.1611409828537,SSP245,2080,0.000344510894912498
348,126.213297418793,51.1611409828537,SSP245,2080,8.21010149218981e-05
349,126.794002975364,51.1063729353377,SSP245,2080,8.12924035392681e-05
412,119.343388779203,50.476249202058,SSP245,2080,0.00017164898216393
413,119.925453215316,50.5941192066292,SSP245,2080,0.000542458645342636
414,120.823405714076,50.5943407078584,SSP245,2080,0.00177289177376527
415,121.721720998195,50.5943407078585,SSP245,2080,0.0110626978826422
416,122.620036282315,50.5943407078584,SSP245,2080,0.000143703717500054
417,123.518351566434,50.5943407078585,SSP245,2080,0.000110041272592176
418,124.416666850554,50.5943407078585,SSP245,2080,0.000362412090157194
419,125.314982134673,50.5943407078585,SSP245,2080,9.45759020427595e-05
420,126.213297418793,50.5943407078585,SSP245,2080,9.44703761607268e-05
421,126.964999554068,50.5798376124154,SSP245,2080,9.38517995148214e-05
481,116.711274531013,49.77390874873,SSP245,2080,5.42623182405722e-05
482,116.834034981637,49.7553445255093,SSP245,2080,5.33294534422746e-05
483,118.469695477319,49.7918715903298,SSP245,2080,6.59309305522937e-05
484,119.132454390713,49.9209814543472,SSP245,2080,0.00341623716393213
485,119.925090429956,50.0206326773674,SSP245,2080,0.00680132745419215
486,120.823405714076,50.0206326773673,SSP245,2080,9.84364080025557e-05
487,121.721720998195,50.0206326773674,SSP245,2080,0.000350068372359069
488,122.620036282315,50.0206326773673,SSP245,2080,7.61991332483003e-05
489,123.518351566434,50.0206326773674,SSP245,2080,0.000102950088979314
490,124.416666850554,50.0206326773673,SSP245,2080,9.66813114477993e-05
491,125.314982134673,50.0206326773674,SSP245,2080,0.000108727288222088
492,126.213297418793,50.0206326773673,SSP245,2080,9.76950146527322e-05
493,127.071793365452,50.0151123819584,SSP245,2080,9.96124156803502e-05
494,127.570463755481,49.7388191656239,SSP245,2080,9.4697527556753e-05
521,87.7091892693464,49.1515402210725,SSP245,2080,6.75193120198703e-05
553,116.572765545186,49.3853507424718,SSP245,2080,6.04680565450266e-05
554,117.198954478699,49.4001066010845,SSP245,2080,0.00277760528602178
555,118.165290837583,49.4066779423352,SSP245,2080,0.00147382165477117
556,119.026775145837,49.4399909322379,SSP245,2080,0.00308425292094339
557,119.925090429956,49.4399909322379,SSP245,2080,0.0683524550521383
558,120.823405714076,49.4399909322379,SSP245,2080,0.00131061613202332
559,121.721720998195,49.4399909322379,SSP245,2080,0.606566946047187
560,122.620036282315,49.4399909322379,SSP245,2080,0.000522837107948426
561,123.518351566434,49.4399909322379,SSP245,2080,0.000303396106407838
562,124.416666850554,49.4399909322379,SSP245,2080,0.000111232755871438
563,125.314982134673,49.4399909322379,SSP245,2080,0.000687545562521597
564,126.213297418793,49.4399909322379,SSP245,2080,0.000102885886884119
565,127.111612702912,49.4399909322379,SSP245,2080,9.34142602212473e-05
566,127.98718532064,49.3623581966388,SSP245,2080,9.30026071709333e-05
567,128.831379265101,49.3034455231243,SSP245,2080,7.31622604103199e-05
568,129.488923343649,49.2420104228533,SSP245,2080,7.65365176043087e-05
592,86.9202945882899,48.8163648995094,SSP245,2080,0.0425961364987675
593,87.5175865543879,48.8189026350264,SSP245,2080,0.0073758675121075
624,115.85369488121,48.5865829278789,SSP245,2080,5.88590381646048e-05
625,116.39445686148,48.831778041997,SSP245,2080,0.00011534880214803
626,117.230144577598,48.8523920310858,SSP245,2080,0.00258085229919125
627,118.128459861717,48.8523920310858,SSP245,2080,0.000124378753373233
628,119.026775145837,48.8523920310858,SSP245,2080,0.00133650072269653
629,119.925090429956,48.8523920310858,SSP245,2080,0.00361514374252947
630,120.823405714076,48.8523920310858,SSP245,2080,0.00212273214487657
631,121.721720998195,48.8523920310858,SSP245,2080,0.000148252979703667
632,122.620036282315,48.8523920310858,SSP245,2080,0.000126272978266839
633,123.518351566434,48.8523920310858,SSP245,2080,0.000143155444417231
634,124.416666850554,48.8523920310858,SSP245,2080,0.000159568382144037
635,125.314982134673,48.8523920310858,SSP245,2080,0.00045547919599187
636,126.213297418793,48.8523920310858,SSP245,2080,0.000239309675075239
637,127.111612702912,48.8523920310858,SSP245,2080,0.000103487568630989
638,128.009927987032,48.8523920310858,SSP245,2080,8.34866470389439e-05
639,128.908243271151,48.8523920310858,SSP245,2080,7.92478955311537e-05
640,129.75001917565,48.8148712474288,SSP245,2080,0.000568955561728091
641,130.410048953189,48.71833618111,SSP245,2080,7.55823536575662e-05
663,85.9139404436413,48.1661656374963,SSP245,2080,0.0030970369287866
664,86.7048538340238,48.24460805052,SSP245,2080,0.486211905042836
665,87.5854669535804,48.2576294146869,SSP245,2080,0.0227651469233677
666,88.3705260671709,48.1766476271419,SSP245,2080,0.00317372877895594
667,89.2463380726373,47.9857316877949,SSP245,2080,5.33254206307454e-05
696,115.740599914767,48.1790012201688,SSP245,2080,0.000122862532880963
697,116.331829293478,48.2578151613334,SSP245,2080,5.73307879306872e-05
698,117.230144577598,48.2578151613334,SSP245,2080,0.000691596116404125
699,118.13011213289,48.2733226343002,SSP245,2080,0.000433839386602575
700,119.026775145837,48.2578151613334,SSP245,2080,9.72224274939926e-05
701,119.925090429956,48.2578151613334,SSP245,2080,0.000143684319775517
702,120.823405714076,48.2578151613334,SSP245,2080,0.000120859842452803
703,121.721720998195,48.2578151613334,SSP245,2080,9.34983624577557e-05
704,122.620036282315,48.2578151613334,SSP245,2080,0.000334154097908046
705,123.518351566434,48.2578151613334,SSP245,2080,0.000294021911434572
706,124.416666850554,48.2578151613334,SSP245,2080,0.000355467120261466
707,125.314982134673,48.2578151613334,SSP245,2080,8.56782360137975e-05
708,126.213297418793,48.2578151613334,SSP245,2080,0.000144714615765928
709,127.111612702912,48.2578151613334,SSP245,2080,8.20019418641405e-05
710,128.009927987032,48.2578151613334,SSP245,2080,0.000306709616361589
711,128.908243271151,48.2578151613334,SSP245,2080,0.00183909629860934
712,129.806558555271,48.2578151613334,SSP245,2080,0.000509393239452538
713,130.477617167769,48.2559764356194,SSP245,2080,8.28823866806383e-05
715,132.899793063143,47.9733221656625,SSP245,2080,7.85917833161509e-05
716,133.481662555861,48.0495881915785,SSP245,2080,0.000152075637542271
717,134.264868847672,48.1579412262461,SSP245,2080,0.000329866824559821
718,134.863543647366,48.3538447960947,SSP245,2080,7.64243885633675e-05
735,85.9058128763012,47.6648905617173,SSP245,2080,0.00495424557710289
736,86.6874249175338,47.6562422514796,SSP245,2080,0.243562109574862
737,87.5857402016534,47.6562422514796,SSP245,2080,0.119764073357437
738,88.4840554857729,47.6562422514796,SSP245,2080,0.374587308098233
739,89.3688027335583,47.6470389607416,SSP245,2080,5.62139514639348e-05
740,90.0896256775331,47.5522301592798,SSP245,2080,5.59618162774278e-05
768,115.742960922916,47.8573574112534,SSP245,2080,9.57245538797391e-05
769,116.242724460058,47.8813254246438,SSP245,2080,6.66429566483773e-05
770,117.253385819125,47.8491485644781,SSP245,2080,6.16149049206261e-05
771,118.234383493322,47.9444967142522,SSP245,2080,7.00148597294614e-05
772,119.144935197998,47.7461877501696,SSP245,2080,0.000600779666662721
773,119.925090429956,47.6562422514796,SSP245,2080,0.000331599695607587
774,120.823405714076,47.6562422514796,SSP245,2080,0.00026205411405078
775,121.721720998195,47.6562422514796,SSP245,2080,0.000215805102425248
776,122.620036282315,47.6562422514796,SSP245,2080,0.000303647519555139
777,123.518351566434,47.6562422514796,SSP245,2080,0.016649172592245
778,124.416666850554,47.6562422514796,SSP245,2080,0.000385190723494522
779,125.314982134673,47.6562422514796,SSP245,2080,0.00010751235219808
780,126.213297418793,47.6562422514796,SSP245,2080,0.000108911897636288
781,127.111612702912,47.6562422514796,SSP245,2080,0.000127925742209545
782,128.009927987032,47.6562422514796,SSP245,2080,7.60096795484611e-05
783,128.908243271151,47.6562422514796,SSP245,2080,0.000495903196798486
784,129.806558555271,47.6562422514796,SSP245,2080,0.000170532239688104
785,130.648852643266,47.6230947207924,SSP245,2080,8.81123351744728e-05
786,131.589570707117,47.5189403775607,SSP245,2080,8.99068436928108e-05
787,132.560679800733,47.5906497215057,SSP245,2080,0.000152614212495461
788,133.399819691749,47.6562422514796,SSP245,2080,8.22436050023079e-05
789,134.22058328802,47.671576188675,SSP245,2080,8.10816297813766e-05
804,83.1954396533843,46.9248112568598,SSP245,2080,0.0158310262480358
805,83.9825645471563,46.8576473432864,SSP245,2080,0.0349575269198874
806,84.9135394220077,46.8595437220095,SSP245,2080,0.000886050492006518
807,85.8462850827722,47.0177993100224,SSP245,2080,0.0609145543446279
808,86.6874249175338,47.0476580844109,SSP245,2080,0.0259071167391322
809,87.5857402016533,47.0476580844109,SSP245,2080,0.488433161954038
810,88.4840554857729,47.0476580844109,SSP245,2080,0.024863197682317
811,89.3823707698924,47.0476580844109,SSP245,2080,0.00284815137621819
812,90.2402545961506,47.02754482209,SSP245,2080,0.000602056155327158
813,90.821609325153,46.839788193661,SSP245,2080,0.000271587655760963
844,119.417442796296,47.2978021972506,SSP245,2080,8.63737274150456e-05
845,120.035341980555,47.0853409027756,SSP245,2080,0.00182556405760337
846,120.823405714076,47.0476580844109,SSP245,2080,0.000164714157272372
847,121.721720998195,47.0476580844109,SSP245,2080,0.000103122464405914
848,122.620036282315,47.0476580844109,SSP245,2080,0.000116215173692869
849,123.518351566434,47.0476580844109,SSP245,2080,0.00447596750014334
850,124.416666850554,47.0476580844109,SSP245,2080,0.0459497800435428
851,125.314982134673,47.0476580844109,SSP245,2080,0.000236171727596712
852,126.213297418793,47.0476580844109,SSP245,2080,0.000113527133732361
853,127.111612702912,47.0476580844109,SSP245,2080,0.000108178558278826
854,128.009927987032,47.0476580844109,SSP245,2080,0.000138016819249631
855,128.908243271151,47.0476580844109,SSP245,2080,0.0077479640843644
856,129.806558555271,47.0476580844109,SSP245,2080,0.000187120146053044
857,130.70487383939,47.0476580844109,SSP245,2080,0.000341279388175741
858,131.60318912351,47.0476580844109,SSP245,2080,0.000212699091736046
859,132.501504407629,47.0476580844109,SSP245,2080,7.32154349857295e-05
860,133.399819691749,47.0476580844109,SSP245,2080,0.000134938661172646
861,133.976514896106,47.0990881560482,SSP245,2080,7.35747587681246e-05
875,82.5864580400594,46.2200896094133,SSP245,2080,7.52272448683033e-05
876,83.1104393169426,46.424295443549,SSP245,2080,0.0359352162375276
877,83.9924790651753,46.4320504115606,SSP245,2080,0.0997604592689073
878,84.8907943492948,46.4320504115606,SSP245,2080,0.000283427823485893
879,85.7891096334143,46.4320504115606,SSP245,2080,0.0928964908866633
880,86.6874249175338,46.4320504115606,SSP245,2080,4.41256332051054e-05
881,87.5857402016533,46.4320504115606,SSP245,2080,0.000163521747013839
882,88.4840554857729,46.4320504115606,SSP245,2080,0.00010316005423272
883,89.3823707698924,46.4320504115606,SSP245,2080,0.000613218279929773
884,90.2806860540119,46.4320504115606,SSP245,2080,0.00224907974969835
885,90.8529326169999,46.4570364332891,SSP245,2080,0.0107328116062321
913,116.624950112389,46.2109749385944,SSP245,2080,7.61131740570908e-05
914,117.298604040098,46.2912349368042,SSP245,2080,7.52661067228155e-05
915,118.159114464416,46.3879039558282,SSP245,2080,9.19089010606999e-05
916,119.008821423464,46.3971338258893,SSP245,2080,0.000346949099435112
917,119.949979796371,46.409367537793,SSP245,2080,0.000198999294210633
918,120.823405714076,46.4320504115606,SSP245,2080,0.000210317586690212
919,121.721720998195,46.4320504115606,SSP245,2080,0.000106195488958072
920,122.620036282315,46.4320504115606,SSP245,2080,0.000571660311500355
921,123.518351566434,46.4320504115606,SSP245,2080,0.000600361402569472
922,124.416666850554,46.4320504115606,SSP245,2080,0.00224038503889423
923,125.314982134673,46.4320504115606,SSP245,2080,0.00818403782833876
924,126.213297418793,46.4320504115606,SSP245,2080,0.000107729509710719
925,127.111612702912,46.4320504115606,SSP245,2080,0.000109391433098294
926,128.009927987032,46.4320504115606,SSP245,2080,0.000107429029312156
927,128.908243271151,46.4320504115606,SSP245,2080,0.000310830605406709
928,129.806558555271,46.4320504115606,SSP245,2080,8.34624129966155e-05
929,130.70487383939,46.4320504115606,SSP245,2080,0.000151231509068817
930,131.60318912351,46.4320504115606,SSP245,2080,0.000148578902800733
931,132.501504407629,46.4320504115606,SSP245,2080,0.000217839634987338
932,133.389053099742,46.4374325074708,SSP245,2080,7.69129876458941e-05
933,133.896669596222,46.6427376126053,SSP245,2080,7.65277521059815e-05
947,82.489698890592,45.7739902536515,SSP245,2080,0.00031481093997876
948,83.0941637810557,45.8094100677068,SSP245,2080,0.000551262499077221
949,83.9924790651753,45.8094100677068,SSP245,2080,0.00039053864045735
950,84.8907943492948,45.8094100677068,SSP245,2080,0.0720178144108011
951,85.7891096334143,45.8094100677068,SSP245,2080,0.0295924996116105
952,86.6874249175338,45.8094100677068,SSP245,2080,4.12276752984608e-05
953,87.5857402016533,45.8094100677068,SSP245,2080,0.000211507309533898
954,88.4840554857729,45.8094100677068,SSP245,2080,3.85661935866644e-05
955,89.3823707698924,45.8094100677068,SSP245,2080,0.000138779077572426
956,90.2695569077331,45.814686522634,SSP245,2080,0.000106981669394712
957,90.8288417443276,45.9987771619666,SSP245,2080,4.18204059015048e-05
984,115.809621293604,45.5400507832078,SSP245,2080,0.000105906365334474
985,116.434159903514,45.7684662849873,SSP245,2080,8.77743360754302e-05
986,117.230144577598,45.8094100677068,SSP245,2080,0.000320062607788052
987,118.128459861717,45.8094100677068,SSP245,2080,0.000211822937900896
988,119.026775145837,45.8094100677068,SSP245,2080,0.000255891076272885
989,119.925090429956,45.8094100677068,SSP245,2080,0.000373688546090434
990,120.823405714076,45.8094100677068,SSP245,2080,9.96569092488464e-05
991,121.721720998195,45.8094100677068,SSP245,2080,0.000623969533276814
992,122.620036282315,45.8094100677068,SSP245,2080,0.000555326268659506
993,123.518351566434,45.8094100677068,SSP245,2080,0.000428985080554334
994,124.416666850554,45.8094100677068,SSP245,2080,0.000251574157753565
995,125.314982134673,45.8094100677068,SSP245,2080,0.000232299912897527
996,126.213297418793,45.8094100677068,SSP245,2080,0.520224500981899
997,127.111612702912,45.8094100677068,SSP245,2080,0.0487133628333745
998,128.009927987032,45.8094100677068,SSP245,2080,0.000105396149031378
999,128.908243271151,45.8094100677068,SSP245,2080,0.000120233564051331
1000,129.806558555271,45.8094100677068,SSP245,2080,9.13639134613176e-05
1001,130.70487383939,45.8094100677068,SSP245,2080,0.00151991639835736
1002,131.60318912351,45.8094100677068,SSP245,2080,7.425150732987e-05
1003,132.501504407629,45.8094100677068,SSP245,2080,7.36056866605939e-05
1004,133.233182127971,45.8607042493194,SSP245,2080,5.08755002369687e-05
1016,79.9363938972813,44.9066047477668,SSP245,2080,8.48246917809492e-05
1017,80.4564404704518,44.9712759932945,SSP245,2080,8.43955323170942e-05
1018,81.3471555017718,45.0528063060372,SSP245,2080,0.000425806870791079
1019,82.2140548287345,45.0946694965179,SSP245,2080,0.00187820429918284
1020,83.0941637810557,45.1797310861844,SSP245,2080,8.50251978138372e-05
1021,83.9924790651753,45.1797310861844,SSP245,2080,0.000741000639161493
1022,84.8907943492948,45.1797310861844,SSP245,2080,0.0684976716275134
1023,85.7891096334143,45.1797310861844,SSP245,2080,8.87116115442233e-05
1024,86.6874249175338,45.1797310861844,SSP245,2080,6.2212959216712e-05
1025,87.5857402016533,45.1797310861844,SSP245,2080,0.000630390086771016
1026,88.4840554857729,45.1797310861844,SSP245,2080,4.73653319766898e-05
1027,89.3823707698924,45.1797310861844,SSP245,2080,0.00144060977111005
1028,90.2800829501215,45.1793106464764,SSP245,2080,0.000141815345628737
1029,91.1194345968524,45.0364794852579,SSP245,2080,0.000133213307866198
1030,92.0417781335629,44.9627999803671,SSP245,2080,4.24635586026012e-05
1031,92.9584517272128,44.9452867559723,SSP245,2080,4.11888823030893e-05
1032,93.5464982617403,44.9115270827412,SSP245,2080,5.00544985436724e-05
1052,112.010960226976,44.9572125033315,SSP245,2080,0.00012361289526619
1053,112.434486393606,44.939557062824,SSP245,2080,0.00013265721720479
1054,113.990734958105,44.9006753118312,SSP245,2080,0.000186593805800661
1055,114.618557263157,45.0954099368791,SSP245,2080,0.000322161488936157
1056,115.452379275369,45.1497868782039,SSP245,2080,0.000136220327325742
1057,116.331829293478,45.1797310861844,SSP245,2080,0.000556394226649659
1058,117.230144577598,45.1797310861844,SSP245,2080,0.000284800413959951
1059,118.128459861717,45.1797310861844,SSP245,2080,9.6159383223382e-05
1060,119.026775145837,45.1797310861844,SSP245,2080,0.000115768124368754
1061,119.925090429956,45.1797310861844,SSP245,2080,0.000117393947653754
1062,120.823405714076,45.1797310861844,SSP245,2080,9.74060022688183e-05
1063,121.721720998195,45.1797310861844,SSP245,2080,0.000270748772525975
1064,122.620036282315,45.1797310861844,SSP245,2080,0.00787940065008985
1065,123.518351566434,45.1797310861844,SSP245,2080,0.00051884293870752
1066,124.416666850554,45.1797310861844,SSP245,2080,0.00738932713393004
1067,125.314982134673,45.1797310861844,SSP245,2080,0.000111929850824311
1068,126.213297418793,45.1797310861844,SSP245,2080,0.000974701150965318
1069,127.111612702912,45.1797310861844,SSP245,2080,0.00102528279912761
1070,128.009927987032,45.1797310861844,SSP245,2080,0.0016181154946715
1071,128.908243271151,45.1797310861844,SSP245,2080,9.57356574116108e-05
1072,129.806558555271,45.1797310861844,SSP245,2080,9.52851578761571e-05
1073,130.699693229755,45.1837349789964,SSP245,2080,0.000215918657240466
1074,131.511355856558,45.2733694799337,SSP245,2080,5.31509474295255e-05
1075,132.539464402326,45.3003609509092,SSP245,2080,0.000181615673564783
1076,133.015704468497,45.2952727602257,SSP245,2080,4.76488550420484e-05
1088,79.9436488587448,44.8526351994795,SSP245,2080,8.48246917809492e-05
1089,80.5706542667929,44.5815399614433,SSP245,2080,0.000165211926327125
1090,81.2975332128167,44.5430108142727,SSP245,2080,0.0351275979779836
1091,82.1958484969362,44.5430108142727,SSP245,2080,0.000229792937717854
1092,83.0941637810557,44.5430108142727,SSP245,2080,0.00120446959232345
1093,83.9924790651753,44.5430108142727,SSP245,2080,0.000349427885119158
1094,84.8907943492948,44.5430108142727,SSP245,2080,0.150902762583995
1095,85.7891096334143,44.5430108142727,SSP245,2080,0.398301495844281
1096,86.6874249175338,44.5430108142727,SSP245,2080,0.00409157873688593
1097,87.5857402016533,44.5430108142727,SSP245,2080,0.113203855293259
1098,88.4840554857729,44.5430108142727,SSP245,2080,0.000240625785332016
1099,89.3823707698924,44.5430108142727,SSP245,2080,8.57539720645617e-05
1100,90.2806860540119,44.5430108142727,SSP245,2080,7.13298564171128e-05
1101,91.1790013381314,44.5430108142727,SSP245,2080,6.68354275846772e-05
1102,92.077316622251,44.5430108142727,SSP245,2080,3.96397911797131e-05
1103,92.9756319063705,44.5430108142727,SSP245,2080,8.46262769784723e-05
1104,93.8402729088573,44.513471030713,SSP245,2080,4.37833605372306e-05
1105,94.6153384661333,44.3328496760139,SSP245,2080,5.35369502747685e-05
1106,95.30953572512,44.2619661087531,SSP245,2080,5.3369693769123e-05
1124,111.895110475411,44.5287576899889,SSP245,2080,8.77461718713501e-05
1125,112.72877469682,44.533244994128,SSP245,2080,0.000182773670067582
1126,113.652927758688,44.5158677912215,SSP245,2080,0.000238018846725474
1127,114.535198725239,44.5430108142727,SSP245,2080,0.000454536878332745
1128,115.433514009359,44.5430108142727,SSP245,2080,0.000348277733470015
1129,116.331829293478,44.5430108142727,SSP245,2080,0.000176568485534268
1130,117.230144577598,44.5430108142727,SSP245,2080,0.000228656868822452
1131,118.128459861717,44.5430108142727,SSP245,2080,0.000195505042041133
1132,119.026775145837,44.5430108142727,SSP245,2080,0.000229226174465857
1133,119.925090429956,44.5430108142727,SSP245,2080,0.000159470700470177
1134,120.823405714076,44.5430108142727,SSP245,2080,0.000125013598310963
1135,121.721720998195,44.5430108142727,SSP245,2080,0.000120732096577703
1136,122.620036282315,44.5430108142727,SSP245,2080,0.000156914479437109
1137,123.518351566434,44.5430108142727,SSP245,2080,0.000179806168026375
1138,124.416666850554,44.5430108142727,SSP245,2080,0.0016624412793238
1139,125.314982134673,44.5430108142727,SSP245,2080,0.00048443689621247
1140,126.213297418793,44.5430108142727,SSP245,2080,0.000288486150659573
1141,127.111612702912,44.5430108142727,SSP245,2080,0.000189191582333326
1142,128.009927987032,44.5430108142727,SSP245,2080,0.000245644069958972
1143,128.908243271151,44.5430108142727,SSP245,2080,0.000666459249429319
1144,129.806558555271,44.5430108142727,SSP245,2080,0.00187921955671633
1145,130.672759861699,44.5283973535412,SSP245,2080,0.000109174224321218
1146,131.172650604186,44.2763016588904,SSP245,2080,5.60533131866992e-05
1161,80.6755289831368,43.9406838257672,SSP245,2080,0.00815313644334459
1162,81.2975332128167,43.8992500285015,SSP245,2080,0.0397856450927367
1163,82.1958484969362,43.8992500285015,SSP245,2080,0.00196780934014507
1164,83.0941637810557,43.8992500285015,SSP245,2080,0.0051191113598924
1165,83.9924790651753,43.8992500285015,SSP245,2080,0.0134150693791025
1166,84.8907943492948,43.8992500285015,SSP245,2080,0.011431899562616
1167,85.7891096334143,43.8992500285015,SSP245,2080,0.243783079360223
1168,86.6874249175338,43.8992500285015,SSP245,2080,0.00162621086621706
1169,87.5857402016533,43.8992500285015,SSP245,2080,0.866344565581356
1170,88.4840554857729,43.8992500285015,SSP245,2080,0.00514487910044814
1171,89.3823707698924,43.8992500285015,SSP245,2080,0.000318030999470809
1172,90.2806860540119,43.8992500285015,SSP245,2080,0.000125663367636419
1173,91.1790013381314,43.8992500285015,SSP245,2080,4.54203772374262e-05
1174,92.077316622251,43.8992500285015,SSP245,2080,4.60347688937546e-05
1175,92.9756319063705,43.8992500285015,SSP245,2080,0.000758180218815241
1176,93.87394719049,43.8992500285015,SSP245,2080,3.74946389074538e-05
1177,94.7722624746095,43.8992500285015,SSP245,2080,4.38699554363708e-05
1178,95.4144637873526,43.8172689954224,SSP245,2080,4.57465326648698e-05
1196,111.997167349209,43.9341148912802,SSP245,2080,0.000269650823548129
1197,112.738568157,43.8992500285015,SSP245,2080,0.000159756855286797
1198,113.636883441119,43.8992500285015,SSP245,2080,0.000178045054286091
1199,114.535198725239,43.8992500285015,SSP245,2080,0.00510023255138548
1200,115.433514009358,43.8992500285015,SSP245,2080,0.000843037227907129
1201,116.331829293478,43.8992500285015,SSP245,2080,0.00937727379470266
1202,117.230144577598,43.8992500285015,SSP245,2080,0.00341560965235277
1203,118.128459861717,43.8992500285015,SSP245,2080,0.000446684767465122
1204,119.026775145837,43.8992500285015,SSP245,2080,0.00023289772788071
1205,119.925090429956,43.8992500285015,SSP245,2080,0.000772811552752661
1206,120.823405714076,43.8992500285015,SSP245,2080,0.000209770804996512
1207,121.721720998195,43.8992500285015,SSP245,2080,0.000157686161866177
1208,122.620036282315,43.8992500285015,SSP245,2080,0.000492054965351541
1209,123.518351566434,43.8992500285015,SSP245,2080,0.000676464670577359
1210,124.416666850554,43.8992500285015,SSP245,2080,0.000593531275331904
1211,125.314982134673,43.8992500285015,SSP245,2080,0.643057278884547
1212,126.213297418793,43.8992500285015,SSP245,2080,0.0568463025049154
1213,127.111612702912,43.8992500285015,SSP245,2080,0.00249185404741181
1214,128.009927987032,43.8992500285015,SSP245,2080,0.0002352855994463
1215,128.908243271151,43.8992500285015,SSP245,2080,0.00166784508013917
1216,129.806558555271,43.8992500285015,SSP245,2080,8.90971144260622e-05
1217,130.704582630247,43.8993103095403,SSP245,2080,5.33584197474069e-05
1218,131.186676988833,44.0503076834506,SSP245,2080,5.56538274211205e-05
1233,80.7030751081177,43.1562486557851,SSP245,2080,0.000103598287262918
1234,81.2975332128167,43.248453049607,SSP245,2080,0.0112479932576713
1235,82.1958484969362,43.248453049607,SSP245,2080,0.01514703936019
1236,83.0941637810557,43.248453049607,SSP245,2080,0.0469164591134466
1237,83.9924790651753,43.248453049607,SSP245,2080,0.049324712047414
1238,84.8907943492948,43.248453049607,SSP245,2080,0.00216879024709815
1239,85.7891096334143,43.248453049607,SSP245,2080,0.000280195930369098
1240,86.6874249175338,43.248453049607,SSP245,2080,0.00103155778886632
1241,87.5857402016533,43.248453049607,SSP245,2080,0.319921600873388
1242,88.4840554857729,43.248453049607,SSP245,2080,0.00177123553021674
1243,89.3823707698924,43.248453049607,SSP245,2080,0.000705042672874967
1244,90.2806860540119,43.248453049607,SSP245,2080,0.000109898844597667
1245,91.1790013381314,43.248453049607,SSP245,2080,8.642275326598e-05
1246,92.077316622251,43.248453049607,SSP245,2080,0.000124114812572795
1247,92.9756319063705,43.248453049607,SSP245,2080,8.5143508076535e-05
1248,93.87394719049,43.248453049607,SSP245,2080,0.000530589538823345
1249,94.7722624746095,43.248453049607,SSP245,2080,0.000146852107480444
1250,95.5933874791401,43.2155213017952,SSP245,2080,4.60770665697829e-05
1251,96.1858805876544,42.9701353819985,SSP245,2080,4.73339989471855e-05
1267,111.07658365322,43.1252903048484,SSP245,2080,0.000116982381499375
1268,111.851925386763,43.2390308010058,SSP245,2080,0.000326534449373361
1269,112.738568157,43.248453049607,SSP245,2080,0.000169475170872069
1270,113.636883441119,43.248453049607,SSP245,2080,0.000170386166649106
1271,114.535198725239,43.248453049607,SSP245,2080,0.00359513017572621
1272,115.433514009359,43.248453049607,SSP245,2080,0.00240993757020458
1273,116.331829293478,43.248453049607,SSP245,2080,0.00769720371299432
1274,117.230144577598,43.248453049607,SSP245,2080,0.00277460659558582
1275,118.128459861717,43.248453049607,SSP245,2080,0.000338816143707787
1276,119.026775145837,43.248453049607,SSP245,2080,0.00111291636901523
1277,119.925090429956,43.248453049607,SSP245,2080,0.00012064492647812
1278,120.823405714076,43.248453049607,SSP245,2080,0.000105509183905173
1279,121.721720998195,43.248453049607,SSP245,2080,0.000132083045204401
1280,122.620036282315,43.248453049607,SSP245,2080,0.000117544624831378
1281,123.518351566434,43.248453049607,SSP245,2080,0.0153141959398722
1282,124.416666850554,43.2484530496071,SSP245,2080,0.000892101487533936
1283,125.314982134673,43.248453049607,SSP245,2080,0.00338223822019634
1284,126.213297418793,43.248453049607,SSP245,2080,0.000455897550331263
1285,127.111612702912,43.248453049607,SSP245,2080,0.000148393696126403
1286,128.009927987032,43.248453049607,SSP245,2080,0.000340157585433598
1287,128.908243271151,43.248453049607,SSP245,2080,6.92428472395257e-05
1288,129.802811080537,43.2568013608888,SSP245,2080,0.000304033240400847
1289,130.689203399301,43.25753161573,SSP245,2080,0.00535159742728131
1290,131.180801633405,43.3955850213517,SSP245,2080,5.85411785538614e-05
1305,80.5331240840171,42.570150221232,SSP245,2080,0.00351043787146044
1306,81.2975332128167,42.5906278568488,SSP245,2080,0.000458942591745837
1307,82.1958484969362,42.5906278568488,SSP245,2080,0.000312336410484781
1308,83.0941637810557,42.5906278568488,SSP245,2080,0.000818990966464095
1309,83.9924790651753,42.5906278568488,SSP245,2080,0.00569036722400074
1310,84.8907943492948,42.5906278568488,SSP245,2080,8.17050643319162e-05
1311,85.7891096334143,42.5906278568488,SSP245,2080,8.70215162964705e-05
1312,86.6874249175338,42.5906278568488,SSP245,2080,0.000123905819842451
1313,87.5857402016533,42.5906278568488,SSP245,2080,0.00268739524397121
1314,88.4840554857729,42.5906278568488,SSP245,2080,0.00150491005028153
1315,89.3823707698924,42.5906278568488,SSP245,2080,0.000610042934089949
1316,90.2806860540119,42.5906278568488,SSP245,2080,0.000461956226402438
1317,91.1790013381314,42.5906278568488,SSP245,2080,3.40701509002894e-05
1318,92.0773166222509,42.5906278568488,SSP245,2080,9.50606972639489e-05
1319,92.9756319063705,42.5906278568488,SSP245,2080,0.000267047270163689
1320,93.87394719049,42.5906278568488,SSP245,2080,0.000912864931562174
1321,94.7722624746095,42.5906278568488,SSP245,2080,0.000274900613172702
1322,95.670577758729,42.5906278568489,SSP245,2080,0.000126085994495484
1323,96.5427021819796,42.5312882153912,SSP245,2080,4.70443210731641e-05
1324,97.4502289847477,42.5031340987946,SSP245,2080,4.45816958831724e-05
1325,98.3526296825811,42.4483079839519,SSP245,2080,4.71508862636139e-05
1326,99.2565830108415,42.4190381688162,SSP245,2080,5.09991560705414e-05
1327,100.178702434497,42.4533079720676,SSP245,2080,6.60089473246694e-05
1328,101.023852221463,42.4373705560413,SSP245,2080,0.000955725723627343
1329,101.70268984272,42.3688234486571,SSP245,2080,5.12360744546747e-05
1334,106.887424536544,42.2624944487364,SSP245,2080,0.000134841765445759
1335,107.441645799222,42.3202655678622,SSP245,2080,9.68939191786644e-05
1336,108.247241899994,42.3323011677378,SSP245,2080,0.000153937872889753
1337,109.178153777824,42.3428442277352,SSP245,2080,0.000166200750214895
1338,110.098759691491,42.4796242238723,SSP245,2080,0.000147893580383363
1339,110.942232477379,42.5904115404423,SSP245,2080,0.000188905092152747
1340,111.84025287288,42.5906278568488,SSP245,2080,0.000264602074881437
1341,112.738568157,42.5906278568488,SSP245,2080,0.000296503731256226
1342,113.636883441119,42.5906278568488,SSP245,2080,0.000252842221656446
1343,114.535198725239,42.5906278568488,SSP245,2080,0.000113579404274589
1344,115.433514009358,42.5906278568488,SSP245,2080,0.000156918942232465
1345,116.331829293478,42.5906278568488,SSP245,2080,0.00177373136151671
1346,117.230144577598,42.5906278568488,SSP245,2080,0.0116727276519193
1347,118.128459861717,42.5906278568489,SSP245,2080,0.000159374794715395
1348,119.026775145837,42.5906278568488,SSP245,2080,0.00376884613800588
1349,119.925090429956,42.5906278568489,SSP245,2080,0.000181555496682417
1350,120.823405714076,42.5906278568489,SSP245,2080,0.000207795100334307
1351,121.721720998195,42.5906278568488,SSP245,2080,0.00017684232900661
1352,122.620036282315,42.5906278568488,SSP245,2080,0.00175718609132203
1353,123.518351566434,42.5906278568489,SSP245,2080,0.00575224573042321
1354,124.416666850554,42.5906278568488,SSP245,2080,0.000607868316054638
1355,125.314982134673,42.5906278568489,SSP245,2080,0.000192191417499599
1356,126.213297418793,42.5906278568488,SSP245,2080,9.68689063297612e-05
1357,127.111612702912,42.5906278568488,SSP245,2080,0.000503445683422976
1358,128.009927987032,42.5906278568488,SSP245,2080,0.00454230084692209
1359,128.893704673033,42.6008141799495,SSP245,2080,0.00221711677834147
1360,129.585860189338,42.6862388789742,SSP245,2080,0.0155189893285979
1361,130.482257284338,42.7738508614804,SSP245,2080,0.1390770919881
1375,78.9813123858114,41.6228380678697,SSP245,2080,0.00011373773666179
1376,79.5959340595915,41.7445482896672,SSP245,2080,0.000120781544463822
1377,80.4251775731921,41.9070144310611,SSP245,2080,0.00070330875082103
1378,81.2975332128167,41.9257862013885,SSP245,2080,0.000130128931946194
1379,82.1958484969362,41.9257862013885,SSP245,2080,0.00126442692560336
1380,83.0941637810557,41.9257862013885,SSP245,2080,0.00267343900062667
1381,83.9924790651753,41.9257862013885,SSP245,2080,0.000160997484892622
1382,84.8907943492948,41.9257862013885,SSP245,2080,0.000239476860172005
1383,85.7891096334143,41.9257862013885,SSP245,2080,0.0114327813575567
1384,86.6874249175338,41.9257862013885,SSP245,2080,0.0028266570135641
1385,87.5857402016533,41.9257862013885,SSP245,2080,0.00016935430072873
1386,88.4840554857729,41.9257862013885,SSP245,2080,7.02264112778517e-05
1387,89.3823707698924,41.9257862013885,SSP245,2080,4.10390583800435e-05
1388,90.2806860540119,41.9257862013885,SSP245,2080,5.5067354720828e-05
1389,91.1790013381314,41.9257862013885,SSP245,2080,5.55182250810971e-05
1390,92.077316622251,41.9257862013885,SSP245,2080,5.95900298765439e-05
1391,92.9756319063705,41.9257862013885,SSP245,2080,5.38450363940513e-05
1392,93.87394719049,41.9257862013885,SSP245,2080,9.07190193276675e-05
1393,94.7722624746095,41.9257862013885,SSP245,2080,6.84351588289278e-05
1394,95.670577758729,41.9257862013885,SSP245,2080,4.87492003158341e-05
1395,96.5688930428485,41.9257862013885,SSP245,2080,5.88518698800833e-05
1396,97.4672083269681,41.9257862013885,SSP245,2080,5.77356796264139e-05
1397,98.3655236110876,41.9257862013885,SSP245,2080,5.60678731601483e-05
1398,99.2638388952071,41.9257862013885,SSP245,2080,5.15526619482287e-05
1399,100.162154179327,41.9257862013885,SSP245,2080,5.42407402843725e-05
1400,101.060469463446,41.9257862013885,SSP245,2080,0.00159671036865583
1401,101.942646001794,41.9095453364348,SSP245,2080,8.25476370688305e-05
1402,102.812601119577,41.831065132166,SSP245,2080,6.02420329005593e-05
1403,103.72746780193,41.7013626400191,SSP245,2080,9.36820447574593e-05
1404,104.431859190234,41.6928070641039,SSP245,2080,9.43014289062072e-05
1405,105.660821468978,41.7409076712434,SSP245,2080,0.000117761656536763
1406,106.48529662286,41.8786923088043,SSP245,2080,0.000107922069543465
1407,107.348676452283,41.9257862013885,SSP245,2080,0.000131441256832954
1408,108.246991736402,41.9257862013885,SSP245,2080,0.000164309193700918
1409,109.145307020522,41.9257862013885,SSP245,2080,0.000171191845614871
1410,110.043622304641,41.9257862013885,SSP245,2080,0.000195646666963478
1411,110.941937588761,41.9257862013885,SSP245,2080,0.000190812099637672
1412,111.84025287288,41.9257862013885,SSP245,2080,0.000385720593854999
1413,112.738568157,41.9257862013885,SSP245,2080,0.00323265291397068
1414,113.636883441119,41.9257862013885,SSP245,2080,0.000224665134078594
1415,114.535198725239,41.9257862013885,SSP245,2080,0.00440297850080162
1416,115.433514009359,41.9257862013885,SSP245,2080,0.0064512123333319
1417,116.331829293478,41.9257862013885,SSP245,2080,0.00381835781682294
1418,117.230144577598,41.9257862013885,SSP245,2080,0.00186707835219524
1419,118.128459861717,41.9257862013885,SSP245,2080,0.000643733586902839
1420,119.026775145837,41.9257862013885,SSP245,2080,0.000997445499352101
1421,119.925090429956,41.9257862013885,SSP245,2080,0.000200736222410125
1422,120.823405714076,41.9257862013885,SSP245,2080,0.0122627426937275
1423,121.721720998195,41.9257862013885,SSP245,2080,0.00306300729902687
1424,122.620036282315,41.9257862013885,SSP245,2080,0.00648020000781613
1425,123.518351566434,41.9257862013885,SSP245,2080,0.984599093918388
1426,124.416666850554,41.9257862013885,SSP245,2080,0.0249405949687822
1427,125.314982134673,41.9257862013885,SSP245,2080,0.00135387381671581
1428,126.212413105333,41.9264251636035,SSP245,2080,0.00127190385724318
1429,127.131530251111,41.9497474286265,SSP245,2080,0.00608088782881977
1430,127.926487556897,41.9602354870851,SSP245,2080,0.0119245922051955
1431,128.757660683326,42.1461834407202,SSP245,2080,9.44658807670029e-05
1445,77.0314363164389,40.9712350645775,SSP245,2080,0.000108268388740673
1446,77.8144746348776,41.0199114750087,SSP245,2080,0.000105034499824241
1447,78.6404396109219,41.2081229775401,SSP245,2080,0.000169457539368922
1448,79.5009026445776,41.2539437184118,SSP245,2080,0.000320694424716717
1449,80.3992179286972,41.2539437184118,SSP245,2080,0.00450954261576497
1450,81.2975332128167,41.2539437184118,SSP245,2080,0.000187836544395581
1451,82.1958484969362,41.2539437184118,SSP245,2080,9.423092043781e-05
1452,83.0941637810557,41.2539437184118,SSP245,2080,0.000322020691722824
1453,83.9924790651753,41.2539437184118,SSP245,2080,0.00275135048371922
1454,84.8907943492948,41.2539437184118,SSP245,2080,9.17681314188679e-05
1455,85.7891096334143,41.2539437184118,SSP245,2080,0.00136831347206956
1456,86.6874249175338,41.2539437184118,SSP245,2080,0.00243873893186963
1457,87.5857402016533,41.2539437184118,SSP245,2080,8.36580464890213e-05
1458,88.4840554857729,41.2539437184118,SSP245,2080,5.45036321256687e-05
1459,89.3823707698924,41.2539437184118,SSP245,2080,5.33963212587807e-05
1460,90.2806860540119,41.2539437184118,SSP245,2080,4.58613170168931e-05
1461,91.1790013381314,41.2539437184118,SSP245,2080,0.000113490974259278
1462,92.077316622251,41.2539437184118,SSP245,2080,0.000157134757072908
1463,92.9756319063705,41.2539437184118,SSP245,2080,4.71248235719424e-05
1464,93.87394719049,41.2539437184118,SSP245,2080,6.22068089403127e-05
1465,94.7722624746095,41.2539437184118,SSP245,2080,5.38151221251004e-05
1466,95.670577758729,41.2539437184118,SSP245,2080,9.67776026176148e-05
1467,96.5688930428485,41.2539437184118,SSP245,2080,6.61897826267355e-05
1468,97.4672083269681,41.2539437184118,SSP245,2080,9.01717411508907e-05
1469,98.3655236110876,41.2539437184118,SSP245,2080,6.26879359610921e-05
1470,99.2638388952071,41.2539437184118,SSP245,2080,5.83473488792174e-05
1471,100.162154179327,41.2539437184118,SSP245,2080,0.00220517788122931
1472,101.060469463446,41.2539437184118,SSP245,2080,5.8149231078497e-05
1473,101.958784747566,41.2539437184118,SSP245,2080,5.42121047852895e-05
1474,102.857100031685,41.2539437184118,SSP245,2080,8.40945053570685e-05
1475,103.755415315805,41.2539437184118,SSP245,2080,8.67235913900588e-05
1476,104.653021784128,41.2532779088603,SSP245,2080,0.000300756096500598
1477,105.552045884044,41.2539437184118,SSP245,2080,0.000111726357989728
1478,106.450361168163,41.2539437184118,SSP245,2080,0.000103927521317049
1479,107.348676452283,41.2539437184118,SSP245,2080,0.000218749943506569
1480,108.246991736402,41.2539437184118,SSP245,2080,0.000265588311164411
1481,109.145307020522,41.2539437184118,SSP245,2080,0.000742750210865339
1482,110.043622304641,41.2539437184118,SSP245,2080,0.000226130527702262
1483,110.941937588761,41.2539437184118,SSP245,2080,0.000560171413317767
1484,111.84025287288,41.2539437184118,SSP245,2080,0.0137581308251263
1485,112.738568157,41.2539437184118,SSP245,2080,0.00309175502938841
1486,113.636883441119,41.2539437184118,SSP245,2080,0.00205434161215867
1487,114.535198725239,41.2539437184118,SSP245,2080,0.00174141293999552
1488,115.433514009359,41.2539437184118,SSP245,2080,0.14076485847953
1489,116.331829293478,41.2539437184118,SSP245,2080,0.0211713279858232
1490,117.230144577598,41.2539437184118,SSP245,2080,0.000166210066561701
1491,118.128459861717,41.2539437184118,SSP245,2080,0.0040283035791342
1492,119.026775145837,41.2539437184118,SSP245,2080,0.000739167895784654
1493,119.925090429956,41.2539437184118,SSP245,2080,0.00823063748372721
1494,120.822163757095,41.2550195371267,SSP245,2080,0.0202813497752262
1495,121.719972632914,41.2642875298532,SSP245,2080,0.166308729489172
1496,122.620036282315,41.2539437184118,SSP245,2080,0.0203349253723756
1497,123.518351566434,41.2539437184118,SSP245,2080,0.11927909693526
1498,124.416666850554,41.2539437184118,SSP245,2080,0.00435771932862505
1499,125.314982134673,41.2539437184118,SSP245,2080,0.000214360225156973
1500,126.084041655184,41.3199422813251,SSP245,2080,0.000408935090386531
1501,127.372353444627,41.5264493227708,SSP245,2080,9.79038825549283e-05
1502,127.895481934282,41.4968124141756,SSP245,2080,0.000143409981684606
1515,75.1271582199641,40.3521889033288,SSP245,2080,0.00014823026449573
1516,75.8227459082286,40.3569746511942,SSP245,2080,0.000137190486872107
1517,76.9010004417236,40.5382763445894,SSP245,2080,0.000103000621850868
1518,77.7042720763386,40.5751200376639,SSP245,2080,0.00018721529094512
1519,78.6025873604581,40.5751200376639,SSP245,2080,0.000104530183137053
1520,79.5009026445776,40.5751200376639,SSP245,2080,0.000274481348739308
1521,80.3992179286972,40.5751200376639,SSP245,2080,0.000264859213744084
1522,81.2975332128167,40.5751200376639,SSP245,2080,0.000802354087565571
1523,82.1958484969362,40.5751200376639,SSP245,2080,0.000119496776395334
1524,83.0941637810557,40.5751200376639,SSP245,2080,7.56740089885577e-05
1525,83.9924790651753,40.5751200376639,SSP245,2080,6.78722948614929e-05
1526,84.8907943492948,40.5751200376639,SSP245,2080,8.95000878303742e-05
1527,85.7891096334143,40.5751200376639,SSP245,2080,8.02112454615367e-05
1528,86.6874249175338,40.5751200376639,SSP245,2080,0.000229122654665015
1529,87.5857402016533,40.5751200376639,SSP245,2080,8.3977175916905e-05
1530,88.4840554857729,40.5751200376639,SSP245,2080,6.38659419666121e-05
1531,89.3823707698924,40.5751200376639,SSP245,2080,6.42550097531558e-05
1532,90.2806860540119,40.5751200376639,SSP245,2080,0.000142145632658686
1533,91.1790013381314,40.5751200376639,SSP245,2080,0.000379734437017998
1534,92.0773166222509,40.5751200376639,SSP245,2080,9.46272331839859e-05
1535,92.9756319063705,40.5751200376639,SSP245,2080,0.000270269310695848
1536,93.87394719049,40.5751200376639,SSP245,2080,0.000395078657955406
1537,94.7722624746095,40.5751200376639,SSP245,2080,9.21451213856672e-05
1538,95.670577758729,40.5751200376639,SSP245,2080,0.000676100220930453
1539,96.5688930428486,40.5751200376639,SSP245,2080,0.000190878221858037
1540,97.4672083269681,40.5751200376639,SSP245,2080,0.00035626528299515
1541,98.3655236110876,40.5751200376639,SSP245,2080,7.74748527706537e-05
1542,99.2638388952071,40.5751200376639,SSP245,2080,0.000388856965773288
1543,100.162154179327,40.5751200376639,SSP245,2080,8.10133032151938e-05
1544,101.060469463446,40.5751200376639,SSP245,2080,7.07264755023251e-05
1545,101.958784747566,40.5751200376639,SSP245,2080,6.96429217861283e-05
1546,102.857100031685,40.5751200376639,SSP245,2080,9.28969837710181e-05
1547,103.755415315805,40.5751200376639,SSP245,2080,9.4389399088346e-05
1548,104.653730599924,40.5751200376639,SSP245,2080,8.57926069830484e-05
1549,105.552045884044,40.5751200376639,SSP245,2080,0.000139093614382912
1550,106.450361168163,40.5751200376639,SSP245,2080,0.00187759043624314
1551,107.348676452283,40.5751200376639,SSP245,2080,0.00481334564408675
1552,108.246991736402,40.5751200376639,SSP245,2080,0.000498734645802079
1553,109.145307020522,40.5751200376639,SSP245,2080,0.00445766626586197
1554,110.043622304641,40.5751200376639,SSP245,2080,0.00927796804014536
1555,110.941937588761,40.5751200376639,SSP245,2080,0.00218231591869056
1556,111.84025287288,40.5751200376639,SSP245,2080,0.289072000297171
1557,112.738568157,40.5751200376639,SSP245,2080,0.00155873132003848
1558,113.636883441119,40.5751200376639,SSP245,2080,0.00423379759075082
1559,114.535198725239,40.5751200376638,SSP245,2080,0.00227030211895352
1560,115.433514009359,40.5751200376639,SSP245,2080,0.999773540943985
1561,116.331829293478,40.5751200376639,SSP245,2080,0.999565642721871
1562,117.230144577598,40.5751200376639,SSP245,2080,0.906729390003406
1563,118.128459861717,40.5751200376639,SSP245,2080,0.000639618568627487
1564,119.026775145837,40.5751200376639,SSP245,2080,0.00359734896000918
1565,119.925090429956,40.5751200376639,SSP245,2080,0.00654898832450668
1566,120.612123422316,40.684860817085,SSP245,2080,0.00333075468357313
1567,122.026119896069,40.7249288576241,SSP245,2080,
1568,122.625492920489,40.5762521857515,SSP245,2080,0.00556638866015369
1569,123.518351566434,40.5751200376639,SSP245,2080,0.000399140395880071
1570,124.393809583038,40.5932873981844,SSP245,2080,0.00908226902441811
1571,125.202784575777,40.7466398157893,SSP245,2080,0.000275563183780081
1572,125.872694377099,40.9009174161831,SSP245,2080,8.24597514491599e-05
1586,74.2592843866313,39.8369351596155,SSP245,2080,0.000549303055020101
1587,75.0093738458061,39.8893022926001,SSP245,2080,0.000723155349943383
1588,75.9076415080996,39.8893388920514,SSP245,2080,0.000783264482703827
1589,76.8059567922191,39.8893388920514,SSP245,2080,0.000265008360625485
1590,77.7042720763386,39.8893388920514,SSP245,2080,0.000632887080015299
1591,78.6025873604581,39.8893388920514,SSP245,2080,0.000974950985163869
1592,79.5009026445777,39.8893388920514,SSP245,2080,0.000315877402621512
1593,80.3992179286972,39.8893388920514,SSP245,2080,0.000139638259490704
1594,81.2975332128167,39.8893388920514,SSP245,2080,0.000188616034770495
1595,82.1958484969362,39.8893388920514,SSP245,2080,7.16756950013275e-05
1596,83.0941637810557,39.8893388920514,SSP245,2080,0.000100700883475358
1597,83.9924790651753,39.8893388920514,SSP245,2080,0.000138607065234053
1598,84.8907943492948,39.8893388920514,SSP245,2080,0.000101237166282853
1599,85.7891096334143,39.8893388920514,SSP245,2080,0.00013457884412782
1600,86.6874249175338,39.8893388920514,SSP245,2080,0.000220216748509916
1601,87.5857402016533,39.8893388920514,SSP245,2080,9.21822436973363e-05
1602,88.4840554857729,39.8893388920514,SSP245,2080,0.00012879223067952
1603,89.3823707698924,39.8893388920514,SSP245,2080,8.48158249604492e-05
1604,90.2806860540119,39.8893388920514,SSP245,2080,0.000135709536115636
1605,91.1790013381314,39.8893388920514,SSP245,2080,0.000130021645404432
1606,92.077316622251,39.8893388920514,SSP245,2080,0.000111730500051865
1607,92.9756319063705,39.8893388920514,SSP245,2080,0.000251037220920791
1608,93.87394719049,39.8893388920514,SSP245,2080,0.00114061508479169
1609,94.7722624746095,39.8893388920514,SSP245,2080,0.0119785875728408
1610,95.670577758729,39.8893388920514,SSP245,2080,0.000757873130594833
1611,96.5688930428485,39.8893388920514,SSP245,2080,0.000170501088588959
1612,97.4672083269681,39.8893388920514,SSP245,2080,0.000448205840786309
1613,98.3655236110876,39.8893388920514,SSP245,2080,0.00217261887873688
1614,99.2638388952071,39.8893388920514,SSP245,2080,0.000703232803191511
1615,100.162154179327,39.8893388920514,SSP245,2080,0.00013501967856222
1616,101.060469463446,39.8893388920514,SSP245,2080,0.000136052080057958
1617,101.958784747566,39.8893388920514,SSP245,2080,0.000112016862537812
1618,102.857100031685,39.8893388920514,SSP245,2080,0.000135937044685508
1619,103.755415315805,39.8893388920514,SSP245,2080,0.00016517685826789
1620,104.653730599924,39.8893388920514,SSP245,2080,0.000583059465648739
1621,105.552045884044,39.8893388920514,SSP245,2080,0.000162870219515776
1622,106.450361168163,39.8893388920514,SSP245,2080,0.0162708521000848
1623,107.348676452283,39.8893388920514,SSP245,2080,0.000239330807732086
1624,108.246991736402,39.8893388920514,SSP245,2080,0.000224598505913165
1625,109.145307020522,39.8893388920514,SSP245,2080,0.000526474633953944
1626,110.043622304641,39.8893388920514,SSP245,2080,0.00217494662568862
1627,110.941937588761,39.8893388920514,SSP245,2080,0.000765807344681679
1628,111.84025287288,39.8893388920514,SSP245,2080,0.000209884128663962
1629,112.738568157,39.8893388920514,SSP245,2080,0.0128676014275537
1630,113.636883441119,39.8893388920514,SSP245,2080,0.0582855578790544
1631,114.535198725239,39.8893388920514,SSP245,2080,0.0032887201783498
1632,115.433514009358,39.8893388920514,SSP245,2080,0.964073607512968
1633,116.331829293478,39.8893388920515,SSP245,2080,1
1634,117.230144577598,39.8893388920514,SSP245,2080,0.762522683346814
1635,118.128459861717,39.8893388920514,SSP245,2080,0.0123755357400943
1636,119.000638569385,39.9070696693149,SSP245,2080,0.0212063304895792
1637,119.780247113583,40.1004167779105,SSP245,2080,0.227671024226916
1639,121.854415223062,39.8013716911971,SSP245,2080,0.00501020806291375
1640,122.604872547557,39.9030267522865,SSP245,2080,0.00360771918536185
1641,123.487156775072,40.0086656775236,SSP245,2080,0.00195699788825721
1642,124.150922411075,40.0667953665598,SSP245,2080,0.00546923004672539
1657,73.6141100326944,39.3423035398834,SSP245,2080,0.000103348541980797
1658,74.147814595318,39.1994595351786,SSP245,2080,0.00041872841315671
1659,75.00932622398,39.1966282239535,SSP245,2080,0.00362595042125113
1660,75.9076415080996,39.1966282239535,SSP245,2080,0.0461771502093348
1661,76.8059567922191,39.1966282239535,SSP245,2080,0.000163868218472807
1662,77.7042720763386,39.1966282239535,SSP245,2080,0.0012761904677806
1663,78.6025873604581,39.1966282239535,SSP245,2080,0.000105574711046774
1664,79.5009026445776,39.1966282239535,SSP245,2080,8.7311388483502e-05
1665,80.3992179286972,39.1966282239535,SSP245,2080,8.29014529051264e-05
1666,81.2975332128167,39.1966282239535,SSP245,2080,0.000310965359419657
1667,82.1958484969362,39.1966282239535,SSP245,2080,7.71911585286667e-05
1668,83.0941637810558,39.1966282239535,SSP245,2080,9.64540673037417e-05
1669,83.9924790651753,39.1966282239535,SSP245,2080,0.00051074214396285
1670,84.8907943492948,39.1966282239535,SSP245,2080,0.0001637909967388
1671,85.7891096334143,39.1966282239535,SSP245,2080,0.000124988056325881
1672,86.6874249175338,39.1966282239535,SSP245,2080,0.000364501826102925
1673,87.5857402016533,39.1966282239535,SSP245,2080,0.000147808015690809
1674,88.4840554857729,39.1966282239535,SSP245,2080,0.00078182778310254
1675,89.3823707698924,39.1966282239535,SSP245,2080,0.000229152894461571
1676,90.2806860540119,39.1966282239535,SSP245,2080,0.00064996878280299
1677,91.1790013381314,39.1966282239535,SSP245,2080,0.000333751228583146
1678,92.077316622251,39.1966282239535,SSP245,2080,0.000413026535260319
1679,92.9756319063705,39.1966282239535,SSP245,2080,0.000331311328854222
1680,93.87394719049,39.1966282239535,SSP245,2080,0.00227009124494693
1681,94.7722624746095,39.1966282239535,SSP245,2080,0.000470474224485429
1682,95.670577758729,39.1966282239535,SSP245,2080,0.000169719306946314
1683,96.5688930428485,39.1966282239535,SSP245,2080,0.000219438568239028
1684,97.4672083269681,39.1966282239535,SSP245,2080,0.000329923262747167
1685,98.3655236110876,39.1966282239535,SSP245,2080,0.00104150721804697
1686,99.2638388952071,39.1966282239535,SSP245,2080,0.00143461738765671
1687,100.162154179327,39.1966282239535,SSP245,2080,0.025956999742683
1688,101.060469463446,39.1966282239535,SSP245,2080,0.000600192404931699
1689,101.958784747566,39.1966282239535,SSP245,2080,0.000415507367115819
1690,102.857100031685,39.1966282239535,SSP245,2080,0.000135461601855957
1691,103.755415315805,39.1966282239535,SSP245,2080,0.000134449729223163
1692,104.653730599924,39.1966282239535,SSP245,2080,0.000449252199170691
1693,105.552045884044,39.1966282239535,SSP245,2080,0.0368611030642416
1694,106.450361168163,39.1966282239535,SSP245,2080,0.00979618754780942
1695,107.348676452283,39.1966282239535,SSP245,2080,0.00123305521962214
1696,108.246991736402,39.1966282239535,SSP245,2080,0.000313686531879021
1697,109.145307020522,39.1966282239535,SSP245,2080,0.000137322775341731
1698,110.043622304641,39.1966282239535,SSP245,2080,0.00222137472873829
1699,110.941937588761,39.1966282239535,SSP245,2080,0.000832345802458168
1700,111.84025287288,39.1966282239535,SSP245,2080,0.00107214201906414
1701,112.738568157,39.1966282239535,SSP245,2080,0.00239221356758579
1702,113.63688344112,39.1966282239535,SSP245,2080,0.00703999941671751
1703,114.535198725239,39.1966282239535,SSP245,2080,0.00316200536752076
1704,115.433514009359,39.1966282239535,SSP245,2080,0.0110962098474657
1705,116.331829293478,39.1966282239535,SSP245,2080,0.0701948074993593
1706,117.228110076583,39.1981868654922,SSP245,2080,0.999999930874093
1707,118.144855633027,39.3184915352931,SSP245,2080,
1708,118.859705174687,39.3561311640381,SSP245,2080,0.0106444488750952
1710,121.194863599229,39.0069158277496,SSP245,2080,
1711,121.7477690923,39.2514299701734,SSP245,2080,
1712,122.407887035842,39.4091472251908,SSP245,2080,
1713,123.138929147052,39.0683825545945,SSP245,2080,
1730,74.1455915283951,38.7408234252086,SSP245,2080,0.000112817877597426
1731,75.0831386667765,38.527938273115,SSP245,2080,0.00945962815349488
1732,75.9076415080996,38.4970202888683,SSP245,2080,0.000584331129099391
1733,76.8059567922191,38.4970202888683,SSP245,2080,0.0014661983440768
1734,77.7042720763386,38.4970202888683,SSP245,2080,0.00123387527756724
1735,78.6025873604581,38.4970202888683,SSP245,2080,0.000117774784742952
1736,79.5009026445777,38.4970202888683,SSP245,2080,0.000152963927701255
1737,80.3992179286972,38.4970202888683,SSP245,2080,0.000179111869994197
1738,81.2975332128167,38.4970202888683,SSP245,2080,0.000162715928063717
1739,82.1958484969362,38.4970202888683,SSP245,2080,0.000176053606346649
1740,83.0941637810557,38.4970202888683,SSP245,2080,0.000136297403155239
1741,83.9924790651753,38.4970202888683,SSP245,2080,0.000104540635107897
1742,84.8907943492948,38.4970202888683,SSP245,2080,0.000159027926864397
1743,85.7891096334143,38.4970202888683,SSP245,2080,0.00092706024551048
1744,86.6874249175338,38.4970202888683,SSP245,2080,0.000157681362479956
1745,87.5857402016533,38.4970202888683,SSP245,2080,0.000188877553973232
1746,88.4840554857729,38.4970202888683,SSP245,2080,0.000278974891908979
1747,89.3823707698924,38.4970202888683,SSP245,2080,0.000190421842298449
1748,90.2806860540119,38.4970202888683,SSP245,2080,0.00115243337457305
1749,91.1790013381314,38.4970202888683,SSP245,2080,0.00147388066017728
1750,92.077316622251,38.4970202888683,SSP245,2080,0.000612290818778449
1751,92.9756319063705,38.4970202888683,SSP245,2080,0.000452617891395724
1752,93.87394719049,38.4970202888683,SSP245,2080,0.000371364165271615
1753,94.7722624746095,38.4970202888683,SSP245,2080,0.000447075358562921
1754,95.670577758729,38.4970202888683,SSP245,2080,0.000336214397513301
1755,96.5688930428485,38.4970202888683,SSP245,2080,0.000226513140049511
1756,97.4672083269681,38.4970202888683,SSP245,2080,0.000552042752107185
1757,98.3655236110876,38.4970202888683,SSP245,2080,0.00303676447206724
1758,99.2638388952071,38.4970202888683,SSP245,2080,0.00740218926913605
1759,100.162154179327,38.4970202888683,SSP245,2080,0.0375085873479156
1760,101.060469463446,38.4970202888683,SSP245,2080,0.00259686747668142
1761,101.958784747566,38.4970202888683,SSP245,2080,0.00304858446401679
1762,102.857100031685,38.4970202888683,SSP245,2080,0.00161813010409118
1763,103.755415315805,38.4970202888683,SSP245,2080,0.000165541968835226
1764,104.653730599924,38.4970202888683,SSP245,2080,0.000730487204361974
1765,105.552045884044,38.4970202888683,SSP245,2080,0.336067235938853
1766,106.450361168163,38.4970202888683,SSP245,2080,0.290995729136449
1767,107.348676452283,38.4970202888683,SSP245,2080,0.0225839889746018
1768,108.246991736402,38.4970202888683,SSP245,2080,0.00013047571899949
1769,109.145307020522,38.4970202888683,SSP245,2080,0.00108858788639121
1770,110.043622304641,38.4970202888683,SSP245,2080,0.00252028582161357
1771,110.941937588761,38.4970202888683,SSP245,2080,0.000231092530728283
1772,111.84025287288,38.4970202888683,SSP245,2080,0.00400922525379943
1773,112.738568157,38.4970202888683,SSP245,2080,0.00621297658622522
1774,113.63688344112,38.4970202888683,SSP245,2080,0.0021378336626886
1775,114.535198725239,38.4970202888683,SSP245,2080,0.0198060583397087
1776,115.433514009359,38.4970202888683,SSP245,2080,0.00256774267058446
1777,116.331829293478,38.4970202888683,SSP245,2080,0.00152219574884527
1778,117.196139258734,38.4835575410924,SSP245,2080,0.237459141686678
1779,117.761311898238,38.221306391133,SSP245,2080,0.000220976192996325
1780,118.736262627272,38.1540804093516,SSP245,2080,0.000188797269569441
1782,121.096646092899,38.6961608297162,SSP245,2080,
1783,121.374439562356,38.8310120491465,SSP245,2080,
1803,75.2102399988028,37.8147391426785,SSP245,2080,0.0106428257784363
1804,75.9076415080996,37.790551756013,SSP245,2080,0.0012444601545244
1805,76.8059567922191,37.790551756013,SSP245,2080,0.00148046590845152
1806,77.7042720763386,37.790551756013,SSP245,2080,0.00446342878759731
1807,78.6025873604581,37.790551756013,SSP245,2080,0.000396483937989189
1808,79.5009026445777,37.790551756013,SSP245,2080,0.000532764688773058
1809,80.3992179286972,37.790551756013,SSP245,2080,0.000616199036782006
1810,81.2975332128167,37.790551756013,SSP245,2080,0.000341188450281416
1811,82.1958484969362,37.790551756013,SSP245,2080,0.000170069977986853
1812,83.0941637810557,37.790551756013,SSP245,2080,0.00012696685070801
1813,83.9924790651753,37.790551756013,SSP245,2080,0.000128391808550399
1814,84.8907943492948,37.790551756013,SSP245,2080,0.000266984612409704
1815,85.7891096334143,37.790551756013,SSP245,2080,0.000314257171373789
1816,86.6874249175338,37.790551756013,SSP245,2080,0.000570585743864704
1817,87.5857402016533,37.790551756013,SSP245,2080,0.000238325483938096
1818,88.4840554857729,37.790551756013,SSP245,2080,0.000356520562371343
1819,89.3823707698924,37.790551756013,SSP245,2080,0.00110930469422632
1820,90.2806860540119,37.790551756013,SSP245,2080,0.00234667935841326
1821,91.1790013381314,37.790551756013,SSP245,2080,0.00158332174325304
1822,92.077316622251,37.790551756013,SSP245,2080,0.000636530953239678
1823,92.9756319063705,37.790551756013,SSP245,2080,0.00211019661807799
1824,93.87394719049,37.790551756013,SSP245,2080,0.00439637737531651
1825,94.7722624746095,37.790551756013,SSP245,2080,0.000630695113673863
1826,95.670577758729,37.790551756013,SSP245,2080,0.00629923301276925
1827,96.5688930428485,37.790551756013,SSP245,2080,0.000524791918222745
1828,97.4672083269681,37.790551756013,SSP245,2080,0.0020339924023477
1829,98.3655236110876,37.790551756013,SSP245,2080,0.000696693858691089
1830,99.2638388952071,37.790551756013,SSP245,2080,0.000430760837809907
1831,100.162154179327,37.790551756013,SSP245,2080,0.0056362774848101
1832,101.060469463446,37.790551756013,SSP245,2080,0.0721629447225527
1833,101.958784747566,37.790551756013,SSP245,2080,0.0113253561734012
1834,102.857100031685,37.790551756013,SSP245,2080,0.00307857592367
1835,103.755415315805,37.790551756013,SSP245,2080,0.000450169825945479
1836,104.653730599924,37.790551756013,SSP245,2080,0.00680738080728538
1837,105.552045884044,37.790551756013,SSP245,2080,0.00645025676599864
1838,106.450361168163,37.790551756013,SSP245,2080,0.00581835495876448
1839,107.348676452283,37.790551756013,SSP245,2080,0.00419808252678555
1840,108.246991736402,37.790551756013,SSP245,2080,0.00116183760196975
1841,109.145307020522,37.790551756013,SSP245,2080,0.000917179253320577
1842,110.043622304641,37.790551756013,SSP245,2080,0.000309257365141646
1843,110.941937588761,37.790551756013,SSP245,2080,0.00153877397029734
1844,111.84025287288,37.790551756013,SSP245,2080,0.0127547089970521
1845,112.738568157,37.790551756013,SSP245,2080,0.477605463847217
1846,113.636883441119,37.7905517560129,SSP245,2080,0.00826471258275907
1847,114.535198725239,37.790551756013,SSP245,2080,0.482585550247998
1848,115.433514009358,37.790551756013,SSP245,2080,0.00614175205990331
1849,116.331829293478,37.790551756013,SSP245,2080,0.00303084447401447
1850,117.230144577598,37.790551756013,SSP245,2080,0.00985562361286396
1851,118.119567463375,37.7571696681828,SSP245,2080,0.00838840333227298
1852,118.811831921606,37.7754752517988,SSP245,2080,0.474142559651244
1853,120.275669528152,37.5419396020678,SSP245,2080,
1854,120.773406251066,37.6038103092886,SSP245,2080,0.00296214236945747
1855,121.656260598116,37.4984798900351,SSP245,2080,
1856,122.198048399983,37.4475999943582,SSP245,2080,
1874,74.5383597066917,37.182238201356,SSP245,2080,0.00015306304896856
1875,75.09449886685,37.1836695308115,SSP245,2080,0.00102103778629459
1876,75.916306373446,37.0868802121126,SSP245,2080,0.000653185569179482
1877,76.8059567922191,37.0772638054809,SSP245,2080,0.00106095788154725
1878,77.7042720763386,37.0772638054809,SSP245,2080,0.000271539619011829
1879,78.6025873604581,37.0772638054809,SSP245,2080,0.000463962914682536
1880,79.5009026445776,37.0772638054809,SSP245,2080,0.00793336194520822
1881,80.3992179286972,37.0772638054809,SSP245,2080,0.00403203939504071
1882,81.2975332128167,37.0772638054809,SSP245,2080,0.00150140347430305
1883,82.1958484969362,37.0772638054809,SSP245,2080,0.00020861471668554
1884,83.0941637810557,37.0772638054809,SSP245,2080,0.00116642991110694
1885,83.9924790651753,37.0772638054809,SSP245,2080,0.000173974033587654
1886,84.8907943492948,37.0772638054809,SSP245,2080,0.000284098395831212
1887,85.7891096334143,37.0772638054809,SSP245,2080,0.000324231384610241
1888,86.6874249175338,37.0772638054809,SSP245,2080,0.000250086446962561
1889,87.5857402016533,37.0772638054809,SSP245,2080,0.000443952991711183
1890,88.4840554857729,37.0772638054809,SSP245,2080,0.000430600325619812
1891,89.3823707698924,37.0772638054809,SSP245,2080,0.000457317752182607
1892,90.2806860540119,37.0772638054809,SSP245,2080,0.00200165530056384
1893,91.1790013381314,37.0772638054809,SSP245,2080,0.00075694685458283
1894,92.077316622251,37.0772638054809,SSP245,2080,0.0006797240789993
1895,92.9756319063705,37.0772638054809,SSP245,2080,0.0012626957791847
1896,93.87394719049,37.0772638054809,SSP245,2080,0.000615338124915432
1897,94.7722624746095,37.0772638054809,SSP245,2080,0.000972273676080548
1898,95.670577758729,37.0772638054809,SSP245,2080,0.000502090877859907
1899,96.5688930428486,37.0772638054809,SSP245,2080,0.0279553364706123
1900,97.4672083269681,37.0772638054809,SSP245,2080,0.00612917643818189
1901,98.3655236110876,37.0772638054809,SSP245,2080,0.0445184687287286
1902,99.2638388952071,37.0772638054809,SSP245,2080,0.188913219928864
1903,100.162154179327,37.0772638054809,SSP245,2080,0.218901131897807
1904,101.060469463446,37.0772638054809,SSP245,2080,0.0312872404809815
1905,101.958784747566,37.0772638054809,SSP245,2080,0.345994667365047
1906,102.857100031685,37.0772638054809,SSP245,2080,0.0676602691114926
1907,103.755415315805,37.0772638054809,SSP245,2080,0.000889115477511471
1908,104.653730599924,37.0772638054809,SSP245,2080,0.00104976248456856
1909,105.552045884044,37.0772638054809,SSP245,2080,0.000802257633437331
1910,106.450361168163,37.0772638054809,SSP245,2080,0.000475009044194397
1911,107.348676452283,37.0772638054809,SSP245,2080,0.000164674384083297
1912,108.246991736402,37.0772638054809,SSP245,2080,0.00831876042291846
1913,109.145307020522,37.0772638054809,SSP245,2080,0.000302896283782217
1914,110.043622304641,37.0772638054809,SSP245,2080,0.00128633971159808
1915,110.941937588761,37.0772638054809,SSP245,2080,0.000616370146679923
1916,111.84025287288,37.0772638054809,SSP245,2080,0.0364005423490623
1917,112.738568157,37.0772638054809,SSP245,2080,0.0696402111334331
1918,113.636883441119,37.0772638054809,SSP245,2080,0.00418174604860833
1919,114.535198725239,37.0772638054809,SSP245,2080,0.0249485176959876
1920,115.433514009359,37.0772638054809,SSP245,2080,0.00197864618117405
1921,116.331829293478,37.0772638054809,SSP245,2080,0.00409381184022195
1922,117.230144577598,37.0772638054809,SSP245,2080,0.0931622908870132
1923,118.128459861717,37.0772638054809,SSP245,2080,0.0749115788064876
1924,118.965149080216,37.0064569511871,SSP245,2080,0.102612899551248
1925,119.980692553906,37.0290900784476,SSP245,2080,0.0071674436919501
1926,120.823405714076,37.0772638054809,SSP245,2080,0.0183886585214071
1927,121.688522248746,37.132552678032,SSP245,2080,0.00859670198765339
1928,122.3472028895,37.1393174513548,SSP245,2080,0.0293813463138415
1948,76.1682950065795,36.3725667307127,SSP245,2080,0.000208753346893742
1949,76.8059567922191,36.3572022215529,SSP245,2080,0.000219606493818025
1950,77.7042720763386,36.3572022215529,SSP245,2080,0.000327963760594074
1951,78.6025873604581,36.3572022215529,SSP245,2080,0.000302606668143857
1952,79.5009026445776,36.3572022215529,SSP245,2080,0.000347796089112951
1953,80.3992179286972,36.3572022215529,SSP245,2080,0.000683197907927591
1954,81.2975332128167,36.3572022215529,SSP245,2080,0.00131558957944777
1955,82.1958484969362,36.3572022215529,SSP245,2080,0.000536862576914654
1956,83.0941637810557,36.3572022215529,SSP245,2080,0.00018569785071465
1957,83.9924790651753,36.3572022215529,SSP245,2080,0.00048557297764551
1958,84.8907943492948,36.3572022215529,SSP245,2080,0.000251030362941274
1959,85.7891096334143,36.3572022215529,SSP245,2080,0.000194876024000479
1960,86.6874249175338,36.3572022215529,SSP245,2080,0.000344316770642172
1961,87.5857402016533,36.3572022215529,SSP245,2080,0.00032856754235111
1962,88.4840554857729,36.3572022215529,SSP245,2080,0.000319101761968477
1963,89.3823707698924,36.3572022215529,SSP245,2080,0.00111822204474699
1964,90.2806860540119,36.3572022215529,SSP245,2080,0.00122294370069787
1965,91.1790013381314,36.3572022215529,SSP245,2080,0.000714223276348069
1966,92.077316622251,36.3572022215529,SSP245,2080,0.00061461739347235
1967,92.9756319063705,36.3572022215529,SSP245,2080,0.00163816474776757
1968,93.87394719049,36.3572022215529,SSP245,2080,0.00147949694700278
1969,94.7722624746095,36.3572022215529,SSP245,2080,0.0220620393500798
1970,95.670577758729,36.3572022215529,SSP245,2080,0.00105624748481192
1971,96.5688930428486,36.3572022215529,SSP245,2080,0.000613691397446825
1972,97.4672083269681,36.3572022215529,SSP245,2080,0.00190840211924481
1973,98.3655236110876,36.3572022215529,SSP245,2080,0.0336549662152637
1974,99.2638388952071,36.3572022215529,SSP245,2080,0.0179513891437999
1975,100.162154179327,36.3572022215529,SSP245,2080,0.0541962827689098
1976,101.060469463446,36.3572022215529,SSP245,2080,0.155979169806451
1977,101.958784747566,36.3572022215529,SSP245,2080,0.280223333728016
1978,102.857100031685,36.3572022215529,SSP245,2080,0.00411964504819329
1979,103.755415315805,36.3572022215529,SSP245,2080,0.383986526976396
1980,104.653730599924,36.3572022215529,SSP245,2080,0.000395474246843275
1981,105.552045884044,36.3572022215529,SSP245,2080,0.00120656011122711
1982,106.450361168163,36.3572022215529,SSP245,2080,0.0025583080576298
1983,107.348676452283,36.3572022215529,SSP245,2080,0.000609894049640403
1984,108.246991736402,36.3572022215529,SSP245,2080,0.00509978890950269
1985,109.145307020522,36.3572022215529,SSP245,2080,0.0231222626018384
1986,110.043622304641,36.3572022215529,SSP245,2080,0.00775705784342839
1987,110.941937588761,36.3572022215529,SSP245,2080,0.000729636920509091
1988,111.84025287288,36.3572022215529,SSP245,2080,0.0790559358079385
1989,112.738568157,36.3572022215529,SSP245,2080,0.0480139706252051
1990,113.63688344112,36.3572022215529,SSP245,2080,0.0220573242830837
1991,114.535198725239,36.3572022215529,SSP245,2080,0.051389072740663
1992,115.433514009359,36.357202221553,SSP245,2080,0.00104559550500327
1993,116.331829293478,36.3572022215529,SSP245,2080,0.0182553825913864
1994,117.230144577598,36.3572022215529,SSP245,2080,0.452559022037557
1995,118.128459861717,36.3572022215529,SSP245,2080,0.016436431666582
1996,119.026775145837,36.3572022215529,SSP245,2080,0.0915687233700012
1997,119.904223353102,36.375017714134,SSP245,2080,0.584137624569584
1998,120.634986151713,36.4644828997828,SSP245,2080,0.608070807057825
1999,121.346122541522,36.7061750168915,SSP245,2080,
2020,76.2441451848537,35.9175050300443,SSP245,2080,0.000199817087680465
2021,76.9100707783439,35.827204814307,SSP245,2080,0.000240961035910314
2022,77.7261771263695,35.7324022219012,SSP245,2080,0.000267621206761826
2023,78.6025873604581,35.6304174817484,SSP245,2080,0.000232382165669787
2024,79.5009026445776,35.6304174817484,SSP245,2080,0.000310295173200692
2025,80.3992179286972,35.6304174817484,SSP245,2080,0.000442216789334537
2026,81.2975332128167,35.6304174817484,SSP245,2080,0.000568430065004844
2027,82.1958484969362,35.6304174817484,SSP245,2080,0.0002732703295657
2028,83.0941637810557,35.6304174817484,SSP245,2080,0.000578190271464552
2029,83.9924790651753,35.6304174817484,SSP245,2080,0.000464273165214357
2030,84.8907943492948,35.6304174817484,SSP245,2080,0.000179794707375391
2031,85.7891096334143,35.6304174817484,SSP245,2080,0.000204871302426857
2032,86.6874249175338,35.6304174817484,SSP245,2080,0.000314357248743735
2033,87.5857402016533,35.6304174817484,SSP245,2080,0.000568104595004892
2034,88.4840554857729,35.6304174817484,SSP245,2080,0.000486557247981634
2035,89.3823707698924,35.6304174817484,SSP245,2080,0.000877189968469638
2036,90.2806860540119,35.6304174817484,SSP245,2080,0.000373367867679275
2037,91.1790013381314,35.6304174817484,SSP245,2080,0.000616406610036591
2038,92.077316622251,35.6304174817484,SSP245,2080,0.000946150455449213
2039,92.9756319063705,35.6304174817484,SSP245,2080,0.0130409118020064
2040,93.87394719049,35.6304174817484,SSP245,2080,0.020823796213401
2041,94.7722624746095,35.6304174817484,SSP245,2080,0.0120875183815263
2042,95.670577758729,35.6304174817484,SSP245,2080,0.00050200035816439
2043,96.5688930428485,35.6304174817484,SSP245,2080,0.000424074671999231
2044,97.4672083269681,35.6304174817484,SSP245,2080,0.0032863475446524
2045,98.3655236110876,35.6304174817484,SSP245,2080,0.0231026691600235
2046,99.2638388952071,35.6304174817484,SSP245,2080,0.0450376507247873
2047,100.162154179327,35.6304174817484,SSP245,2080,0.0159752726224907
2048,101.060469463446,35.6304174817484,SSP245,2080,0.00289148384729532
2049,101.958784747566,35.6304174817484,SSP245,2080,0.00568142801152571
2050,102.857100031685,35.6304174817484,SSP245,2080,0.0154247588102342
2051,103.755415315805,35.6304174817484,SSP245,2080,0.473222075186042
2052,104.653730599924,35.6304174817484,SSP245,2080,0.0137316541061642
2053,105.552045884044,35.6304174817484,SSP245,2080,0.000254843772389601
2054,106.450361168163,35.6304174817484,SSP245,2080,0.0742978838723168
2055,107.348676452283,35.6304174817484,SSP245,2080,0.0176248414907406
2056,108.246991736402,35.6304174817484,SSP245,2080,0.129099405002433
2057,109.145307020522,35.6304174817484,SSP245,2080,0.000596661451652825
2058,110.043622304641,35.6304174817484,SSP245,2080,0.000611230045369449
2059,110.941937588761,35.6304174817484,SSP245,2080,0.00722071392007551
2060,111.84025287288,35.6304174817484,SSP245,2080,0.0125519889496668
2061,112.738568157,35.6304174817484,SSP245,2080,0.147046103565913
2062,113.636883441119,35.6304174817484,SSP245,2080,0.0117378047229787
2063,114.535198725239,35.6304174817484,SSP245,2080,0.103336895530062
2064,115.433514009359,35.6304174817485,SSP245,2080,0.00129693399476005
2065,116.331829293478,35.6304174817484,SSP245,2080,0.0217822920469767
2066,117.230144577598,35.6304174817484,SSP245,2080,0.0681297839473316
2067,118.128459861717,35.6304174817484,SSP245,2080,0.0742276830246935
2068,119.025928273074,35.6311170409294,SSP245,2080,0.150541159539973
2069,119.73502507067,35.7726726436646,SSP245,2080,0.55013277299586
2094,78.1112076251138,35.2114043263818,SSP245,2080,0.000265356451025434
2095,78.6403388427137,34.9233891274439,SSP245,2080,0.000180234196418216
2096,79.5009026445777,34.896964841197,SSP245,2080,0.000217717201210887
2097,80.3992179286972,34.896964841197,SSP245,2080,0.000241702829624546
2098,81.2975332128167,34.896964841197,SSP245,2080,0.000217814487779133
2099,82.1958484969362,34.896964841197,SSP245,2080,0.00041939860971385
2100,83.0941637810557,34.896964841197,SSP245,2080,0.000349565545007757
2101,83.9924790651753,34.896964841197,SSP245,2080,0.000372589624131559
2102,84.8907943492948,34.896964841197,SSP245,2080,0.000309640160575442
2103,85.7891096334143,34.896964841197,SSP245,2080,0.00020659108620491
2104,86.6874249175338,34.896964841197,SSP245,2080,0.000376234253147811
2105,87.5857402016533,34.896964841197,SSP245,2080,0.000444153017246429
2106,88.4840554857729,34.896964841197,SSP245,2080,0.000348338813663474
2107,89.3823707698924,34.896964841197,SSP245,2080,0.00037868583520495
2108,90.2806860540119,34.896964841197,SSP245,2080,0.000515577963409064
2109,91.1790013381314,34.896964841197,SSP245,2080,0.000664093118435183
2110,92.077316622251,34.896964841197,SSP245,2080,0.00133222203939853
2111,92.9756319063705,34.896964841197,SSP245,2080,0.000654464514060371
2112,93.87394719049,34.896964841197,SSP245,2080,0.00701756291788425
2113,94.7722624746095,34.896964841197,SSP245,2080,0.00357635534372491
2114,95.670577758729,34.896964841197,SSP245,2080,0.000928374602238047
2115,96.5688930428486,34.896964841197,SSP245,2080,0.000479780138203378
2116,97.4672083269681,34.896964841197,SSP245,2080,0.000553355015860846
2117,98.3655236110876,34.896964841197,SSP245,2080,0.0214184189051139
2118,99.2638388952071,34.896964841197,SSP245,2080,0.00227341223762623
2119,100.162154179327,34.896964841197,SSP245,2080,0.000645789142666997
2120,101.060469463446,34.896964841197,SSP245,2080,0.00159454966133199
2121,101.958784747566,34.896964841197,SSP245,2080,0.00168698628174468
2122,102.857100031685,34.896964841197,SSP245,2080,0.0309625007854591
2123,103.755415315805,34.896964841197,SSP245,2080,0.0717528692971617
2124,104.653730599924,34.896964841197,SSP245,2080,0.000896171266278611
2125,105.552045884044,34.896964841197,SSP245,2080,0.00653834046194535
2126,106.450361168163,34.896964841197,SSP245,2080,0.00343974884450948
2127,107.348676452283,34.896964841197,SSP245,2080,0.000666269465215308
2128,108.246991736402,34.896964841197,SSP245,2080,0.00132572242852991
2129,109.145307020522,34.896964841197,SSP245,2080,0.0162788558869585
2130,110.043622304641,34.896964841197,SSP245,2080,0.0183898563708809
2131,110.941937588761,34.896964841197,SSP245,2080,0.422942897640491
2132,111.84025287288,34.896964841197,SSP245,2080,0.00676745290164249
2133,112.738568157,34.896964841197,SSP245,2080,0.393622082644276
2134,113.636883441119,34.896964841197,SSP245,2080,0.994310182995127
2135,114.535198725239,34.8969648411969,SSP245,2080,0.127272478870693
2136,115.433514009359,34.896964841197,SSP245,2080,0.00535987902927548
2137,116.331829293478,34.8969648411969,SSP245,2080,0.00952595478928253
2138,117.230144577598,34.896964841197,SSP245,2080,0.0362660100241181
2139,118.128459861717,34.896964841197,SSP245,2080,0.0136422315655158
2140,118.960405580646,34.8858763711916,SSP245,2080,0.195441888833147
2167,78.9220448563581,34.1045227382353,SSP245,2080,0.000165424210182064
2168,79.5009026445776,34.1569044119049,SSP245,2080,0.000187483793774312
2169,80.3992179286972,34.1569044119048,SSP245,2080,0.000168271836899159
2170,81.2975332128167,34.1569044119048,SSP245,2080,0.000401279008065414
2171,82.1958484969362,34.1569044119048,SSP245,2080,0.000399910750290333
2172,83.0941637810557,34.1569044119048,SSP245,2080,0.000655093278259411
2173,83.9924790651753,34.1569044119048,SSP245,2080,0.000735159687217935
2174,84.8907943492948,34.1569044119048,SSP245,2080,0.000621888609193433
2175,85.7891096334143,34.1569044119048,SSP245,2080,0.000305825475764965
2176,86.6874249175338,34.1569044119048,SSP245,2080,0.000435571311891314
2177,87.5857402016533,34.1569044119048,SSP245,2080,0.000473913345141908
2178,88.4840554857729,34.1569044119048,SSP245,2080,0.000338491943179031
2179,89.3823707698924,34.1569044119048,SSP245,2080,0.000437589511672165
2180,90.2806860540119,34.1569044119048,SSP245,2080,0.00050934489691834
2181,91.1790013381314,34.1569044119048,SSP245,2080,0.00110706209180267
2182,92.077316622251,34.1569044119048,SSP245,2080,0.00298984473626707
2183,92.9756319063705,34.1569044119048,SSP245,2080,0.000734432290234954
2184,93.87394719049,34.1569044119048,SSP245,2080,0.000820322071799273
2185,94.7722624746095,34.1569044119048,SSP245,2080,0.000595299616876099
2186,95.670577758729,34.1569044119048,SSP245,2080,0.0111251711799064
2187,96.5688930428485,34.1569044119048,SSP245,2080,0.000783364135222731
2188,97.4672083269681,34.1569044119049,SSP245,2080,0.00293378904443564
2189,98.3655236110876,34.1569044119048,SSP245,2080,0.00103403182654693
2190,99.2638388952071,34.1569044119048,SSP245,2080,0.000582880863311708
2191,100.162154179327,34.1569044119048,SSP245,2080,0.00195893748505604
2192,101.060469463446,34.1569044119048,SSP245,2080,0.000623540288941071
2193,101.958784747566,34.1569044119048,SSP245,2080,0.0326037958111948
2194,102.857100031685,34.1569044119048,SSP245,2080,0.154388114269914
2195,103.755415315805,34.1569044119048,SSP245,2080,0.00397111152771956
2196,104.653730599924,34.1569044119048,SSP245,2080,0.00559191270380655
2197,105.552045884044,34.1569044119048,SSP245,2080,0.0261074310492557
2198,106.450361168163,34.1569044119048,SSP245,2080,0.00835934129333027
2199,107.348676452283,34.1569044119048,SSP245,2080,0.0101733532780544
2200,108.246991736402,34.1569044119048,SSP245,2080,0.279708865710536
2201,109.145307020522,34.1569044119048,SSP245,2080,0.645231185169479
2202,110.043622304641,34.1569044119048,SSP245,2080,0.00913759067485787
2203,110.941937588761,34.1569044119048,SSP245,2080,0.0538242826990644
2204,111.84025287288,34.1569044119048,SSP245,2080,0.133977319161924
2205,112.738568157,34.1569044119048,SSP245,2080,0.125985581607844
2206,113.636883441119,34.1569044119048,SSP245,2080,0.027497353464855
2207,114.535198725239,34.1569044119048,SSP245,2080,0.00159384736447088
2208,115.433514009359,34.1569044119048,SSP245,2080,0.00826371935480741
2209,116.331829293478,34.1569044119048,SSP245,2080,0.0158033642066333
2210,117.230144577598,34.1569044119049,SSP245,2080,0.586534778413327
2211,118.128459861717,34.1569044119048,SSP245,2080,0.00966443045001098
2212,119.026775145837,34.1569044119048,SSP245,2080,0.0113867344979994
2213,119.882857408409,34.1106117558621,SSP245,2080,0.00401519980723131
2214,120.409908475428,33.8702854675797,SSP245,2080,
2239,78.9286670562435,33.6056066422668,SSP245,2080,0.000160350227310091
2240,79.5159394618932,33.4204008418773,SSP245,2080,0.00087260637949349
2241,80.3992179286972,33.4103012364864,SSP245,2080,0.000655608100395444
2242,81.2975332128167,33.4103012364864,SSP245,2080,0.000421278982860818
2243,82.1958484969362,33.4103012364864,SSP245,2080,0.000369953131696965
2244,83.0941637810557,33.4103012364864,SSP245,2080,0.000497075196685404
2245,83.9924790651753,33.4103012364864,SSP245,2080,0.000518078818381285
2246,84.8907943492948,33.4103012364864,SSP245,2080,0.000383141081523708
2247,85.7891096334143,33.4103012364864,SSP245,2080,0.000502125448959001
2248,86.6874249175338,33.4103012364864,SSP245,2080,0.000642501294805919
2249,87.5857402016533,33.4103012364864,SSP245,2080,0.000474389785113383
2250,88.4840554857729,33.4103012364864,SSP245,2080,0.000699026454155982
2251,89.3823707698924,33.4103012364864,SSP245,2080,0.000634543879199034
2252,90.2806860540119,33.4103012364864,SSP245,2080,0.000647147935326942
2253,91.1790013381314,33.4103012364864,SSP245,2080,0.000895445812794438
2254,92.077316622251,33.4103012364864,SSP245,2080,0.00111135653111982
2255,92.9756319063705,33.4103012364864,SSP245,2080,0.00125073610391013
2256,93.87394719049,33.4103012364864,SSP245,2080,0.000518254605483715
2257,94.7722624746095,33.4103012364864,SSP245,2080,0.00114597567450414
2258,95.670577758729,33.4103012364864,SSP245,2080,0.0017479004962877
2259,96.5688930428486,33.4103012364864,SSP245,2080,0.0166054149256861
2260,97.4672083269681,33.4103012364864,SSP245,2080,0.0168619024567857
2261,98.3655236110876,33.4103012364864,SSP245,2080,0.00269482595487081
2262,99.2638388952071,33.4103012364864,SSP245,2080,0.000677588141254959
2263,100.162154179327,33.4103012364864,SSP245,2080,0.00062202956068258
2264,101.060469463446,33.4103012364864,SSP245,2080,0.00539949147099805
2265,101.958784747566,33.4103012364864,SSP245,2080,0.00694190793373539
2266,102.857100031685,33.4103012364864,SSP245,2080,0.118895868894065
2267,103.755415315805,33.4103012364864,SSP245,2080,0.0789173110899878
2268,104.653730599924,33.4103012364864,SSP245,2080,0.00379621623031501
2269,105.552045884044,33.4103012364864,SSP245,2080,0.00211729405706373
2270,106.450361168163,33.4103012364864,SSP245,2080,0.0126092200572642
2271,107.348676452283,33.4103012364864,SSP245,2080,0.458002230042725
2272,108.246991736402,33.4103012364864,SSP245,2080,0.0551811241331665
2273,109.145307020522,33.4103012364864,SSP245,2080,0.00434460153430882
2274,110.043622304641,33.4103012364864,SSP245,2080,0.000704443664924837
2275,110.941937588761,33.4103012364864,SSP245,2080,0.00216237576211376
2276,111.84025287288,33.4103012364864,SSP245,2080,0.039939607245067
2277,112.738568157,33.4103012364864,SSP245,2080,0.0106316810670861
2278,113.636883441119,33.4103012364864,SSP245,2080,0.031468751263519
2279,114.535198725239,33.4103012364864,SSP245,2080,0.00510428686270026
2280,115.433514009358,33.4103012364864,SSP245,2080,0.0017918515964036
2281,116.331829293478,33.4103012364864,SSP245,2080,0.00402164525447701
2282,117.230144577598,33.4103012364864,SSP245,2080,0.00431387991686094
2283,118.128459861717,33.4103012364864,SSP245,2080,0.0068289150122457
2284,119.026775145837,33.4103012364864,SSP245,2080,0.287276721257362
2285,119.925090429956,33.4103012364864,SSP245,2080,0.0790806425768004
2286,120.514169036521,33.3339283464613,SSP245,2080,
2311,78.7118206954573,32.445517343661,SSP245,2080,0.00023396762937733
2312,79.5804942430139,32.6409765745574,SSP245,2080,0.000317011240057896
2313,80.3992179286972,32.6572253559297,SSP245,2080,0.0013944855056387
2314,81.2975332128167,32.6572253559297,SSP245,2080,0.000355595146948828
2315,82.1958484969362,32.6572253559297,SSP245,2080,0.000356340891179308
2316,83.0941637810557,32.6572253559297,SSP245,2080,0.000327544036471839
2317,83.9924790651753,32.6572253559297,SSP245,2080,0.000381650183999938
2318,84.8907943492948,32.6572253559297,SSP245,2080,0.000547368282394878
2319,85.7891096334143,32.6572253559297,SSP245,2080,0.000616357568587578
2320,86.6874249175338,32.6572253559297,SSP245,2080,0.000588925171497667
2321,87.5857402016533,32.6572253559297,SSP245,2080,0.000574049710705737
2322,88.4840554857729,32.6572253559297,SSP245,2080,0.000471881793029261
2323,89.3823707698924,32.6572253559297,SSP245,2080,0.000724434335682034
2324,90.2806860540119,32.6572253559297,SSP245,2080,0.000897023231134053
2325,91.1790013381314,32.6572253559297,SSP245,2080,0.000637510472114133
2326,92.077316622251,32.6572253559297,SSP245,2080,0.00132276468966441
2327,92.9756319063705,32.6572253559297,SSP245,2080,0.00267180748389473
2328,93.87394719049,32.6572253559297,SSP245,2080,0.000810726257475358
2329,94.7722624746095,32.6572253559297,SSP245,2080,0.0014273759972282
2330,95.670577758729,32.6572253559297,SSP245,2080,0.00993542318831864
2331,96.5688930428486,32.6572253559297,SSP245,2080,0.147222986674977
2332,97.4672083269681,32.6572253559297,SSP245,2080,0.0732063748651534
2333,98.3655236110876,32.6572253559297,SSP245,2080,0.00446921073005091
2334,99.2638388952071,32.6572253559297,SSP245,2080,0.000663596151868284
2335,100.162154179327,32.6572253559297,SSP245,2080,0.00209771102806899
2336,101.060469463446,32.6572253559297,SSP245,2080,0.00421124375231419
2337,101.958784747566,32.6572253559297,SSP245,2080,0.00953371759566835
2338,102.857100031685,32.6572253559297,SSP245,2080,0.0116969717391162
2339,103.755415315805,32.6572253559297,SSP245,2080,0.0947872208390167
2340,104.653730599924,32.6572253559297,SSP245,2080,0.543918165037683
2341,105.552045884044,32.6572253559297,SSP245,2080,0.0219293787117389
2342,106.450361168163,32.6572253559297,SSP245,2080,0.0026906690976749
2343,107.348676452283,32.6572253559297,SSP245,2080,0.011115332462159
2344,108.246991736402,32.6572253559297,SSP245,2080,0.00265054753161098
2345,109.145307020522,32.6572253559297,SSP245,2080,0.00256136863784284
2346,110.043622304641,32.6572253559297,SSP245,2080,0.0010332795741862
2347,110.941937588761,32.6572253559297,SSP245,2080,0.0219929611898113
2348,111.84025287288,32.6572253559297,SSP245,2080,0.0101834496363744
2349,112.738568157,32.6572253559297,SSP245,2080,0.0138074390519622
2350,113.636883441119,32.6572253559297,SSP245,2080,0.00497416611316215
2351,114.535198725239,32.6572253559297,SSP245,2080,0.000853932692301607
2352,115.433514009359,32.6572253559297,SSP245,2080,0.00605845904728297
2353,116.331829293478,32.6572253559297,SSP245,2080,0.0139186982936106
2354,117.230144577598,32.6572253559297,SSP245,2080,0.0389320991927988
2355,118.128459861717,32.6572253559297,SSP245,2080,0.039468081954785
2356,119.026775145837,32.6572253559298,SSP245,2080,0.172696451299276
2357,119.925090429956,32.6572253559297,SSP245,2080,0.0389073377903492
2358,120.704558764307,32.606414031906,SSP245,2080,0.057539928229443
2359,121.316815002923,32.3464053235734,SSP245,2080,
2383,78.8602929849942,31.9680059820801,SSP245,2080,0.000386265849757206
2384,79.5009026445776,31.897751870965,SSP245,2080,0.00102215990758547
2385,80.3992179286972,31.897751870965,SSP245,2080,0.000609903405482837
2386,81.2975332128167,31.897751870965,SSP245,2080,0.000379042479736968
2387,82.1958484969362,31.897751870965,SSP245,2080,0.000359188974939695
2388,83.0941637810557,31.897751870965,SSP245,2080,0.000294026304395123
2389,83.9924790651753,31.897751870965,SSP245,2080,0.000319508146440994
2390,84.8907943492948,31.897751870965,SSP245,2080,0.000560610084308633
2391,85.7891096334143,31.897751870965,SSP245,2080,0.000469512416223394
2392,86.6874249175338,31.897751870965,SSP245,2080,0.000812433107963972
2393,87.5857402016533,31.897751870965,SSP245,2080,0.000821813664728666
2394,88.4840554857729,31.897751870965,SSP245,2080,0.000664839463140221
2395,89.3823707698924,31.897751870965,SSP245,2080,0.000946304481632465
2396,90.2806860540119,31.897751870965,SSP245,2080,0.000548248374358296
2397,91.1790013381314,31.897751870965,SSP245,2080,0.000777913625664928
2398,92.0773166222509,31.897751870965,SSP245,2080,0.000888159794116827
2399,92.9756319063705,31.897751870965,SSP245,2080,0.00078932299778145
2400,93.87394719049,31.897751870965,SSP245,2080,0.00171730041951546
2401,94.7722624746095,31.897751870965,SSP245,2080,0.00264246185152761
2402,95.670577758729,31.897751870965,SSP245,2080,0.00537829139385415
2403,96.5688930428486,31.897751870965,SSP245,2080,0.117863198868848
2404,97.4672083269681,31.897751870965,SSP245,2080,0.000584778235540595
2405,98.3655236110876,31.897751870965,SSP245,2080,0.000751835507904364
2406,99.2638388952071,31.897751870965,SSP245,2080,0.00134887409349083
2407,100.162154179327,31.897751870965,SSP245,2080,0.00416650144877728
2408,101.060469463446,31.897751870965,SSP245,2080,0.000972529512395126
2409,101.958784747566,31.897751870965,SSP245,2080,0.0220099160877324
2410,102.857100031685,31.897751870965,SSP245,2080,0.0166505614367048
2411,103.755415315805,31.897751870965,SSP245,2080,0.0203972197684682
2412,104.653730599924,31.897751870965,SSP245,2080,0.0569231161573606
2413,105.552045884044,31.897751870965,SSP245,2080,0.0125255821203214
2414,106.450361168163,31.897751870965,SSP245,2080,0.00173593343164236
2415,107.348676452283,31.897751870965,SSP245,2080,0.00447962478411612
2416,108.246991736402,31.897751870965,SSP245,2080,0.00298915300908353
2417,109.145307020522,31.897751870965,SSP245,2080,0.00203010752807908
2418,110.043622304641,31.897751870965,SSP245,2080,0.172129985194966
2419,110.941937588761,31.897751870965,SSP245,2080,0.73552474139825
2420,111.84025287288,31.897751870965,SSP245,2080,0.0549697239805136
2421,112.738568157,31.897751870965,SSP245,2080,0.00198048552215169
2422,113.636883441119,31.897751870965,SSP245,2080,0.0522017963109269
2423,114.535198725239,31.897751870965,SSP245,2080,0.545836076138784
2424,115.433514009358,31.897751870965,SSP245,2080,0.00740944013116152
2425,116.331829293478,31.897751870965,SSP245,2080,0.0289765844037613
2426,117.230144577598,31.897751870965,SSP245,2080,0.907725416758105
2427,118.128459861717,31.897751870965,SSP245,2080,0.436138998387964
2428,119.026775145837,31.897751870965,SSP245,2080,0.9999999989627
2429,119.922395539987,31.8973397755042,SSP245,2080,0.98772878011049
2430,120.812489926211,31.9066116065137,SSP245,2080,0.643108078828962
2431,121.533726301119,31.8495223492286,SSP245,2080,0.0286398237696425
2455,78.9536485416294,31.3916622099499,SSP245,2080,0.000395834866215417
2456,79.5243009845641,31.2642176928874,SSP245,2080,0.00192120319942346
2457,80.4006590749733,31.1331130681935,SSP245,2080,0.000754239420473923
2458,81.2975332128167,31.1319609966062,SSP245,2080,0.00200872098515925
2459,82.1958484969362,31.1319609966062,SSP245,2080,0.000477233514610709
2460,83.0941637810557,31.1319609966062,SSP245,2080,0.00079953523169618
2461,83.9924790651753,31.1319609966062,SSP245,2080,0.000568219315782437
2462,84.8907943492948,31.1319609966062,SSP245,2080,0.000572715769294963
2463,85.7891096334143,31.1319609966062,SSP245,2080,0.000537356924080523
2464,86.6874249175338,31.1319609966062,SSP245,2080,0.00143625728731811
2465,87.5857402016533,31.1319609966062,SSP245,2080,0.000413322026416085
2466,88.4840554857729,31.1319609966062,SSP245,2080,0.000333430818245661
2467,89.3823707698924,31.1319609966062,SSP245,2080,0.000368064267446622
2468,90.2806860540119,31.1319609966062,SSP245,2080,0.00139390912104143
2469,91.1790013381314,31.1319609966062,SSP245,2080,0.00675233202319436
2470,92.077316622251,31.1319609966062,SSP245,2080,0.00151303596530439
2471,92.9756319063705,31.1319609966062,SSP245,2080,0.000449946463077278
2472,93.87394719049,31.1319609966062,SSP245,2080,0.0015381679476133
2473,94.7722624746095,31.1319609966062,SSP245,2080,0.00103173118800293
2474,95.670577758729,31.1319609966062,SSP245,2080,0.00244818600473384
2475,96.5688930428486,31.1319609966062,SSP245,2080,0.0033512499455628
2476,97.4672083269681,31.1319609966062,SSP245,2080,0.000888647306900414
2477,98.3655236110876,31.1319609966062,SSP245,2080,0.000748101139820823
2478,99.2638388952071,31.1319609966062,SSP245,2080,0.00118459650126324
2479,100.162154179327,31.1319609966062,SSP245,2080,0.00135039821693461
2480,101.060469463446,31.1319609966062,SSP245,2080,0.00198010453887898
2481,101.958784747566,31.1319609966062,SSP245,2080,0.00263382673692725
2482,102.857100031685,31.1319609966062,SSP245,2080,0.497953770099234
2483,103.755415315805,31.1319609966062,SSP245,2080,0.877428365075387
2484,104.653730599924,31.1319609966062,SSP245,2080,0.54996943372614
2485,105.552045884044,31.1319609966062,SSP245,2080,0.00109241575105312
2486,106.450361168163,31.1319609966062,SSP245,2080,0.00905466146117273
2487,107.348676452283,31.1319609966062,SSP245,2080,0.0121533422061297
2488,108.246991736402,31.1319609966062,SSP245,2080,0.0345326896693505
2489,109.145307020522,31.1319609966062,SSP245,2080,0.00923606758285744
2490,110.043622304641,31.1319609966062,SSP245,2080,0.64257422798912
2491,110.941937588761,31.1319609966062,SSP245,2080,0.382746491520459
2492,111.84025287288,31.1319609966062,SSP245,2080,0.042608446574411
2493,112.738568157,31.1319609966062,SSP245,2080,0.0715626972038511
2494,113.636883441119,31.1319609966062,SSP245,2080,0.0422239870069716
2495,114.535198725239,31.1319609966062,SSP245,2080,0.816712359096338
2496,115.433514009359,31.1319609966062,SSP245,2080,0.0680557228201669
2497,116.331829293478,31.1319609966062,SSP245,2080,0.0425594388802145
2498,117.230144577598,31.1319609966062,SSP245,2080,0.0823491911995159
2499,118.128459861717,31.1319609966062,SSP245,2080,0.0988243777376132
2500,119.026775145836,31.1319609966061,SSP245,2080,0.205622535982218
2501,119.925090429956,31.1319609966062,SSP245,2080,0.907047034175603
2502,120.823306314776,31.1318771084974,SSP245,2080,0.999999964702051
2503,121.534465366301,31.1003950863884,SSP245,2080,0.999999979234561
2504,122.660193100527,30.8377341745891,SSP245,2080,
2529,80.5290580079123,30.6245470088143,SSP245,2080,0.000658861774422315
2530,81.2600458606445,30.493018136216,SSP245,2080,0.00376771489995786
2531,82.272282138723,30.444751404294,SSP245,2080,0.000491497011007036
2532,83.0941637810557,30.359938109442,SSP245,2080,0.000901011935940832
2533,83.9924790651753,30.359938109442,SSP245,2080,0.000661892290851784
2534,84.8907943492948,30.359938109442,SSP245,2080,0.000313758795478902
2535,85.7891096334143,30.359938109442,SSP245,2080,0.000390611248571982
2536,86.6874249175338,30.359938109442,SSP245,2080,0.000319731184427186
2537,87.5857402016533,30.359938109442,SSP245,2080,0.00038026203258168
2538,88.4840554857729,30.359938109442,SSP245,2080,0.000216341825486133
2539,89.3823707698924,30.359938109442,SSP245,2080,0.000466185271336794
2540,90.2806860540119,30.359938109442,SSP245,2080,0.000859884803657174
2541,91.1790013381314,30.359938109442,SSP245,2080,0.00168556906295092
2542,92.077316622251,30.359938109442,SSP245,2080,0.000989605398423632
2543,92.9756319063705,30.359938109442,SSP245,2080,0.000828100500963047
2544,93.87394719049,30.359938109442,SSP245,2080,0.009761418403058
2545,94.7722624746095,30.359938109442,SSP245,2080,0.0146015737723184
2546,95.670577758729,30.359938109442,SSP245,2080,0.00321939126304749
2547,96.5688930428485,30.359938109442,SSP245,2080,0.000948769635026436
2548,97.4672083269681,30.359938109442,SSP245,2080,0.00235035383470217
2549,98.3655236110876,30.359938109442,SSP245,2080,0.00070507992416724
2550,99.2638388952071,30.359938109442,SSP245,2080,0.000648241748837486
2551,100.162154179327,30.359938109442,SSP245,2080,0.00245663673626662
2552,101.060469463446,30.359938109442,SSP245,2080,0.0175434799869248
2553,101.958784747566,30.359938109442,SSP245,2080,0.0518273782150607
2554,102.857100031685,30.359938109442,SSP245,2080,0.304477667617962
2555,103.755415315805,30.359938109442,SSP245,2080,0.997419006540996
2556,104.653730599924,30.359938109442,SSP245,2080,0.799991491719014
2557,105.552045884044,30.359938109442,SSP245,2080,0.0120407164835951
2558,106.450361168163,30.359938109442,SSP245,2080,0.00691810274512517
2559,107.348676452283,30.359938109442,SSP245,2080,0.0306070837605583
2560,108.246991736402,30.359938109442,SSP245,2080,0.00729005923940673
2561,109.145307020522,30.359938109442,SSP245,2080,0.0356995603117587
2562,110.043622304641,30.359938109442,SSP245,2080,0.00798480293657966
2563,110.941937588761,30.359938109442,SSP245,2080,0.573179165427033
2564,111.84025287288,30.359938109442,SSP245,2080,0.332746561486312
2565,112.738568157,30.359938109442,SSP245,2080,0.0532310081065534
2566,113.636883441119,30.359938109442,SSP245,2080,0.471926511175608
2567,114.535198725239,30.359938109442,SSP245,2080,0.999999870902743
2568,115.433514009359,30.359938109442,SSP245,2080,0.0517377594224463
2569,116.331829293478,30.359938109442,SSP245,2080,0.0346817389745165
2570,117.230144577598,30.359938109442,SSP245,2080,0.0627218140959806
2571,118.128459861717,30.359938109442,SSP245,2080,0.196596583079551
2572,119.026775145837,30.359938109442,SSP245,2080,0.780819226442509
2573,119.922323669823,30.3605647242723,SSP245,2080,0.999999999999914
2574,120.77452717431,30.3574019611609,SSP245,2080,
2575,121.639401002142,30.1205790517231,SSP245,2080,
2576,122.305678335048,30.2726493835941,SSP245,2080,
2603,82.6280026972768,29.9375101085613,SSP245,2080,0.000686618292191077
2604,83.2042845437638,29.7694639660965,SSP245,2080,0.00095026115054031
2605,83.9991049880704,29.6156110947249,SSP245,2080,0.000991445173439964
2606,84.8907943492948,29.5817737872574,SSP245,2080,0.00104617255198725
2607,85.7891096334143,29.5817737872574,SSP245,2080,0.00133747513187843
2608,86.6874249175338,29.5817737872574,SSP245,2080,0.000565629572290449
2609,87.5857402016533,29.5817737872574,SSP245,2080,0.000962414510741416
2610,88.4840554857729,29.5817737872574,SSP245,2080,0.0128652220098168
2611,89.3823707698924,29.5817737872574,SSP245,2080,0.0094575335178535
2612,90.2806860540119,29.5817737872574,SSP245,2080,0.00712614639399745
2613,91.1790013381314,29.5817737872574,SSP245,2080,0.298219695254698
2614,92.077316622251,29.5817737872574,SSP245,2080,0.00949359610918543
2615,92.9756319063705,29.5817737872574,SSP245,2080,0.00158933629247116
2616,93.87394719049,29.5817737872574,SSP245,2080,0.0094980756647155
2617,94.7722624746095,29.5817737872574,SSP245,2080,0.357993238198047
2618,95.670577758729,29.5817737872574,SSP245,2080,0.542794108319758
2619,96.5688930428486,29.5817737872574,SSP245,2080,0.00572870593129748
2620,97.4672083269681,29.5817737872574,SSP245,2080,0.00204668777905281
2621,98.3655236110876,29.5817737872574,SSP245,2080,0.00978845406826168
2622,99.2638388952071,29.5817737872574,SSP245,2080,0.00171166818863511
2623,100.162154179327,29.5817737872574,SSP245,2080,0.002744815774541
2624,101.060469463446,29.5817737872574,SSP245,2080,0.00589454749181984
2625,101.958784747566,29.5817737872574,SSP245,2080,0.0829771481741522
2626,102.857100031685,29.5817737872574,SSP245,2080,0.938691684450859
2627,103.755415315805,29.5817737872574,SSP245,2080,0.13538893964645
2628,104.653730599924,29.5817737872574,SSP245,2080,0.0898286437253976
2629,105.552045884044,29.5817737872574,SSP245,2080,0.0488454948568115
2630,106.450361168163,29.5817737872574,SSP245,2080,0.999848223675252
2631,107.348676452283,29.5817737872574,SSP245,2080,0.0205346889644867
2632,108.246991736402,29.5817737872574,SSP245,2080,0.0122129747827432
2633,109.145307020522,29.5817737872574,SSP245,2080,0.0101765425220242
2634,110.043622304641,29.5817737872574,SSP245,2080,0.0663862308684868
2635,110.941937588761,29.5817737872574,SSP245,2080,0.346045504122643
2636,111.84025287288,29.5817737872574,SSP245,2080,0.250593745896831
2637,112.738568157,29.5817737872574,SSP245,2080,0.231968099476235
2638,113.636883441119,29.5817737872574,SSP245,2080,0.0234868379935873
2639,114.535198725239,29.5817737872574,SSP245,2080,0.0188316961440156
2640,115.433514009359,29.5817737872574,SSP245,2080,0.137802245113327
2641,116.331829293478,29.5817737872574,SSP245,2080,0.171863563716148
2642,117.230144577598,29.5817737872574,SSP245,2080,0.0499961576079371
2643,118.128459861717,29.5817737872574,SSP245,2080,0.791201634996464
2644,119.026775145837,29.5817737872574,SSP245,2080,0.156676629840483
2645,119.925090429956,29.5817737872574,SSP245,2080,0.241873282515774
2646,120.823405714076,29.5817737872574,SSP245,2080,0.283705883817395
2647,121.603046556683,29.5997257634977,SSP245,2080,0.468723867163029
2648,122.281324351433,29.842985990063,SSP245,2080,
2677,84.3429806097434,29.0529250558093,SSP245,2080,0.0015316381533087
2678,84.9441195618522,28.900901289775,SSP245,2080,0.0257724595567276
2679,85.7891096334143,28.7975638405778,SSP245,2080,0.0272893123141231
2680,86.6874249175338,28.7975638405778,SSP245,2080,0.0094009334201246
2681,87.5857402016533,28.7975638405778,SSP245,2080,0.00506339422496149
2682,88.4840554857729,28.7975638405778,SSP245,2080,0.00133368373882825
2683,89.3823707698924,28.7975638405778,SSP245,2080,0.00166740101926421
2684,90.2806860540119,28.7975638405778,SSP245,2080,0.0185538650746649
2685,91.1790013381314,28.7975638405778,SSP245,2080,0.00396060651310926
2686,92.077316622251,28.7975638405778,SSP245,2080,0.011215555073391
2687,92.9756319063705,28.7975638405778,SSP245,2080,0.00344130537384668
2688,93.87394719049,28.7975638405778,SSP245,2080,0.00360781485909367
2689,94.7722624746095,28.7975638405778,SSP245,2080,0.00214373662561651
2690,95.670577758729,28.7975638405778,SSP245,2080,0.00111938544782331
2691,96.5688930428486,28.7975638405778,SSP245,2080,0.00137128390121177
2692,97.4611744775053,28.8095677415172,SSP245,2080,0.00322731310902813
2693,98.3655236110876,28.7975638405778,SSP245,2080,0.00612478162199603
2694,99.2638388952071,28.7975638405778,SSP245,2080,0.00410504425172886
2695,100.162154179327,28.7975638405778,SSP245,2080,0.0170736654237953
2696,101.060469463446,28.7975638405778,SSP245,2080,0.00154698497036576
2697,101.958784747566,28.7975638405778,SSP245,2080,0.00388355486254033
2698,102.857100031685,28.7975638405778,SSP245,2080,0.00516462153886399
2699,103.755415315805,28.7975638405778,SSP245,2080,0.0778146619260222
2700,104.653730599924,28.7975638405778,SSP245,2080,0.0377400173527803
2701,105.552045884044,28.7975638405778,SSP245,2080,0.0577206618212226
2702,106.450361168163,28.7975638405778,SSP245,2080,0.110395808574341
2703,107.348676452283,28.7975638405778,SSP245,2080,0.0598545174123562
2704,108.246991736402,28.7975638405778,SSP245,2080,0.00221287252555025
2705,109.145307020522,28.7975638405778,SSP245,2080,0.00868756790577385
2706,110.043622304641,28.7975638405778,SSP245,2080,0.0520471253756942
2707,110.941937588761,28.7975638405778,SSP245,2080,0.0318882879994445
2708,111.84025287288,28.7975638405778,SSP245,2080,0.0381429731085828
2709,112.738568157,28.7975638405778,SSP245,2080,0.17953298259523
2710,113.636883441119,28.7975638405778,SSP245,2080,0.0109124460005288
2711,114.535198725239,28.7975638405778,SSP245,2080,0.0269633987839039
2712,115.433514009358,28.7975638405778,SSP245,2080,0.663066352073328
2713,116.331829293478,28.7975638405778,SSP245,2080,0.944791408794156
2714,117.230144577598,28.7975638405778,SSP245,2080,0.00254831576878878
2715,118.128459861717,28.7975638405778,SSP245,2080,0.325161129927809
2716,119.026775145837,28.7975638405778,SSP245,2080,0.429452133724209
2717,119.925090429956,28.7975638405778,SSP245,2080,0.733767801738621
2718,120.823405714076,28.7975638405778,SSP245,2080,0.528518152090366
2719,121.456467798715,28.8198556761205,SSP245,2080,0.131914513177699
2750,85.2677621739188,28.3795009016026,SSP245,2080,0.037721089422152
2751,85.951318224197,28.2515882288631,SSP245,2080,0.0347106970520473
2752,86.6908066449762,28.2070518418809,SSP245,2080,0.00618428380868019
2753,87.5750832987249,28.1394880788429,SSP245,2080,0.0117814788520204
2754,88.4791167905161,28.1733948054688,SSP245,2080,0.00318434224293152
2755,89.2531087399051,28.1052975903994,SSP245,2080,0.00648356425525942
2756,90.3407867191068,28.2769646691795,SSP245,2080,0.00234803349307389
2757,91.1929724321617,28.194285906939,SSP245,2080,0.033209544993277
2758,92.0787371513601,28.0083311071685,SSP245,2080,0.0601488424346359
2759,92.9756319063705,28.0074093357378,SSP245,2080,0.0012907592380671
2760,93.87394719049,28.0074093357378,SSP245,2080,0.00134438355930688
2761,94.7321674667976,28.0614279812259,SSP245,2080,0.00162476959140501
2762,95.5837338655716,28.2753654913653,SSP245,2080,0.00147924017615475
2763,96.6525614962135,28.2130506523232,SSP245,2080,0.00115732188855411
2764,97.2256778531727,28.1449381212459,SSP245,2080,0.00117627050867952
2765,98.4718095257053,28.0515310005048,SSP245,2080,0.0110703778109449
2766,99.2638388952071,28.0074093357378,SSP245,2080,0.0437027344418177
2767,100.162154179327,28.0074093357378,SSP245,2080,0.00943165527877376
2768,101.060469463446,28.0074093357378,SSP245,2080,0.0111839272004033
2769,101.958784747566,28.0074093357378,SSP245,2080,0.0413702944385225
2770,102.857100031685,28.0074093357378,SSP245,2080,0.00169677788915856
2771,103.755415315805,28.0074093357378,SSP245,2080,0.000322149014068129
2772,104.653730599924,28.0074093357378,SSP245,2080,0.000892384228225573
2773,105.552045884044,28.0074093357378,SSP245,2080,0.00770289842952343
2774,106.450361168163,28.0074093357378,SSP245,2080,0.00792428983496984
2775,107.348676452283,28.0074093357378,SSP245,2080,0.16888818833949
2776,108.246991736402,28.0074093357378,SSP245,2080,0.0104392071593539
2777,109.145307020522,28.0074093357378,SSP245,2080,0.0102843109696725
2778,110.043622304641,28.0074093357378,SSP245,2080,0.0339491189734787
2779,110.941937588761,28.0074093357378,SSP245,2080,0.00663714416190775
2780,111.84025287288,28.0074093357378,SSP245,2080,0.0176897381612061
2781,112.738568157,28.0074093357378,SSP245,2080,0.999202350565396
2782,113.636883441119,28.0074093357378,SSP245,2080,0.182342174185965
2783,114.535198725239,28.0074093357378,SSP245,2080,0.0180651466989831
2784,115.433514009358,28.0074093357378,SSP245,2080,0.00756717412719377
2785,116.331829293478,28.0074093357378,SSP245,2080,0.0444213251935085
2786,117.230144577598,28.0074093357378,SSP245,2080,0.0434041463152601
2787,118.128459861717,28.0074093357378,SSP245,2080,0.20629369668721
2788,119.026775145837,28.0074093357378,SSP245,2080,0.449792403979719
2789,119.925090429956,28.0074093357378,SSP245,2080,0.520917602573094
2790,120.710954697087,28.085676170264,SSP245,2080,0.662119002256514
2791,121.399924172141,28.3033034093586,SSP245,2080,
2799,128.726766097212,27.6525708840276,SSP245,2080,
2826,88.8777301058324,27.5170886065542,SSP245,2080,0.0113857509862231
2827,89.0443904318711,27.4652747864857,SSP245,2080,0.00231513296848795
2830,92.2493205344729,27.3016511754727,SSP245,2080,0.00161137527791766
2831,92.9813592120786,27.2665790729466,SSP245,2080,0.00177014579731538
2832,93.7259154437825,27.333528957722,SSP245,2080,0.0021646984764383
2833,94.3856358938791,27.6080097806127,SSP245,2080,0.00156796180971974
2837,98.7344411122203,27.315860917647,SSP245,2080,0.00132615937384506
2838,99.2638388952071,27.2114166090938,SSP245,2080,0.0079820908972551
2839,100.162154179327,27.2114166090938,SSP245,2080,0.0377613502476449
2840,101.060469463446,27.2114166090938,SSP245,2080,0.00537052359914536
2841,101.958784747566,27.2114166090938,SSP245,2080,0.00732690689724669
2842,102.857100031685,27.2114166090938,SSP245,2080,0.00540418419471489
2843,103.755415315805,27.2114166090938,SSP245,2080,0.00214872920873765
2844,104.653730599924,27.2114166090938,SSP245,2080,0.0213214211906181
2845,105.552045884044,27.2114166090938,SSP245,2080,0.0578451176678555
2846,106.450361168163,27.2114166090938,SSP245,2080,0.009856890925795
2847,107.348676452283,27.2114166090938,SSP245,2080,0.00339267260031229
2848,108.246991736402,27.2114166090938,SSP245,2080,0.00452507326842278
2849,109.145307020522,27.2114166090938,SSP245,2080,0.00139737277665308
2850,110.043622304641,27.2114166090938,SSP245,2080,0.0950328079196892
2851,110.941937588761,27.2114166090938,SSP245,2080,0.0178911226074773
2852,111.84025287288,27.2114166090938,SSP245,2080,0.0224461396177751
2853,112.738568157,27.2114166090938,SSP245,2080,0.0759956975825665
2854,113.636883441119,27.2114166090938,SSP245,2080,0.00472801331094441
2855,114.535198725239,27.2114166090938,SSP245,2080,0.0223692525791848
2856,115.433514009358,27.2114166090938,SSP245,2080,0.0134109255924399
2857,116.331829293478,27.2114166090938,SSP245,2080,0.00195564424399719
2858,117.230144577598,27.2114166090938,SSP245,2080,0.162835460538339
2859,118.128459861717,27.2114166090938,SSP245,2080,0.0289359233640718
2860,119.026775145837,27.2114166090938,SSP245,2080,0.0159982821970941
2861,119.898158829137,27.2338219897156,SSP245,2080,0.211611727926037
2862,120.491081450656,27.409030065604,SSP245,2080,0.0408166795185546
2909,98.7482628837472,26.2497822361461,SSP245,2080,0.00130520088192942
2910,99.2638388952071,26.4096972720129,SSP245,2080,0.0106489431241379
2911,100.162154179327,26.4096972720129,SSP245,2080,0.0246474001741569
2912,101.060469463446,26.4096972720129,SSP245,2080,0.00383732551614224
2913,101.958784747566,26.4096972720129,SSP245,2080,0.0294130929348356
2914,102.857100031685,26.4096972720129,SSP245,2080,0.00454969522103421
2915,103.755415315805,26.4096972720129,SSP245,2080,0.000880235772852789
2916,104.653730599924,26.4096972720129,SSP245,2080,0.0112193380532363
2917,105.552045884044,26.4096972720129,SSP245,2080,0.006174091233346
2918,106.450361168163,26.4096972720129,SSP245,2080,0.597586753636632
2919,107.348676452283,26.4096972720129,SSP245,2080,0.00868329077482288
2920,108.246991736402,26.4096972720129,SSP245,2080,0.0191432173529135
2921,109.145307020522,26.4096972720129,SSP245,2080,0.00225137662250663
2922,110.043622304641,26.4096972720129,SSP245,2080,0.00606739324118044
2923,110.941937588761,26.4096972720129,SSP245,2080,0.0124132881872631
2924,111.84025287288,26.4096972720129,SSP245,2080,0.023359785646017
2925,112.738568157,26.4096972720129,SSP245,2080,0.0374082057589734
2926,113.636883441119,26.4096972720129,SSP245,2080,0.00610609794297201
2927,114.535198725239,26.4096972720129,SSP245,2080,0.00850620565096771
2928,115.433514009358,26.4096972720129,SSP245,2080,0.00190733507899665
2929,116.331829293478,26.4096972720129,SSP245,2080,0.0205347183423916
2930,117.230144577598,26.4096972720129,SSP245,2080,0.276610117767484
2931,118.128459861717,26.4096972720129,SSP245,2080,0.077096179519983
2932,119.026775145837,26.4096972720129,SSP245,2080,0.999089757269196
2933,119.699784372173,26.4770996501751,SSP245,2080,
2980,97.8867117416,25.2265235360335,SSP245,2080,0.00135765602272375
2981,98.5007709162612,25.4824941548273,SSP245,2080,0.128068939147144
2982,99.2638388952071,25.6023682062936,SSP245,2080,0.0144770228497361
2983,100.162154179327,25.6023682062936,SSP245,2080,0.107603414975941
2984,101.060469463446,25.6023682062936,SSP245,2080,0.00135373384406023
2985,101.958784747566,25.6023682062936,SSP245,2080,0.00111148370091352
2986,102.857100031685,25.6023682062936,SSP245,2080,0.00892135524462279
2987,103.755415315805,25.6023682062935,SSP245,2080,0.000633463417272995
2988,104.653730599924,25.6023682062936,SSP245,2080,0.00174903965984274
2989,105.552045884044,25.6023682062936,SSP245,2080,0.0193387524957775
2990,106.450361168163,25.6023682062936,SSP245,2080,0.00292157781517555
2991,107.348676452283,25.6023682062936,SSP245,2080,0.0228925430173607
2992,108.246991736402,25.6023682062936,SSP245,2080,0.0148963087194081
2993,109.145307020522,25.6023682062936,SSP245,2080,0.00555520068847171
2994,110.043622304641,25.6023682062936,SSP245,2080,0.0897918732542
2995,110.941937588761,25.6023682062936,SSP245,2080,0.0186553197395697
2996,111.84025287288,25.6023682062935,SSP245,2080,0.0135323494524162
2997,112.738568157,25.6023682062935,SSP245,2080,0.0306132552868097
2998,113.636883441119,25.6023682062936,SSP245,2080,0.0068577180883479
2999,114.535198725239,25.6023682062935,SSP245,2080,0.109409834797626
3000,115.433514009358,25.6023682062936,SSP245,2080,0.0302097736507395
3001,116.331829293478,25.6023682062935,SSP245,2080,0.00785831057111308
3002,117.230144577598,25.6023682062936,SSP245,2080,0.0514022186314498
3003,118.128459861717,25.6023682062935,SSP245,2080,0.0472023856689162
3004,118.992956620772,25.631577071702,SSP245,2080,0.268407050446254
3005,119.619873555739,25.6797528327445,SSP245,2080,
3007,121.578657861701,25.2596176961329,SSP245,2080,
3052,97.7879505796289,24.7194255762163,SSP245,2080,0.108622111895334
3053,98.3655236110876,24.7895515496951,SSP245,2080,0.109134540491561
3054,99.2638388952071,24.7895515496951,SSP245,2080,0.0246800336352462
3055,100.162154179327,24.7895515496951,SSP245,2080,0.0112310589206872
3056,101.060469463446,24.7895515496951,SSP245,2080,0.0279255065925625
3057,101.958784747566,24.7895515496951,SSP245,2080,0.00410836188240948
3058,102.857100031685,24.7895515496951,SSP245,2080,0.165387647037608
3059,103.755415315805,24.7895515496951,SSP245,2080,0.00129282869420178
3060,104.653730599924,24.7895515496952,SSP245,2080,0.0186707521904798
3061,105.552045884044,24.7895515496952,SSP245,2080,0.00474841589669017
3062,106.450361168163,24.7895515496952,SSP245,2080,0.00722528097666919
3063,107.348676452283,24.7895515496951,SSP245,2080,0.000969419173179942
3064,108.246991736402,24.7895515496951,SSP245,2080,0.00632115431739955
3065,109.145307020522,24.7895515496951,SSP245,2080,0.00980083079402094
3066,110.043622304641,24.7895515496951,SSP245,2080,0.0289747301037916
3067,110.941937588761,24.7895515496952,SSP245,2080,0.0242480638499712
3068,111.84025287288,24.7895515496952,SSP245,2080,0.00869005251892807
3069,112.738568157,24.7895515496951,SSP245,2080,0.130272603157366
3070,113.636883441119,24.7895515496951,SSP245,2080,0.0301987863966817
3071,114.535198725239,24.7895515496951,SSP245,2080,0.02641121997993
3072,115.433514009359,24.7895515496952,SSP245,2080,0.00110328257335668
3073,116.331829293478,24.7895515496951,SSP245,2080,0.0224592987388214
3074,117.230144577598,24.7895515496951,SSP245,2080,0.0443467013240129
3075,118.103685005399,24.8335919626298,SSP245,2080,0.956392248198669
3076,118.770018251412,24.9604093153143,SSP245,2080,0.185780751099504
3077,119.529875381744,25.1645582018131,SSP245,2080,
3078,121.03556563845,24.6611293921698,SSP245,2080,0.00316643087302526
3079,121.56864199819,24.7835886413952,SSP245,2080,0.0322159142625488
3124,97.7970304358934,24.1256640633575,SSP245,2080,0.0253775689364314
3125,98.3749712442988,24.2095109068584,SSP245,2080,0.015188029910395
3126,99.2743437523302,23.9744891188441,SSP245,2080,0.00120463817560434
3127,100.162154179327,23.9713746712774,SSP245,2080,0.00176147397964366
3128,101.060469463446,23.9713746712774,SSP245,2080,0.00107023940805118
3129,101.958784747566,23.9713746712774,SSP245,2080,0.00337842726752124
3130,102.857100031685,23.9713746712774,SSP245,2080,0.0030959635078962
3131,103.755415315805,23.9713746712774,SSP245,2080,0.00465875423716089
3132,104.653730599924,23.9713746712774,SSP245,2080,0.000682852022098945
3133,105.552045884044,23.9713746712774,SSP245,2080,0.00094551940238341
3134,106.450361168163,23.9713746712774,SSP245,2080,0.441989728076236
3135,107.348676452283,23.9713746712774,SSP245,2080,0.000649621616787943
3136,108.246991736402,23.9713746712774,SSP245,2080,0.00124386516524433
3137,109.145307020522,23.9713746712774,SSP245,2080,0.0515889372469962
3138,110.043622304641,23.9713746712774,SSP245,2080,0.022458795071865
3139,110.941937588761,23.9713746712774,SSP245,2080,0.0127606256647552
3140,111.84025287288,23.9713746712774,SSP245,2080,0.001961211166562
3141,112.738568157,23.9713746712774,SSP245,2080,0.0227021912466494
3142,113.636883441119,23.9713746712774,SSP245,2080,0.16106535975058
3143,114.535198725239,23.9713746712774,SSP245,2080,0.00486062314146951
3144,115.433514009358,23.9713746712774,SSP245,2080,0.00438025368564887
3145,116.331829293478,23.9713746712774,SSP245,2080,0.0282337274186125
3146,117.191222728809,24.0222770833957,SSP245,2080,0.0468805173064407
3147,117.854883905339,24.2148744488918,SSP245,2080,0.0125622053399663
3149,120.221854614265,23.7097940313673,SSP245,2080,0.00105344992282863
3150,120.846137945521,23.9540851768199,SSP245,2080,0.0311876424431535
3151,121.458705062506,24.0222293246619,SSP245,2080,0.00386920581864336
3198,99.3818928735171,23.2595074386355,SSP245,2080,0.00162567693812288
3199,100.162154179327,23.1479701362804,SSP245,2080,0.00112385981701424
3200,101.060469463446,23.1479701362804,SSP245,2080,0.00974971683729209
3201,101.958784747566,23.1479701362804,SSP245,2080,0.00111744857491602
3202,102.859068188151,23.150331696772,SSP245,2080,0.00162376754461335
3203,103.752939554375,23.1591812276401,SSP245,2080,0.00875410678259458
3204,104.592306121855,23.2181102359245,SSP245,2080,0.00205324908045945
3205,105.637298913065,23.3359235141008,SSP245,2080,0.136436659967161
3206,106.475548226612,23.2271455875199,SSP245,2080,0.0262800973991102
3207,107.348676452283,23.1479701362804,SSP245,2080,0.00850967782045164
3208,108.246991736402,23.1479701362804,SSP245,2080,0.64598010561805
3209,109.145307020522,23.1479701362804,SSP245,2080,0.00818868800831807
3210,110.043622304641,23.1479701362804,SSP245,2080,0.0264959415421749
3211,110.941937588761,23.1479701362804,SSP245,2080,0.0324508654759622
3212,111.84025287288,23.1479701362804,SSP245,2080,0.00511689394625214
3213,112.738568157,23.1479701362804,SSP245,2080,0.320039444495433
3214,113.639285778782,23.1590943187585,SSP245,2080,0.98827135025429
3215,114.531984510007,23.153014596904,SSP245,2080,0.101911737068731
3216,115.427598084043,23.1823728619401,SSP245,2080,0.0190281762045613
3217,116.261286891506,23.2582140647182,SSP245,2080,0.0290109001593994
3218,116.927027748067,23.4499778619798,SSP245,2080,
3221,120.221142954146,23.1791573865647,SSP245,2080,0.0111526554509743
3222,120.816755431211,23.153579391231,SSP245,2080,0.00547364360022395
3223,121.363353115256,23.3288688416662,SSP245,2080,
3270,99.5091895514656,22.394686521223,SSP245,2080,0.00258300735856054
3271,100.182410647923,22.3419400992303,SSP245,2080,0.00871215904123046
3272,101.060469463446,22.3194756603065,SSP245,2080,0.167082206464238
3273,101.851914570071,22.4999659332882,SSP245,2080,0.00349673527514227
3274,102.999812049618,22.6383656852558,SSP245,2080,0.000719788845191527
3275,103.828465415847,22.6606829913289,SSP245,2080,0.000828148865911649
3276,104.348950652664,22.722767091343,SSP245,2080,0.000663601229940136
3278,106.782247985507,22.3665776705727,SSP245,2080,0.0444400561288677
3279,107.351531787224,22.3223862660348,SSP245,2080,0.459298534897383
3280,108.246922741308,22.3195653703174,SSP245,2080,0.150649703712223
3281,109.145307020522,22.3194756603065,SSP245,2080,0.0037039871361918
3282,110.043622304641,22.3194756603066,SSP245,2080,0.00741997919205628
3283,110.941937588761,22.3194756603065,SSP245,2080,0.00458256470223739
3284,111.84025287288,22.3194756603065,SSP245,2080,0.00527738502001574
3285,112.717104645741,22.3404322989481,SSP245,2080,0.0545777787862446
3286,113.537399181204,22.4349843153421,SSP245,2080,
3287,114.380911550424,22.552377428192,SSP245,2080,
3288,115.378089459572,22.7124266281378,SSP245,2080,0.000727059984791612
3293,120.320820294217,22.6300187239725,SSP245,2080,
3294,120.721261472319,22.4464503673936,SSP245,2080,0.00409269891931274
3343,100.335027314396,21.7203143463617,SSP245,2080,0.00192303852937148
3344,101.136271136014,21.6540831738014,SSP245,2080,0.0396807367216879
3345,101.651772131567,21.5469262642757,SSP245,2080,0.0183674818227281
3351,107.467093467528,21.789247955818,SSP245,2080,0.000900332624574007
3352,108.198178205548,21.7478314066419,SSP245,2080,0.0312484418778247
3353,109.196132495051,21.7053203815841,SSP245,2080,0.422616194043339
3354,110.082218872487,21.5190952770571,SSP245,2080,0.0720775874735393
3355,110.890736285408,21.6254148846067,SSP245,2080,0.0197118827957695
3356,111.74892674324,21.7484658164556,SSP245,2080,0.0182089777093689
3357,112.584667823715,21.7827317191694,SSP245,2080,
3366,120.843290592731,21.8933460897806,SSP245,2080,
3425,109.062996181376,21.0234111459488,SSP245,2080,
3426,110.092605600305,20.6701691550561,SSP245,2080,0.027806775212224
3497,109.324446468178,19.5856226832613,SSP245,2080,0.162697118314819
3498,110.0563915473,19.6851951804218,SSP245,2080,0.18962327040052
3499,110.734580573795,19.7239358643008,SSP245,2080,0.0715866963847304
3568,108.676978172325,19.0248936490551,SSP245,2080,0.0597849276472
3569,109.149109458957,18.9566394088086,SSP245,2080,0.469671078018101
3570,110.030552654776,18.9722941595042,SSP245,2080,0.187793028235788
3571,110.573927534664,19.1556759733639,SSP245,2080,
3641,109.256091828207,18.4105060800407,SSP245,2080,0.131393927212477
3642,109.813775472095,18.409118131092,SSP245,2080,
54,120.98934621946,53.1655657942916,SSP585,2030,0.000371130467667791
55,121.766597775951,53.2204133988419,SSP585,2030,0.00037612848275359
56,122.625962550526,53.2615170240288,SSP585,2030,0.000558832527085662
57,123.503872211582,53.2867806513094,SSP585,2030,0.00113053636122173
58,124.234533147575,53.1929084230386,SSP585,2030,0.000496310622296492
59,125.067534970276,53.1220547884351,SSP585,2030,0.000602922020016772
125,120.201065679812,52.686172327543,SSP585,2030,0.000421440880467139
126,120.844576434726,52.8132208818435,SSP585,2030,0.000390579917571965
127,121.721720998195,52.820390340621,SSP585,2030,0.000381770823373984
128,122.620036282315,52.820390340621,SSP585,2030,0.00267977414556997
129,123.518351566434,52.820390340621,SSP585,2030,0.000879505807902192
130,124.416446647668,52.8202403435421,SSP585,2030,0.000801369670850316
131,125.28164631535,52.8005737429746,SSP585,2030,0.000645377133803748
132,125.869886774161,52.6803504259881,SSP585,2030,0.000855123498216814
197,120.067097887072,52.5451834148273,SSP585,2030,0.000397864809121629
198,120.968340417924,52.2812213666407,SSP585,2030,0.000514461296957536
199,121.721720998195,52.274134035273,SSP585,2030,0.00164027737649453
200,122.620036282315,52.274134035273,SSP585,2030,0.000550107579868286
201,123.518351566434,52.274134035273,SSP585,2030,0.000914036547821295
202,124.416666850554,52.274134035273,SSP585,2030,0.000762104858955892
203,125.314982134673,52.274134035273,SSP585,2030,0.000715427752105313
204,126.039464540426,52.2416405198819,SSP585,2030,0.000663378600021858
269,120.217755654577,51.5814892348358,SSP585,2030,0.000480823716934697
270,120.848137852535,51.704730306573,SSP585,2030,0.0025222604843439
271,121.721720998195,51.7210618695902,SSP585,2030,0.00157826542029538
272,122.620036282315,51.7210618695902,SSP585,2030,0.000899033419573425
273,123.518351566434,51.7210618695902,SSP585,2030,0.000964313949939344
274,124.416666850554,51.7210618695902,SSP585,2030,0.00122812436315034
275,125.314982134673,51.7210618695902,SSP585,2030,0.000784665236298721
276,126.170400509542,51.7017618694339,SSP585,2030,0.00094764034077921
277,126.709879883934,51.4945263196956,SSP585,2030,0.000813162013445279
341,120.052672960567,51.1281229030947,SSP585,2030,0.00221361964338762
342,120.823405714076,51.1611409828537,SSP585,2030,0.00167736609757141
343,121.721720998195,51.1611409828537,SSP585,2030,0.00396886653591255
344,122.620036282315,51.1611409828537,SSP585,2030,0.000754524479598784
345,123.518351566434,51.1611409828537,SSP585,2030,0.000855279741496129
346,124.416666850554,51.1611409828537,SSP585,2030,0.000744369882923146
347,125.314982134673,51.1611409828537,SSP585,2030,0.00202971541931651
348,126.213297418793,51.1611409828537,SSP585,2030,0.000801181418293218
349,126.794002975364,51.1063729353377,SSP585,2030,0.00079329344324397
412,119.343388779203,50.476249202058,SSP585,2030,0.00111553081817428
413,119.925453215316,50.5941192066292,SSP585,2030,0.00225956332026556
414,120.823405714076,50.5943407078584,SSP585,2030,0.00484782852542021
415,121.721720998195,50.5943407078585,SSP585,2030,0.0157376208216796
416,122.620036282315,50.5943407078584,SSP585,2030,0.00114323534780481
417,123.518351566434,50.5943407078585,SSP585,2030,0.000875536171122016
418,124.416666850554,50.5943407078585,SSP585,2030,0.00199224112885854
419,125.314982134673,50.5943407078585,SSP585,2030,0.000922867008270711
420,126.213297418793,50.5943407078585,SSP585,2030,0.000921837749321419
421,126.964999554068,50.5798376124154,SSP585,2030,0.000915804197772818
481,116.711274531013,49.77390874873,SSP585,2030,0.000490859832742774
482,116.834034981637,49.7553445255093,SSP585,2030,0.000482422811431627
483,118.469695477319,49.7918715903298,SSP585,2030,0.000552780624024196
484,119.132454390713,49.9209814543472,SSP585,2030,0.00734870675614596
485,119.925090429956,50.0206326773674,SSP585,2030,0.011674277038194
486,120.823405714076,50.0206326773673,SSP585,2030,0.000841286969274546
487,121.721720998195,50.0206326773674,SSP585,2030,0.00192443905406514
488,122.620036282315,50.0206326773673,SSP585,2030,0.000743607202115748
489,123.518351566434,50.0206326773674,SSP585,2030,0.000863040070218868
490,124.416666850554,50.0206326773673,SSP585,2030,0.000810507094426205
491,125.314982134673,50.0206326773674,SSP585,2030,0.00098333715832688
492,126.213297418793,50.0206326773673,SSP585,2030,0.000953290087193581
493,127.071793365452,50.0151123819584,SSP585,2030,0.000971991791433258
494,127.570463755481,49.7388191656239,SSP585,2030,0.000924053164478966
521,87.7091892693464,49.1515402210725,SSP585,2030,0.000486336764663364
553,116.572765545186,49.3853507424718,SSP585,2030,0.000469917701564127
554,117.198954478699,49.4001066010845,SSP585,2030,0.00614586995896371
555,118.165290837583,49.4066779423352,SSP585,2030,0.00409766566103864
556,119.026775145837,49.4399909322379,SSP585,2030,0.00689006161234029
557,119.925090429956,49.4399909322379,SSP585,2030,0.0515636171876461
558,120.823405714076,49.4399909322379,SSP585,2030,0.00414339680217457
559,121.721720998195,49.4399909322379,SSP585,2030,0.237260027645273
560,122.620036282315,49.4399909322379,SSP585,2030,0.00217251218991055
561,123.518351566434,49.4399909322379,SSP585,2030,0.00170604838638955
562,124.416666850554,49.4399909322379,SSP585,2030,0.00100598664034923
563,125.314982134673,49.4399909322379,SSP585,2030,0.00301280405837645
564,126.213297418793,49.4399909322379,SSP585,2030,0.00100391879497541
565,127.111612702912,49.4399909322379,SSP585,2030,0.000911536238018318
566,127.98718532064,49.3623581966388,SSP585,2030,0.000907521128857058
567,128.831379265101,49.3034455231243,SSP585,2030,0.000831056166282762
568,129.488923343649,49.2420104228533,SSP585,2030,0.000805811447907812
592,86.9202945882899,48.8163648995094,SSP585,2030,0.0381870333683982
593,87.5175865543879,48.8189026350264,SSP585,2030,0.0117664944980456
624,115.85369488121,48.5865829278789,SSP585,2030,0.00053243206236564
625,116.39445686148,48.831778041997,SSP585,2030,0.000719142802575679
626,117.230144577598,48.8523920310858,SSP585,2030,0.00594171658368325
627,118.128459861717,48.8523920310858,SSP585,2030,0.00085771246684796
628,119.026775145837,48.8523920310858,SSP585,2030,0.0041300639311348
629,119.925090429956,48.8523920310858,SSP585,2030,0.00799103165386439
630,120.823405714076,48.8523920310858,SSP585,2030,0.00571013944686005
631,121.721720998195,48.8523920310858,SSP585,2030,0.000924204516905336
632,122.620036282315,48.8523920310858,SSP585,2030,0.000935307751261716
633,123.518351566434,48.8523920310858,SSP585,2030,0.00129452869188551
634,124.416666850554,48.8523920310858,SSP585,2030,0.00126937674269934
635,125.314982134673,48.8523920310858,SSP585,2030,0.00236517719887241
636,126.213297418793,48.8523920310858,SSP585,2030,0.0016585679901624
637,127.111612702912,48.8523920310858,SSP585,2030,0.00100978728286927
638,128.009927987032,48.8523920310858,SSP585,2030,0.000814698252086132
639,128.908243271151,48.8523920310858,SSP585,2030,0.000773348999937529
640,129.75001917565,48.8148712474288,SSP585,2030,0.00262392025664304
641,130.410048953189,48.71833618111,SSP585,2030,0.000858535129408589
663,85.9139404436413,48.1661656374963,SSP585,2030,0.00684794983676651
664,86.7048538340238,48.24460805052,SSP585,2030,0.205728621467663
665,87.5854669535804,48.2576294146869,SSP585,2030,0.0251257634644835
666,88.3705260671709,48.1766476271419,SSP585,2030,0.00721161870060127
667,89.2463380726373,47.9857316877949,SSP585,2030,0.000605789986557248
696,115.740599914767,48.1790012201688,SSP585,2030,0.000910056426466244
697,116.331829293478,48.2578151613334,SSP585,2030,0.00048069029024822
698,117.230144577598,48.2578151613334,SSP585,2030,0.00241085879618175
699,118.13011213289,48.2733226343002,SSP585,2030,0.00180295868393943
700,119.026775145837,48.2578151613334,SSP585,2030,0.000773578329066882
701,119.925090429956,48.2578151613334,SSP585,2030,0.000895734377114765
702,120.823405714076,48.2578151613334,SSP585,2030,0.000895227936057341
703,121.721720998195,48.2578151613334,SSP585,2030,0.000726525971399883
704,122.620036282315,48.2578151613334,SSP585,2030,0.00185578633921146
705,123.518351566434,48.2578151613334,SSP585,2030,0.00163305419584336
706,124.416666850554,48.2578151613334,SSP585,2030,0.00184622996029038
707,125.314982134673,48.2578151613334,SSP585,2030,0.000836076607897418
708,126.213297418793,48.2578151613334,SSP585,2030,0.00115127357600764
709,127.111612702912,48.2578151613334,SSP585,2030,0.000863331601840378
710,128.009927987032,48.2578151613334,SSP585,2030,0.0018071733295334
711,128.908243271151,48.2578151613334,SSP585,2030,0.00540275592797013
712,129.806558555271,48.2578151613334,SSP585,2030,0.00247943108499571
713,130.477617167769,48.2559764356194,SSP585,2030,0.000808803689977045
715,132.899793063143,47.9733221656625,SSP585,2030,0.000827442120101329
716,133.481662555861,48.0495881915785,SSP585,2030,0.00124315050341051
717,134.264868847672,48.1579412262461,SSP585,2030,0.00191941862083267
718,134.863543647366,48.3538447960947,SSP585,2030,0.000804631477729467
735,85.9058128763012,47.6648905617173,SSP585,2030,0.00931439586817617
736,86.6874249175338,47.6562422514796,SSP585,2030,0.118472149835006
737,87.5857402016534,47.6562422514796,SSP585,2030,0.0749341548766843
738,88.4840554857729,47.6562422514796,SSP585,2030,0.162311337891977
739,89.3688027335583,47.6470389607416,SSP585,2030,0.000548625202967945
740,90.0896256775331,47.5522301592798,SSP585,2030,0.000589249469436837
768,115.742960922916,47.8573574112534,SSP585,2030,0.000865784977407524
769,116.242724460058,47.8813254246438,SSP585,2030,0.000558749001726699
770,117.253385819125,47.8491485644781,SSP585,2030,0.000478828301557099
771,118.234383493322,47.9444967142522,SSP585,2030,0.000544091545104153
772,119.144935197998,47.7461877501696,SSP585,2030,0.0023879120699547
773,119.925090429956,47.6562422514796,SSP585,2030,0.00163632375827161
774,120.823405714076,47.6562422514796,SSP585,2030,0.00138559755712309
775,121.721720998195,47.6562422514796,SSP585,2030,0.00131471678601325
776,122.620036282315,47.6562422514796,SSP585,2030,0.00168647967843061
777,123.518351566434,47.6562422514796,SSP585,2030,0.0208549876028975
778,124.416666850554,47.6562422514796,SSP585,2030,0.00213897884976066
779,125.314982134673,47.6562422514796,SSP585,2030,0.000972354121796859
780,126.213297418793,47.6562422514796,SSP585,2030,0.000912998442240909
781,127.111612702912,47.6562422514796,SSP585,2030,0.00115688015020998
782,128.009927987032,47.6562422514796,SSP585,2030,0.000741759047892532
783,128.908243271151,47.6562422514796,SSP585,2030,0.00255833968152641
784,129.806558555271,47.6562422514796,SSP585,2030,0.00130262585913976
785,130.648852643266,47.6230947207924,SSP585,2030,0.00100079741468928
786,131.589570707117,47.5189403775607,SSP585,2030,0.000877324510443645
787,132.560679800733,47.5906497215057,SSP585,2030,0.00124755110485608
788,133.399819691749,47.6562422514796,SSP585,2030,0.000865874722064453
789,134.22058328802,47.671576188675,SSP585,2030,0.000853645975701478
804,83.1954396533843,46.9248112568598,SSP585,2030,0.0201619742336828
805,83.9825645471563,46.8576473432864,SSP585,2030,0.033197448717463
806,84.9135394220077,46.8595437220095,SSP585,2030,0.00315227399667384
807,85.8462850827722,47.0177993100224,SSP585,2030,0.0482005898818534
808,86.6874249175338,47.0476580844109,SSP585,2030,0.0274658380573529
809,87.5857402016533,47.0476580844109,SSP585,2030,0.202912676037429
810,88.4840554857729,47.0476580844109,SSP585,2030,0.0267349111944972
811,89.3823707698924,47.0476580844109,SSP585,2030,0.00698327585598635
812,90.2402545961506,47.02754482209,SSP585,2030,0.00241121485375784
813,90.821609325153,46.839788193661,SSP585,2030,0.00149326881146972
844,119.417442796296,47.2978021972506,SSP585,2030,0.000724123223787565
845,120.035341980555,47.0853409027756,SSP585,2030,0.00499162801797348
846,120.823405714076,47.0476580844109,SSP585,2030,0.00109876095478212
847,121.721720998195,47.0476580844109,SSP585,2030,0.000711174141362569
848,122.620036282315,47.0476580844109,SSP585,2030,0.000860836744152826
849,123.518351566434,47.0476580844109,SSP585,2030,0.00920328230010614
850,124.416666850554,47.0476580844109,SSP585,2030,0.0392913146338162
851,125.314982134673,47.0476580844109,SSP585,2030,0.00153458583007793
852,126.213297418793,47.0476580844109,SSP585,2030,0.00102672727962227
853,127.111612702912,47.0476580844109,SSP585,2030,0.000978376743813736
854,128.009927987032,47.0476580844109,SSP585,2030,0.0010980150090254
855,128.908243271151,47.0476580844109,SSP585,2030,0.0130158539040691
856,129.806558555271,47.0476580844109,SSP585,2030,0.00129706228670901
857,130.70487383939,47.0476580844109,SSP585,2030,0.00187616019999037
858,131.60318912351,47.0476580844109,SSP585,2030,0.00157248900289819
859,132.501504407629,47.0476580844109,SSP585,2030,0.000770857772580347
860,133.399819691749,47.0476580844109,SSP585,2030,0.00118046281282813
861,133.976514896106,47.0990881560482,SSP585,2030,0.000774639630961582
875,82.5864580400594,46.2200896094133,SSP585,2030,0.000680452521541697
876,83.1104393169426,46.424295443549,SSP585,2030,0.0337918529726328
877,83.9924790651753,46.4320504115606,SSP585,2030,0.0638665051927581
878,84.8907943492948,46.4320504115606,SSP585,2030,0.00164938509499679
879,85.7891096334143,46.4320504115606,SSP585,2030,0.0611415120975992
880,86.6874249175338,46.4320504115606,SSP585,2030,0.000501301950140864
881,87.5857402016533,46.4320504115606,SSP585,2030,0.00108479341595236
882,88.4840554857729,46.4320504115606,SSP585,2030,0.000843435771079815
883,89.3823707698924,46.4320504115606,SSP585,2030,0.00257704497258005
884,90.2806860540119,46.4320504115606,SSP585,2030,0.00590096396232054
885,90.8529326169999,46.4570364332891,SSP585,2030,0.0156847338429984
913,116.624950112389,46.2109749385944,SSP585,2030,0.000638127040450631
914,117.298604040098,46.2912349368042,SSP585,2030,0.000542123441496401
915,118.159114464416,46.3879039558282,SSP585,2030,0.000661963140493271
916,119.008821423464,46.3971338258893,SSP585,2030,0.00160855426018847
917,119.949979796371,46.409367537793,SSP585,2030,0.00113663534430963
918,120.823405714076,46.4320504115606,SSP585,2030,0.00120125075535382
919,121.721720998195,46.4320504115606,SSP585,2030,0.000825153098769182
920,122.620036282315,46.4320504115606,SSP585,2030,0.00250378278129637
921,123.518351566434,46.4320504115606,SSP585,2030,0.00263115512537759
922,124.416666850554,46.4320504115606,SSP585,2030,0.00602602409931319
923,125.314982134673,46.4320504115606,SSP585,2030,0.013682183808958
924,126.213297418793,46.4320504115606,SSP585,2030,0.000903090536074735
925,127.111612702912,46.4320504115606,SSP585,2030,0.000989340907877612
926,128.009927987032,46.4320504115606,SSP585,2030,0.000971600514045323
927,128.908243271151,46.4320504115606,SSP585,2030,0.00197715016117506
928,129.806558555271,46.4320504115606,SSP585,2030,0.000754916746503853
929,130.70487383939,46.4320504115606,SSP585,2030,0.00115526954417977
930,131.60318912351,46.4320504115606,SSP585,2030,0.00103002343034309
931,132.501504407629,46.4320504115606,SSP585,2030,0.0014741371080419
932,133.389053099742,46.4374325074708,SSP585,2030,0.000809773936879754
933,133.896669596222,46.6427376126053,SSP585,2030,0.000805719194393428
947,82.489698890592,45.7739902536515,SSP585,2030,0.00174843712666639
948,83.0941637810557,45.8094100677068,SSP585,2030,0.0025424047004694
949,83.9924790651753,45.8094100677068,SSP585,2030,0.0022721213900343
950,84.8907943492948,45.8094100677068,SSP585,2030,0.0517592280392072
951,85.7891096334143,45.8094100677068,SSP585,2030,0.029940868456413
952,86.6874249175338,45.8094100677068,SSP585,2030,0.000468386237898799
953,87.5857402016533,45.8094100677068,SSP585,2030,0.00140293779040812
954,88.4840554857729,45.8094100677068,SSP585,2030,0.000406116002741652
955,89.3823707698924,45.8094100677068,SSP585,2030,0.00088316194898852
956,90.2695569077331,45.814686522634,SSP585,2030,0.000741742117175703
957,90.8288417443276,45.9987771619666,SSP585,2030,0.000408175937386956
984,115.809621293604,45.5400507832078,SSP585,2030,0.00139996776691087
985,116.434159903514,45.7684662849873,SSP585,2030,0.000856523336707493
986,117.230144577598,45.8094100677068,SSP585,2030,0.00140334680801923
987,118.128459861717,45.8094100677068,SSP585,2030,0.00113425283171098
988,119.026775145837,45.8094100677068,SSP585,2030,0.00137009389537512
989,119.925090429956,45.8094100677068,SSP585,2030,0.00163680239671804
990,120.823405714076,45.8094100677068,SSP585,2030,0.000717750274208173
991,121.721720998195,45.8094100677068,SSP585,2030,0.00273264641654913
992,122.620036282315,45.8094100677068,SSP585,2030,0.00243230884294254
993,123.518351566434,45.8094100677068,SSP585,2030,0.00198859915362559
994,124.416666850554,45.8094100677068,SSP585,2030,0.00163459777674113
995,125.314982134673,45.8094100677068,SSP585,2030,0.00141514615526062
996,126.213297418793,45.8094100677068,SSP585,2030,0.19986773480549
997,127.111612702912,45.8094100677068,SSP585,2030,0.0405879794567248
998,128.009927987032,45.8094100677068,SSP585,2030,0.000953223052795216
999,128.908243271151,45.8094100677068,SSP585,2030,0.000956596651086272
1000,129.806558555271,45.8094100677068,SSP585,2030,0.000826359470864513
1001,130.70487383939,45.8094100677068,SSP585,2030,0.00459542431542159
1002,131.60318912351,45.8094100677068,SSP585,2030,0.000634648409229888
1003,132.501504407629,45.8094100677068,SSP585,2030,0.000675764890871733
1004,133.233182127971,45.8607042493194,SSP585,2030,0.000535706036755901
1016,79.9363938972813,44.9066047477668,SSP585,2030,0.000827750535591698
1017,80.4564404704518,44.9712759932945,SSP585,2030,0.000823564141456679
1018,81.3471555017718,45.0528063060372,SSP585,2030,0.0021970374602992
1019,82.2140548287345,45.0946694965179,SSP585,2030,0.00571899043953106
1020,83.0941637810557,45.1797310861844,SSP585,2030,0.000829706418414622
1021,83.9924790651753,45.1797310861844,SSP585,2030,0.00325200889598942
1022,84.8907943492948,45.1797310861844,SSP585,2030,0.0503395445805048
1023,85.7891096334143,45.1797310861844,SSP585,2030,0.00087476163778899
1024,86.6874249175338,45.1797310861844,SSP585,2030,0.000607157073724052
1025,87.5857402016533,45.1797310861844,SSP585,2030,0.00264913584623838
1026,88.4840554857729,45.1797310861844,SSP585,2030,0.000498753023689402
1027,89.3823707698924,45.1797310861844,SSP585,2030,0.00423375166919981
1028,90.2800829501215,45.1793106464764,SSP585,2030,0.000902476792222662
1029,91.1194345968524,45.0364794852579,SSP585,2030,0.000847754927655209
1030,92.0417781335629,44.9627999803671,SSP585,2030,0.000414451924901971
1031,92.9584517272128,44.9452867559723,SSP585,2030,0.000402013392321821
1032,93.5464982617403,44.9115270827412,SSP585,2030,0.000452803173461414
1052,112.010960226976,44.9572125033315,SSP585,2030,0.000825138508118495
1053,112.434486393606,44.939557062824,SSP585,2030,0.000885488584785543
1054,113.990734958105,44.9006753118312,SSP585,2030,0.00124532485601325
1055,114.618557263157,45.0954099368791,SSP585,2030,0.00223223477149392
1056,115.452379275369,45.1497868782039,SSP585,2030,0.00154683195297356
1057,116.331829293478,45.1797310861844,SSP585,2030,0.00270795787632738
1058,117.230144577598,45.1797310861844,SSP585,2030,0.00133110295211547
1059,118.128459861717,45.1797310861844,SSP585,2030,0.000641931357987735
1060,119.026775145837,45.1797310861844,SSP585,2030,0.000772790307735138
1061,119.925090429956,45.1797310861844,SSP585,2030,0.000845449374786145
1062,120.823405714076,45.1797310861844,SSP585,2030,0.000756880417436046
1063,121.721720998195,45.1797310861844,SSP585,2030,0.00154618853961974
1064,122.620036282315,45.1797310861844,SSP585,2030,0.0128686750882497
1065,123.518351566434,45.1797310861844,SSP585,2030,0.00227176624836067
1066,124.416666850554,45.1797310861844,SSP585,2030,0.0123701976406437
1067,125.314982134673,45.1797310861844,SSP585,2030,0.000869692966457003
1068,126.213297418793,45.1797310861844,SSP585,2030,0.0037253368840211
1069,127.111612702912,45.1797310861844,SSP585,2030,0.00389837697874529
1070,128.009927987032,45.1797310861844,SSP585,2030,0.00495525573327715
1071,128.908243271151,45.1797310861844,SSP585,2030,0.000865885365108565
1072,129.806558555271,45.1797310861844,SSP585,2030,0.000861812364447157
1073,130.699693229755,45.1837349789964,SSP585,2030,0.00127250379985311
1074,131.511355856558,45.2733694799337,SSP585,2030,0.000480808463124927
1075,132.539464402326,45.3003609509092,SSP585,2030,0.00108652256051156
1076,133.015704468497,45.2952727602257,SSP585,2030,0.0005017383651027
1088,79.9436488587448,44.8526351994795,SSP585,2030,0.000827750535591698
1089,80.5706542667929,44.5815399614433,SSP585,2030,0.00117933819401994
1090,81.2975332128167,44.5430108142727,SSP585,2030,0.0332837106730015
1091,82.1958484969362,44.5430108142727,SSP585,2030,0.00159265495645777
1092,83.0941637810557,44.5430108142727,SSP585,2030,0.00446819771479612
1093,83.9924790651753,44.5430108142727,SSP585,2030,0.00205866068468941
1094,84.8907943492948,44.5430108142727,SSP585,2030,0.084241750869746
1095,85.7891096334143,44.5430108142727,SSP585,2030,0.162610814888647
1096,86.6874249175338,44.5430108142727,SSP585,2030,0.00884306792688339
1097,87.5857402016533,44.5430108142727,SSP585,2030,0.06961814887645
1098,88.4840554857729,44.5430108142727,SSP585,2030,0.00140044743386569
1099,89.3823707698924,44.5430108142727,SSP585,2030,0.000701166682291698
1100,90.2806860540119,44.5430108142727,SSP585,2030,0.000624157308213524
1101,91.1790013381314,44.5430108142727,SSP585,2030,0.000613624332912233
1102,92.077316622251,44.5430108142727,SSP585,2030,0.000386896236010514
1103,92.9756319063705,44.5430108142727,SSP585,2030,0.000691949787430368
1104,93.8402729088573,44.513471030713,SSP585,2030,0.000461043365517777
1105,94.6153384661333,44.3328496760139,SSP585,2030,0.000484299353545437
1106,95.30953572512,44.2619661087531,SSP585,2030,0.000482786663305479
1124,111.895110475411,44.5287576899889,SSP585,2030,0.0006818420436564
1125,112.72877469682,44.533244994128,SSP585,2030,0.00117324388421824
1126,113.652927758688,44.5158677912215,SSP585,2030,0.00142225925453809
1127,114.535198725239,44.5430108142727,SSP585,2030,0.00252366150210615
1128,115.433514009359,44.5430108142727,SSP585,2030,0.00250568659608108
1129,116.331829293478,44.5430108142727,SSP585,2030,0.00126036056130818
1130,117.230144577598,44.5430108142727,SSP585,2030,0.00122434912880454
1131,118.128459861717,44.5430108142727,SSP585,2030,0.00106418846906964
1132,119.026775145837,44.5430108142727,SSP585,2030,0.00133510466799325
1133,119.925090429956,44.5430108142727,SSP585,2030,0.00102372410860085
1134,120.823405714076,44.5430108142727,SSP585,2030,0.000834485137106378
1135,121.721720998195,44.5430108142727,SSP585,2030,0.000938058299676414
1136,122.620036282315,44.5430108142727,SSP585,2030,0.00108197393337739
1137,123.518351566434,44.5430108142727,SSP585,2030,0.00119938350367033
1138,124.416666850554,44.5430108142727,SSP585,2030,0.0047515479229352
1139,125.314982134673,44.5430108142727,SSP585,2030,0.0023663056381974
1140,126.213297418793,44.5430108142727,SSP585,2030,0.00162226286476363
1141,127.111612702912,44.5430108142727,SSP585,2030,0.00140106520323935
1142,128.009927987032,44.5430108142727,SSP585,2030,0.00149638691705334
1143,128.908243271151,44.5430108142727,SSP585,2030,0.00277553158412913
1144,129.806558555271,44.5430108142727,SSP585,2030,0.00523150275183393
1145,130.672759861699,44.5283973535412,SSP585,2030,0.000779456005691404
1146,131.172650604186,44.2763016588904,SSP585,2030,0.000507057430983338
1161,80.6755289831368,43.9406838257672,SSP585,2030,0.0136945983116092
1162,81.2975332128167,43.8992500285015,SSP585,2030,0.0359227570131186
1163,82.1958484969362,43.8992500285015,SSP585,2030,0.00578015692271838
1164,83.0941637810557,43.8992500285015,SSP585,2030,0.0104210299873553
1165,83.9924790651753,43.8992500285015,SSP585,2030,0.0185847273521592
1166,84.8907943492948,43.8992500285015,SSP585,2030,0.0166754813091293
1167,85.7891096334143,43.8992500285015,SSP585,2030,0.112170134888765
1168,86.6874249175338,43.8992500285015,SSP585,2030,0.00510075895566453
1169,87.5857402016533,43.8992500285015,SSP585,2030,0.3295555992358
1170,88.4840554857729,43.8992500285015,SSP585,2030,0.00987737663772636
1171,89.3823707698924,43.8992500285015,SSP585,2030,0.00162477297951413
1172,90.2806860540119,43.8992500285015,SSP585,2030,0.000904710417341636
1173,91.1790013381314,43.8992500285015,SSP585,2030,0.000443304940137002
1174,92.077316622251,43.8992500285015,SSP585,2030,0.000522986251261903
1175,92.9756319063705,43.8992500285015,SSP585,2030,0.00292475920845281
1176,93.87394719049,43.8992500285015,SSP585,2030,0.000394834016872681
1177,94.7722624746095,43.8992500285015,SSP585,2030,0.000428175971389111
1178,95.4144637873526,43.8172689954224,SSP585,2030,0.000446487917257321
1196,111.997167349209,43.9341148912802,SSP585,2030,0.0015399228459998
1197,112.738568157,43.8992500285015,SSP585,2030,0.00118319726382798
1198,113.636883441119,43.8992500285015,SSP585,2030,0.001142905236029
1199,114.535198725239,43.8992500285015,SSP585,2030,0.0102265059600709
1200,115.433514009358,43.8992500285015,SSP585,2030,0.00350992388903149
1201,116.331829293478,43.8992500285015,SSP585,2030,0.013928811633323
1202,117.230144577598,43.8992500285015,SSP585,2030,0.00688193473476073
1203,118.128459861717,43.8992500285015,SSP585,2030,0.00175344396556787
1204,119.026775145837,43.8992500285015,SSP585,2030,0.00118458357447282
1205,119.925090429956,43.8992500285015,SSP585,2030,0.0027621054623852
1206,120.823405714076,43.8992500285015,SSP585,2030,0.00130749408722364
1207,121.721720998195,43.8992500285015,SSP585,2030,0.000982986362544347
1208,122.620036282315,43.8992500285015,SSP585,2030,0.00228070354988474
1209,123.518351566434,43.8992500285015,SSP585,2030,0.00281715542545669
1210,124.416666850554,43.8992500285015,SSP585,2030,0.00259846198826419
1211,125.314982134673,43.8992500285015,SSP585,2030,0.249034904960616
1212,126.213297418793,43.8992500285015,SSP585,2030,0.0450556287336239
1213,127.111612702912,43.8992500285015,SSP585,2030,0.00618110499665314
1214,128.009927987032,43.8992500285015,SSP585,2030,0.00143332417584074
1215,128.908243271151,43.8992500285015,SSP585,2030,0.00495585067865767
1216,129.806558555271,43.8992500285015,SSP585,2030,0.000761495553469382
1217,130.704582630247,43.8993103095403,SSP585,2030,0.000520762861948687
1218,131.186676988833,44.0503076834506,SSP585,2030,0.0005034446802894
1233,80.7030751081177,43.1562486557851,SSP585,2030,0.00101086668009087
1234,81.2975332128167,43.248453049607,SSP585,2030,0.0167650348286372
1235,82.1958484969362,43.248453049607,SSP585,2030,0.0200001607248641
1236,83.0941637810557,43.248453049607,SSP585,2030,0.0397414820877817
1237,83.9924790651753,43.248453049607,SSP585,2030,0.041208624126869
1238,84.8907943492948,43.248453049607,SSP585,2030,0.00603606543273993
1239,85.7891096334143,43.248453049607,SSP585,2030,0.00178243323077731
1240,86.6874249175338,43.248453049607,SSP585,2030,0.00382764960746118
1241,87.5857402016533,43.248453049607,SSP585,2030,0.141442013905136
1242,88.4840554857729,43.248453049607,SSP585,2030,0.00510241526435795
1243,89.3823707698924,43.248453049607,SSP585,2030,0.00284822005549268
1244,90.2806860540119,43.248453049607,SSP585,2030,0.000866926018426861
1245,91.1790013381314,43.248453049607,SSP585,2030,0.000706634183678112
1246,92.077316622251,43.248453049607,SSP585,2030,0.000917843833628584
1247,92.9756319063705,43.248453049607,SSP585,2030,0.000650561241370973
1248,93.87394719049,43.248453049607,SSP585,2030,0.00257499997134458
1249,94.7722624746095,43.248453049607,SSP585,2030,0.000993963068322778
1250,95.5933874791401,43.2155213017952,SSP585,2030,0.000449712964022631
1251,96.1858805876544,42.9701353819985,SSP585,2030,0.000461978436386734
1267,111.07658365322,43.1252903048484,SSP585,2030,0.00098062298633983
1268,111.851925386763,43.2390308010058,SSP585,2030,0.00183606124328284
1269,112.738568157,43.248453049607,SSP585,2030,0.00116854090258745
1270,113.636883441119,43.248453049607,SSP585,2030,0.00109376408245621
1271,114.535198725239,43.248453049607,SSP585,2030,0.00780195183512999
1272,115.433514009359,43.248453049607,SSP585,2030,0.00585128272759361
1273,116.331829293478,43.248453049607,SSP585,2030,0.0121237108334883
1274,117.230144577598,43.248453049607,SSP585,2030,0.00612110838764768
1275,118.128459861717,43.248453049607,SSP585,2030,0.0014855266073609
1276,119.026775145837,43.248453049607,SSP585,2030,0.00316449519133566
1277,119.925090429956,43.248453049607,SSP585,2030,0.000721113217193925
1278,120.823405714076,43.248453049607,SSP585,2030,0.000759885256494508
1279,121.721720998195,43.248453049607,SSP585,2030,0.000910820201477369
1280,122.620036282315,43.248453049607,SSP585,2030,0.000810600703283981
1281,123.518351566434,43.248453049607,SSP585,2030,0.019831906298762
1282,124.416666850554,43.2484530496071,SSP585,2030,0.00325606347493301
1283,125.314982134673,43.248453049607,SSP585,2030,0.00770389110261005
1284,126.213297418793,43.248453049607,SSP585,2030,0.00223669769181845
1285,127.111612702912,43.248453049607,SSP585,2030,0.00109907865427916
1286,128.009927987032,43.248453049607,SSP585,2030,0.00188910196764447
1287,128.908243271151,43.248453049607,SSP585,2030,0.000580541474260454
1288,129.802811080537,43.2568013608888,SSP585,2030,0.00149207294878917
1289,130.689203399301,43.25753161573,SSP585,2030,0.00985051368452372
1290,131.180801633405,43.3955850213517,SSP585,2030,0.000490836622695112
1305,80.5331240840171,42.570150221232,SSP585,2030,0.00847869892362474
1306,81.2975332128167,42.5906278568488,SSP585,2030,0.00252233761195542
1307,82.1958484969362,42.5906278568488,SSP585,2030,0.00186795608337897
1308,83.0941637810557,42.5906278568488,SSP585,2030,0.0034183996167948
1309,83.9924790651753,42.5906278568488,SSP585,2030,0.0107889462998393
1310,84.8907943492948,42.5906278568488,SSP585,2030,0.000797318996047625
1311,85.7891096334143,42.5906278568488,SSP585,2030,0.00078709738800764
1312,86.6874249175338,42.5906278568488,SSP585,2030,0.00101297714240589
1313,87.5857402016533,42.5906278568488,SSP585,2030,0.00649462033389492
1314,88.4840554857729,42.5906278568488,SSP585,2030,0.00461485038682497
1315,89.3823707698924,42.5906278568488,SSP585,2030,0.00267787236652561
1316,90.2806860540119,42.5906278568488,SSP585,2030,0.00223137173556731
1317,91.1790013381314,42.5906278568488,SSP585,2030,0.000417622178062516
1318,92.0773166222509,42.5906278568488,SSP585,2030,0.00100075448990877
1319,92.9756319063705,42.5906278568488,SSP585,2030,0.00192175546978213
1320,93.87394719049,42.5906278568488,SSP585,2030,0.00326600497756691
1321,94.7722624746095,42.5906278568488,SSP585,2030,0.00149860298112847
1322,95.670577758729,42.5906278568489,SSP585,2030,0.000932414505734114
1323,96.5427021819796,42.5312882153912,SSP585,2030,0.000534452460725254
1324,97.4502289847477,42.5031340987946,SSP585,2030,0.000469448134030048
1325,98.3526296825811,42.4483079839519,SSP585,2030,0.000496495435522437
1326,99.2565830108415,42.4190381688162,SSP585,2030,0.000497742269999768
1327,100.178702434497,42.4533079720676,SSP585,2030,0.000597092460582482
1328,101.023852221463,42.4373705560413,SSP585,2030,0.0031494061752454
1329,101.70268984272,42.3688234486571,SSP585,2030,0.000500054030323383
1334,106.887424536544,42.2624944487364,SSP585,2030,0.00113025791009647
1335,107.441645799222,42.3202655678622,SSP585,2030,0.000812288881609447
1336,108.247241899994,42.3323011677378,SSP585,2030,0.00129023250929927
1337,109.178153777824,42.3428442277352,SSP585,2030,0.00129114006416653
1338,110.098759691491,42.4796242238723,SSP585,2030,0.00114899057519369
1339,110.942232477379,42.5904115404423,SSP585,2030,0.00130243712192968
1340,111.84025287288,42.5906278568488,SSP585,2030,0.0016490192695976
1341,112.738568157,42.5906278568488,SSP585,2030,0.00180597406382288
1342,113.636883441119,42.5906278568488,SSP585,2030,0.00168621669483171
1343,114.535198725239,42.5906278568488,SSP585,2030,0.00081798771824837
1344,115.433514009358,42.5906278568488,SSP585,2030,0.00100735003418795
1345,116.331829293478,42.5906278568488,SSP585,2030,0.00462684894586929
1346,117.230144577598,42.5906278568488,SSP585,2030,0.0163959085011751
1347,118.128459861717,42.5906278568489,SSP585,2030,0.00123814085542417
1348,119.026775145837,42.5906278568488,SSP585,2030,0.0082461034106962
1349,119.925090429956,42.5906278568489,SSP585,2030,0.00116542834544464
1350,120.823405714076,42.5906278568489,SSP585,2030,0.00121034337061066
1351,121.721720998195,42.5906278568488,SSP585,2030,0.0010568651207018
1352,122.620036282315,42.5906278568488,SSP585,2030,0.00475579067520038
1353,123.518351566434,42.5906278568489,SSP585,2030,0.0108278339582459
1354,124.416666850554,42.5906278568488,SSP585,2030,0.00266220506386961
1355,125.314982134673,42.5906278568489,SSP585,2030,0.00119797751496176
1356,126.213297418793,42.5906278568488,SSP585,2030,0.000876131406870595
1357,127.111612702912,42.5906278568488,SSP585,2030,0.00232466083702565
1358,128.009927987032,42.5906278568488,SSP585,2030,0.00903318454849833
1359,128.893704673033,42.6008141799495,SSP585,2030,0.00590735383738728
1360,129.585860189338,42.6862388789742,SSP585,2030,0.0199429648907262
1361,130.482257284338,42.7738508614804,SSP585,2030,0.0827451450309182
1375,78.9813123858114,41.6228380678697,SSP585,2030,0.00102863145070475
1376,79.5959340595915,41.7445482896672,SSP585,2030,0.00109230390701764
1377,80.4251775731921,41.9070144310611,SSP585,2030,0.00324274573002437
1378,81.2975332128167,41.9257862013885,SSP585,2030,0.00126959375175884
1379,82.1958484969362,41.9257862013885,SSP585,2030,0.00466673582616317
1380,83.0941637810557,41.9257862013885,SSP585,2030,0.00707452663085961
1381,83.9924790651753,41.9257862013885,SSP585,2030,0.00122983351569494
1382,84.8907943492948,41.9257862013885,SSP585,2030,0.00152357057060448
1383,85.7891096334143,41.9257862013885,SSP585,2030,0.0169102194517441
1384,86.6874249175338,41.9257862013885,SSP585,2030,0.00683049988695839
1385,87.5857402016533,41.9257862013885,SSP585,2030,0.00129363229149504
1386,88.4840554857729,41.9257862013885,SSP585,2030,0.000692540251067464
1387,89.3823707698924,41.9257862013885,SSP585,2030,0.000466243823073698
1388,90.2806860540119,41.9257862013885,SSP585,2030,0.000674919141493646
1389,91.1790013381314,41.9257862013885,SSP585,2030,0.000680443393192398
1390,92.077316622251,41.9257862013885,SSP585,2030,0.000627441523363914
1391,92.9756319063705,41.9257862013885,SSP585,2030,0.000566966676006087
1392,93.87394719049,41.9257862013885,SSP585,2030,0.0008852466928988
1393,94.7722624746095,41.9257862013885,SSP585,2030,0.000628307979337772
1394,95.670577758729,41.9257862013885,SSP585,2030,0.000553816247151451
1395,96.5688930428485,41.9257862013885,SSP585,2030,0.000619671841255443
1396,97.4672083269681,41.9257862013885,SSP585,2030,0.000607921878936879
1397,98.3655236110876,41.9257862013885,SSP585,2030,0.000547199854518676
1398,99.2638388952071,41.9257862013885,SSP585,2030,0.000542834821444793
1399,100.162154179327,41.9257862013885,SSP585,2030,0.000529372010973916
1400,101.060469463446,41.9257862013885,SSP585,2030,0.00456505670013274
1401,101.942646001794,41.9095453364348,SSP585,2030,0.000656847995108234
1402,102.812601119577,41.831065132166,SSP585,2030,0.000587927220964901
1403,103.72746780193,41.7013626400191,SSP585,2030,0.000847318069947534
1404,104.431859190234,41.6928070641039,SSP585,2030,0.000852918653221346
1405,105.660821468978,41.7409076712434,SSP585,2030,0.000987152182262307
1406,106.48529662286,41.8786923088043,SSP585,2030,0.000976058396950252
1407,107.348676452283,41.9257862013885,SSP585,2030,0.00118865587506789
1408,108.246991736402,41.9257862013885,SSP585,2030,0.00137710763989851
1409,109.145307020522,41.9257862013885,SSP585,2030,0.00154788159569019
1410,110.043622304641,41.9257862013885,SSP585,2030,0.00151974081819839
1411,110.941937588761,41.9257862013885,SSP585,2030,0.00137388081449796
1412,111.84025287288,41.9257862013885,SSP585,2030,0.00214511332672762
1413,112.738568157,41.9257862013885,SSP585,2030,0.00784419173030493
1414,113.636883441119,41.9257862013885,SSP585,2030,0.00188254164889201
1415,114.535198725239,41.9257862013885,SSP585,2030,0.00905230861608031
1416,115.433514009359,41.9257862013885,SSP585,2030,0.011144492514677
1417,116.331829293478,41.9257862013885,SSP585,2030,0.00821180226615281
1418,117.230144577598,41.9257862013885,SSP585,2030,0.00481111899917952
1419,118.128459861717,41.9257862013885,SSP585,2030,0.00267435526504534
1420,119.026775145837,41.9257862013885,SSP585,2030,0.00392899571960326
1421,119.925090429956,41.9257862013885,SSP585,2030,0.00148650395372318
1422,120.823405714076,41.9257862013885,SSP585,2030,0.0171657371324907
1423,121.721720998195,41.9257862013885,SSP585,2030,0.00683544275514691
1424,122.620036282315,41.9257862013885,SSP585,2030,0.0112795939625282
1425,123.518351566434,41.9257862013885,SSP585,2030,0.488851026848734
1426,124.416666850554,41.9257862013885,SSP585,2030,0.0268032988448391
1427,125.314982134673,41.9257862013885,SSP585,2030,0.00414718523228497
1428,126.212413105333,41.9264251636035,SSP585,2030,0.00433568039578902
1429,127.131530251111,41.9497474286265,SSP585,2030,0.0111894359862942
1430,127.926487556897,41.9602354870851,SSP585,2030,0.0171750411326284
1431,128.757660683326,42.1461834407202,SSP585,2030,0.00079194105606939
1445,77.0314363164389,40.9712350645775,SSP585,2030,0.00105641419374014
1446,77.8144746348776,41.0199114750087,SSP585,2030,0.00102487416473751
1447,78.6404396109219,41.2081229775401,SSP585,2030,0.00125500325186079
1448,79.5009026445776,41.2539437184118,SSP585,2030,0.00191790255058299
1449,80.3992179286972,41.2539437184118,SSP585,2030,0.00967658833166885
1450,81.2975332128167,41.2539437184118,SSP585,2030,0.00143472296357572
1451,82.1958484969362,41.2539437184118,SSP585,2030,0.000919502750008516
1452,83.0941637810557,41.2539437184118,SSP585,2030,0.00201280283664751
1453,83.9924790651753,41.2539437184118,SSP585,2030,0.00721582583887925
1454,84.8907943492948,41.2539437184118,SSP585,2030,0.000842449200891271
1455,85.7891096334143,41.2539437184118,SSP585,2030,0.00459716735641158
1456,86.6874249175338,41.2539437184118,SSP585,2030,0.00650553065355519
1457,87.5857402016533,41.2539437184118,SSP585,2030,0.000950226648234964
1458,88.4840554857729,41.2539437184118,SSP585,2030,0.000668012621377945
1459,89.3823707698924,41.2539437184118,SSP585,2030,0.000606595130055121
1460,90.2806860540119,41.2539437184118,SSP585,2030,0.000562116794848633
1461,91.1790013381314,41.2539437184118,SSP585,2030,0.00128888448745468
1462,92.077316622251,41.2539437184118,SSP585,2030,0.00134265599460326
1463,92.9756319063705,41.2539437184118,SSP585,2030,0.000459937312350833
1464,93.87394719049,41.2539437184118,SSP585,2030,0.000654986216347964
1465,94.7722624746095,41.2539437184118,SSP585,2030,0.000611351925292269
1466,95.670577758729,41.2539437184118,SSP585,2030,0.00088841830023445
1467,96.5688930428485,41.2539437184118,SSP585,2030,0.000751882104789936
1468,97.4672083269681,41.2539437184118,SSP585,2030,0.000827799436319165
1469,98.3655236110876,41.2539437184118,SSP585,2030,0.000611791700606656
1470,99.2638388952071,41.2539437184118,SSP585,2030,0.000614361041093692
1471,100.162154179327,41.2539437184118,SSP585,2030,0.0057004835380664
1472,101.060469463446,41.2539437184118,SSP585,2030,0.000567507894739472
1473,101.958784747566,41.2539437184118,SSP585,2030,0.000570830347243256
1474,102.857100031685,41.2539437184118,SSP585,2030,0.000885353827930424
1475,103.755415315805,41.2539437184118,SSP585,2030,0.000846273656509355
1476,104.653021784128,41.2532779088603,SSP585,2030,0.00179875141773789
1477,105.552045884044,41.2539437184118,SSP585,2030,0.00101044930900895
1478,106.450361168163,41.2539437184118,SSP585,2030,0.000871230909517906
1479,107.348676452283,41.2539437184118,SSP585,2030,0.00156125409054442
1480,108.246991736402,41.2539437184118,SSP585,2030,0.00189527333803596
1481,109.145307020522,41.2539437184118,SSP585,2030,0.00342816371827404
1482,110.043622304641,41.2539437184118,SSP585,2030,0.00167441968875826
1483,110.941937588761,41.2539437184118,SSP585,2030,0.0029311001743958
1484,111.84025287288,41.2539437184118,SSP585,2030,0.0185686114250695
1485,112.738568157,41.2539437184118,SSP585,2030,0.00776295916811554
1486,113.636883441119,41.2539437184118,SSP585,2030,0.00670717808133414
1487,114.535198725239,41.2539437184118,SSP585,2030,0.00533215713190605
1488,115.433514009359,41.2539437184118,SSP585,2030,0.0803872731007778
1489,116.331829293478,41.2539437184118,SSP585,2030,0.024125866017976
1490,117.230144577598,41.2539437184118,SSP585,2030,0.0011460392493664
1491,118.128459861717,41.2539437184118,SSP585,2030,0.00858077271599211
1492,119.026775145837,41.2539437184118,SSP585,2030,0.00342454434240447
1493,119.925090429956,41.2539437184118,SSP585,2030,0.013605141716964
1494,120.822163757095,41.2550195371267,SSP585,2030,0.0235901040468515
1495,121.719972632914,41.2642875298532,SSP585,2030,0.0912475717902511
1496,122.620036282315,41.2539437184118,SSP585,2030,0.0233307229348306
1497,123.518351566434,41.2539437184118,SSP585,2030,0.0738564662930472
1498,124.416666850554,41.2539437184118,SSP585,2030,0.00866493567291882
1499,125.314982134673,41.2539437184118,SSP585,2030,0.00122432866161637
1500,126.084041655184,41.3199422813251,SSP585,2030,0.00189150636164515
1501,127.372353444627,41.5264493227708,SSP585,2030,0.000820752329349972
1502,127.895481934282,41.4968124141756,SSP585,2030,0.000988895622150099
1515,75.1271582199641,40.3521889033288,SSP585,2030,0.00156010272282636
1516,75.8227459082286,40.3569746511942,SSP585,2030,0.00133844791128768
1517,76.9010004417236,40.5382763445894,SSP585,2030,0.00100503791809547
1518,77.7042720763386,40.5751200376639,SSP585,2030,0.00142998184425847
1519,78.6025873604581,40.5751200376639,SSP585,2030,0.000945394042531245
1520,79.5009026445776,40.5751200376639,SSP585,2030,0.00174610890689608
1521,80.3992179286972,40.5751200376639,SSP585,2030,0.00179207843521823
1522,81.2975332128167,40.5751200376639,SSP585,2030,0.00335700471291323
1523,82.1958484969362,40.5751200376639,SSP585,2030,0.00109687758029442
1524,83.0941637810557,40.5751200376639,SSP585,2030,0.000796734126325527
1525,83.9924790651753,40.5751200376639,SSP585,2030,0.000714619798740213
1526,84.8907943492948,40.5751200376639,SSP585,2030,0.0010165524758895
1527,85.7891096334143,40.5751200376639,SSP585,2030,0.000911092564402471
1528,86.6874249175338,40.5751200376639,SSP585,2030,0.00169381925245005
1529,87.5857402016533,40.5751200376639,SSP585,2030,0.000889470221746791
1530,88.4840554857729,40.5751200376639,SSP585,2030,0.000725493197792693
1531,89.3823707698924,40.5751200376639,SSP585,2030,0.000729911390807803
1532,90.2806860540119,40.5751200376639,SSP585,2030,0.00138676109591607
1533,91.1790013381314,40.5751200376639,SSP585,2030,0.00280588625010503
1534,92.0773166222509,40.5751200376639,SSP585,2030,0.000996193241039056
1535,92.9756319063705,40.5751200376639,SSP585,2030,0.00230835971379362
1536,93.87394719049,40.5751200376639,SSP585,2030,0.00227414926055314
1537,94.7722624746095,40.5751200376639,SSP585,2030,0.000970073449523379
1538,95.670577758729,40.5751200376639,SSP585,2030,0.00296750908923948
1539,96.5688930428486,40.5751200376639,SSP585,2030,0.00141126577503703
1540,97.4672083269681,40.5751200376639,SSP585,2030,0.00195847701595908
1541,98.3655236110876,40.5751200376639,SSP585,2030,0.000815686726534204
1542,99.2638388952071,40.5751200376639,SSP585,2030,0.00200654072586681
1543,100.162154179327,40.5751200376639,SSP585,2030,0.000852926586933922
1544,101.060469463446,40.5751200376639,SSP585,2030,0.000690217083766154
1545,101.958784747566,40.5751200376639,SSP585,2030,0.000679646440970738
1546,102.857100031685,40.5751200376639,SSP585,2030,0.000906490873238686
1547,103.755415315805,40.5751200376639,SSP585,2030,0.000921047874102188
1548,104.653730599924,40.5751200376639,SSP585,2030,0.000837191652110048
1549,105.552045884044,40.5751200376639,SSP585,2030,0.00110657710267992
1550,106.450361168163,40.5751200376639,SSP585,2030,0.00562839524404557
1551,107.348676452283,40.5751200376639,SSP585,2030,0.0100676166720394
1552,108.246991736402,40.5751200376639,SSP585,2030,0.00260997173786715
1553,109.145307020522,40.5751200376639,SSP585,2030,0.00976218199470669
1554,110.043622304641,40.5751200376639,SSP585,2030,0.0146981210828755
1555,110.941937588761,40.5751200376639,SSP585,2030,0.00635542468188954
1556,111.84025287288,40.5751200376639,SSP585,2030,0.117405214456039
1557,112.738568157,40.5751200376639,SSP585,2030,0.00546841993652258
1558,113.636883441119,40.5751200376639,SSP585,2030,0.0103550932053139
1559,114.535198725239,40.5751200376638,SSP585,2030,0.00661110077970983
1560,115.433514009359,40.5751200376639,SSP585,2030,0.635237867084823
1561,116.331829293478,40.5751200376639,SSP585,2030,0.625547186160169
1562,117.230144577598,40.5751200376639,SSP585,2030,0.383146503198342
1563,118.128459861717,40.5751200376639,SSP585,2030,0.00296387513161445
1564,119.026775145837,40.5751200376639,SSP585,2030,0.00835973855751027
1565,119.925090429956,40.5751200376639,SSP585,2030,0.0118774612718207
1566,120.612123422316,40.684860817085,SSP585,2030,0.00734556022290944
1567,122.026119896069,40.7249288576241,SSP585,2030,
1568,122.625492920489,40.5762521857515,SSP585,2030,0.0104593235350519
1569,123.518351566434,40.5751200376639,SSP585,2030,0.00198369741230719
1570,124.393809583038,40.5932873981844,SSP585,2030,0.0139243074529776
1571,125.202784575777,40.7466398157893,SSP585,2030,0.00154963909239003
1572,125.872694377099,40.9009174161831,SSP585,2030,0.000640775221032119
1586,74.2592843866313,39.8369351596155,SSP585,2030,0.00316073282363472
1587,75.0093738458061,39.8893022926001,SSP585,2030,0.0037088005740703
1588,75.9076415080996,39.8893388920514,SSP585,2030,0.00381045606416885
1589,76.8059567922191,39.8893388920514,SSP585,2030,0.00202365515215186
1590,77.7042720763386,39.8893388920514,SSP585,2030,0.00326410155003132
1591,78.6025873604581,39.8893388920514,SSP585,2030,0.00407801780870531
1592,79.5009026445777,39.8893388920514,SSP585,2030,0.00186115027502054
1593,80.3992179286972,39.8893388920514,SSP585,2030,0.00122155411227998
1594,81.2975332128167,39.8893388920514,SSP585,2030,0.00144067495676925
1595,82.1958484969362,39.8893388920514,SSP585,2030,0.000699477066986698
1596,83.0941637810557,39.8893388920514,SSP585,2030,0.00106010400017231
1597,83.9924790651753,39.8893388920514,SSP585,2030,0.00136646525137885
1598,84.8907943492948,39.8893388920514,SSP585,2030,0.00106574531983039
1599,85.7891096334143,39.8893388920514,SSP585,2030,0.00123524259997077
1600,86.6874249175338,39.8893388920514,SSP585,2030,0.00231695646340446
1601,87.5857402016533,39.8893388920514,SSP585,2030,0.00097046479186802
1602,88.4840554857729,39.8893388920514,SSP585,2030,0.00135564534931287
1603,89.3823707698924,39.8893388920514,SSP585,2030,0.000892944223567782
1604,90.2806860540119,39.8893388920514,SSP585,2030,0.00142840968820357
1605,91.1790013381314,39.8893388920514,SSP585,2030,0.0013685789340987
1606,92.077316622251,39.8893388920514,SSP585,2030,0.00109017880538165
1607,92.9756319063705,39.8893388920514,SSP585,2030,0.0024479288093715
1608,93.87394719049,39.8893388920514,SSP585,2030,0.00552900130045697
1609,94.7722624746095,39.8893388920514,SSP585,2030,0.0176915299674363
1610,95.670577758729,39.8893388920514,SSP585,2030,0.00368711246791509
1611,96.5688930428485,39.8893388920514,SSP585,2030,0.00135629506900536
1612,97.4672083269681,39.8893388920514,SSP585,2030,0.00232744452571743
1613,98.3655236110876,39.8893388920514,SSP585,2030,0.00599498391622599
1614,99.2638388952071,39.8893388920514,SSP585,2030,0.00279470640164881
1615,100.162154179327,39.8893388920514,SSP585,2030,0.0012209988495262
1616,101.060469463446,39.8893388920514,SSP585,2030,0.00108239124087706
1617,101.958784747566,39.8893388920514,SSP585,2030,0.00102825127771811
1618,102.857100031685,39.8893388920514,SSP585,2030,0.00116162185142388
1619,103.755415315805,39.8893388920514,SSP585,2030,0.00117908818387635
1620,104.653730599924,39.8893388920514,SSP585,2030,0.00255746861629358
1621,105.552045884044,39.8893388920514,SSP585,2030,0.00129562774465186
1622,106.450361168163,39.8893388920514,SSP585,2030,0.0209108910853923
1623,107.348676452283,39.8893388920514,SSP585,2030,0.00182773224432742
1624,108.246991736402,39.8893388920514,SSP585,2030,0.00149797706818833
1625,109.145307020522,39.8893388920514,SSP585,2030,0.00258260310178804
1626,110.043622304641,39.8893388920514,SSP585,2030,0.00659338199898762
1627,110.941937588761,39.8893388920514,SSP585,2030,0.00335170730259993
1628,111.84025287288,39.8893388920514,SSP585,2030,0.00155420101482784
1629,112.738568157,39.8893388920514,SSP585,2030,0.018529349972963
1630,113.636883441119,39.8893388920514,SSP585,2030,0.0451094185758484
1631,114.535198725239,39.8893388920514,SSP585,2030,0.00797417295915914
1632,115.433514009358,39.8893388920514,SSP585,2030,0.405636947197219
1633,116.331829293478,39.8893388920515,SSP585,2030,0.99999161370677
1634,117.230144577598,39.8893388920514,SSP585,2030,0.279754194082629
1635,118.128459861717,39.8893388920514,SSP585,2030,0.017323231099924
1636,119.000638569385,39.9070696693149,SSP585,2030,0.0242008056479475
1637,119.780247113583,40.1004167779105,SSP585,2030,0.110089194550841
1639,121.854415223062,39.8013716911971,SSP585,2030,0.00986464832502865
1640,122.604872547557,39.9030267522865,SSP585,2030,0.00789432096204945
1641,123.487156775072,40.0086656775236,SSP585,2030,0.00510415184383195
1642,124.150922411075,40.0667953665598,SSP585,2030,0.0102150578750235
1657,73.6141100326944,39.3423035398834,SSP585,2030,0.00117376104265654
1658,74.147814595318,39.1994595351786,SSP585,2030,0.00277582212198557
1659,75.00932622398,39.1966282239535,SSP585,2030,0.00894832378391586
1660,75.9076415080996,39.1966282239535,SSP585,2030,0.0389293434934752
1661,76.8059567922191,39.1966282239535,SSP585,2030,0.0015985327400313
1662,77.7042720763386,39.1966282239535,SSP585,2030,0.00465556591155814
1663,78.6025873604581,39.1966282239535,SSP585,2030,0.00103014246522759
1664,79.5009026445776,39.1966282239535,SSP585,2030,0.000852007355100493
1665,80.3992179286972,39.1966282239535,SSP585,2030,0.000808989679219829
1666,81.2975332128167,39.1966282239535,SSP585,2030,0.00197800427208317
1667,82.1958484969362,39.1966282239535,SSP585,2030,0.000812700977092185
1668,83.0941637810558,39.1966282239535,SSP585,2030,0.00101541575904152
1669,83.9924790651753,39.1966282239535,SSP585,2030,0.00278281425841964
1670,84.8907943492948,39.1966282239535,SSP585,2030,0.00159777998330324
1671,85.7891096334143,39.1966282239535,SSP585,2030,0.00131562805342766
1672,86.6874249175338,39.1966282239535,SSP585,2030,0.00227807978666483
1673,87.5857402016533,39.1966282239535,SSP585,2030,0.00144196707181721
1674,88.4840554857729,39.1966282239535,SSP585,2030,0.00429378538282477
1675,89.3823707698924,39.1966282239535,SSP585,2030,0.00223474490911013
1676,90.2806860540119,39.1966282239535,SSP585,2030,0.0044992090123499
1677,91.1790013381314,39.1966282239535,SSP585,2030,0.0032533191580103
1678,92.077316622251,39.1966282239535,SSP585,2030,0.00352574353924851
1679,92.9756319063705,39.1966282239535,SSP585,2030,0.00322956958580534
1680,93.87394719049,39.1966282239535,SSP585,2030,0.00992883910531672
1681,94.7722624746095,39.1966282239535,SSP585,2030,0.00325844924293972
1682,95.670577758729,39.1966282239535,SSP585,2030,0.00165556746342066
1683,96.5688930428485,39.1966282239535,SSP585,2030,0.00214009979490626
1684,97.4672083269681,39.1966282239535,SSP585,2030,0.00281722757403113
1685,98.3655236110876,39.1966282239535,SSP585,2030,0.00571659855097384
1686,99.2638388952071,39.1966282239535,SSP585,2030,0.00545163316254249
1687,100.162154179327,39.1966282239535,SSP585,2030,0.0277147214992282
1688,101.060469463446,39.1966282239535,SSP585,2030,0.00249981963078472
1689,101.958784747566,39.1966282239535,SSP585,2030,0.00226440237021641
1690,102.857100031685,39.1966282239535,SSP585,2030,0.00132159093634077
1691,103.755415315805,39.1966282239535,SSP585,2030,0.00123405816048217
1692,104.653730599924,39.1966282239535,SSP585,2030,0.00233287230367207
1693,105.552045884044,39.1966282239535,SSP585,2030,0.0342725314052886
1694,106.450361168163,39.1966282239535,SSP585,2030,0.0155863049169278
1695,107.348676452283,39.1966282239535,SSP585,2030,0.00452590834081701
1696,108.246991736402,39.1966282239535,SSP585,2030,0.0019105479431033
1697,109.145307020522,39.1966282239535,SSP585,2030,0.00124181361819076
1698,110.043622304641,39.1966282239535,SSP585,2030,0.00653251272863864
1699,110.941937588761,39.1966282239535,SSP585,2030,0.00364251323162257
1700,111.84025287288,39.1966282239535,SSP585,2030,0.00385924604205778
1701,112.738568157,39.1966282239535,SSP585,2030,0.00657253933002955
1702,113.63688344112,39.1966282239535,SSP585,2030,0.0124875217178118
1703,114.535198725239,39.1966282239535,SSP585,2030,0.00879250991466218
1704,115.433514009359,39.1966282239535,SSP585,2030,0.0177160263344922
1705,116.331829293478,39.1966282239535,SSP585,2030,0.0492250807899785
1706,117.228110076583,39.1981868654922,SSP585,2030,0.750142530565856
1707,118.144855633027,39.3184915352931,SSP585,2030,
1708,118.859705174687,39.3561311640381,SSP585,2030,0.0157234128136952
1710,121.194863599229,39.0069158277496,SSP585,2030,
1711,121.7477690923,39.2514299701734,SSP585,2030,
1712,122.407887035842,39.4091472251908,SSP585,2030,
1713,123.138929147052,39.0683825545945,SSP585,2030,
1730,74.1455915283951,38.7408234252086,SSP585,2030,0.00118759283164571
1731,75.0831386667765,38.527938273115,SSP585,2030,0.0154848446578548
1732,75.9076415080996,38.4970202888683,SSP585,2030,0.00321056292042354
1733,76.8059567922191,38.4970202888683,SSP585,2030,0.00537997687508351
1734,77.7042720763386,38.4970202888683,SSP585,2030,0.00491895054174307
1735,78.6025873604581,38.4970202888683,SSP585,2030,0.00106512437748707
1736,79.5009026445777,38.4970202888683,SSP585,2030,0.00138317093728912
1737,80.3992179286972,38.4970202888683,SSP585,2030,0.00142475004399245
1738,81.2975332128167,38.4970202888683,SSP585,2030,0.00139031566293257
1739,82.1958484969362,38.4970202888683,SSP585,2030,0.00143903631671927
1740,83.0941637810557,38.4970202888683,SSP585,2030,0.00123254712677034
1741,83.9924790651753,38.4970202888683,SSP585,2030,0.00102005785567638
1742,84.8907943492948,38.4970202888683,SSP585,2030,0.00143796935095242
1743,85.7891096334143,38.4970202888683,SSP585,2030,0.00427266654579905
1744,86.6874249175338,38.4970202888683,SSP585,2030,0.00153822282547755
1745,87.5857402016533,38.4970202888683,SSP585,2030,0.00170767062713173
1746,88.4840554857729,38.4970202888683,SSP585,2030,0.00252134064704146
1747,89.3823707698924,38.4970202888683,SSP585,2030,0.00159580819684169
1748,90.2806860540119,38.4970202888683,SSP585,2030,0.00564630646109021
1749,91.1790013381314,38.4970202888683,SSP585,2030,0.00769716987707525
1750,92.077316622251,38.4970202888683,SSP585,2030,0.00552639275085309
1751,92.9756319063705,38.4970202888683,SSP585,2030,0.0040878487448256
1752,93.87394719049,38.4970202888683,SSP585,2030,0.00361936387895445
1753,94.7722624746095,38.4970202888683,SSP585,2030,0.00355295682473078
1754,95.670577758729,38.4970202888683,SSP585,2030,0.00327729353162221
1755,96.5688930428485,38.4970202888683,SSP585,2030,0.00220902703762826
1756,97.4672083269681,38.4970202888683,SSP585,2030,0.00358392255376439
1757,98.3655236110876,38.4970202888683,SSP585,2030,0.00998313525349548
1758,99.2638388952071,38.4970202888683,SSP585,2030,0.0148248697772566
1759,100.162154179327,38.4970202888683,SSP585,2030,0.0339825832607786
1760,101.060469463446,38.4970202888683,SSP585,2030,0.00794449968290301
1761,101.958784747566,38.4970202888683,SSP585,2030,0.0088708233044954
1762,102.857100031685,38.4970202888683,SSP585,2030,0.00623442502190086
1763,103.755415315805,38.4970202888683,SSP585,2030,0.00149683059380223
1764,104.653730599924,38.4970202888683,SSP585,2030,0.00355406622232957
1765,105.552045884044,38.4970202888683,SSP585,2030,0.137149267766919
1766,106.450361168163,38.4970202888683,SSP585,2030,0.124423088373679
1767,107.348676452283,38.4970202888683,SSP585,2030,0.0253708795759662
1768,108.246991736402,38.4970202888683,SSP585,2030,0.00117992800691968
1769,109.145307020522,38.4970202888683,SSP585,2030,0.00434069393505021
1770,110.043622304641,38.4970202888683,SSP585,2030,0.00664445375529055
1771,110.941937588761,38.4970202888683,SSP585,2030,0.00159310711645777
1772,111.84025287288,38.4970202888683,SSP585,2030,0.00903848825948927
1773,112.738568157,38.4970202888683,SSP585,2030,0.0116709266149896
1774,113.63688344112,38.4970202888683,SSP585,2030,0.00622059670424413
1775,114.535198725239,38.4970202888683,SSP585,2030,0.0236861671200828
1776,115.433514009359,38.4970202888683,SSP585,2030,0.00747511308411542
1777,116.331829293478,38.4970202888683,SSP585,2030,0.00514853499744461
1778,117.196139258734,38.4835575410924,SSP585,2030,0.112582196683448
1779,117.761311898238,38.221306391133,SSP585,2030,0.00152341041609783
1780,118.736262627272,38.1540804093516,SSP585,2030,0.00135938217831588
1782,121.096646092899,38.6961608297162,SSP585,2030,
1783,121.374439562356,38.8310120491465,SSP585,2030,
1803,75.2102399988028,37.8147391426785,SSP585,2030,0.0168445901680913
1804,75.9076415080996,37.790551756013,SSP585,2030,0.00520308004825121
1805,76.8059567922191,37.790551756013,SSP585,2030,0.00543222794959986
1806,77.7042720763386,37.790551756013,SSP585,2030,0.0101595124678747
1807,78.6025873604581,37.790551756013,SSP585,2030,0.00257512012492023
1808,79.5009026445777,37.790551756013,SSP585,2030,0.00295746713686385
1809,80.3992179286972,37.790551756013,SSP585,2030,0.00319867291848375
1810,81.2975332128167,37.790551756013,SSP585,2030,0.00308284683264559
1811,82.1958484969362,37.790551756013,SSP585,2030,0.00153774595258671
1812,83.0941637810557,37.790551756013,SSP585,2030,0.00114821255159392
1813,83.9924790651753,37.790551756013,SSP585,2030,0.00116109236413253
1814,84.8907943492948,37.790551756013,SSP585,2030,0.00223679983128933
1815,85.7891096334143,37.790551756013,SSP585,2030,0.00249859002018926
1816,86.6874249175338,37.790551756013,SSP585,2030,0.00380183451649085
1817,87.5857402016533,37.790551756013,SSP585,2030,0.00215430900173985
1818,88.4840554857729,37.790551756013,SSP585,2030,0.00298594775367933
1819,89.3823707698924,37.790551756013,SSP585,2030,0.00789566759748583
1820,90.2806860540119,37.790551756013,SSP585,2030,0.0108403490082467
1821,91.1790013381314,37.790551756013,SSP585,2030,0.0105194763780037
1822,92.077316622251,37.790551756013,SSP585,2030,0.00493705711100267
1823,92.9756319063705,37.790551756013,SSP585,2030,0.00971552038746881
1824,93.87394719049,37.790551756013,SSP585,2030,0.0119941222675826
1825,94.7722624746095,37.790551756013,SSP585,2030,0.00500900330725851
1826,95.670577758729,37.790551756013,SSP585,2030,0.013901286806813
1827,96.5688930428485,37.790551756013,SSP585,2030,0.00349716263707944
1828,97.4672083269681,37.790551756013,SSP585,2030,0.00772279049452906
1829,98.3655236110876,37.790551756013,SSP585,2030,0.00416265043695641
1830,99.2638388952071,37.790551756013,SSP585,2030,0.00334339302393016
1831,100.162154179327,37.790551756013,SSP585,2030,0.0125712349448247
1832,101.060469463446,37.790551756013,SSP585,2030,0.04801050784858
1833,101.958784747566,37.790551756013,SSP585,2030,0.0180110469273238
1834,102.857100031685,37.790551756013,SSP585,2030,0.00871526492251817
1835,103.755415315805,37.790551756013,SSP585,2030,0.00311801111223686
1836,104.653730599924,37.790551756013,SSP585,2030,0.0125224009419909
1837,105.552045884044,37.790551756013,SSP585,2030,0.0121189788504795
1838,106.450361168163,37.790551756013,SSP585,2030,0.011755249998874
1839,107.348676452283,37.790551756013,SSP585,2030,0.00984166977824996
1840,108.246991736402,37.790551756013,SSP585,2030,0.00443940218200389
1841,109.145307020522,37.790551756013,SSP585,2030,0.00381816109023825
1842,110.043622304641,37.790551756013,SSP585,2030,0.00206212191318378
1843,110.941937588761,37.790551756013,SSP585,2030,0.00493606952469394
1844,111.84025287288,37.790551756013,SSP585,2030,0.0181937761582033
1845,112.738568157,37.790551756013,SSP585,2030,0.174890679714811
1846,113.636883441119,37.7905517560129,SSP585,2030,0.0141886495646477
1847,114.535198725239,37.790551756013,SSP585,2030,0.197417801215854
1848,115.433514009358,37.790551756013,SSP585,2030,0.0112247009713486
1849,116.331829293478,37.790551756013,SSP585,2030,0.00768934807066402
1850,117.230144577598,37.790551756013,SSP585,2030,0.0151068075291204
1851,118.119567463375,37.7571696681828,SSP585,2030,0.0137731476159502
1852,118.811831921606,37.7754752517988,SSP585,2030,0.176629400816996
1853,120.275669528152,37.5419396020678,SSP585,2030,
1854,120.773406251066,37.6038103092886,SSP585,2030,0.00710272345674778
1855,121.656260598116,37.4984798900351,SSP585,2030,
1856,122.198048399983,37.4475999943582,SSP585,2030,
1874,74.5383597066917,37.182238201356,SSP585,2030,0.00161093043704075
1875,75.09449886685,37.1836695308115,SSP585,2030,0.00408664506594081
1876,75.916306373446,37.0868802121126,SSP585,2030,0.00358832372716433
1877,76.8059567922191,37.0772638054809,SSP585,2030,0.00442664649717661
1878,77.7042720763386,37.0772638054809,SSP585,2030,0.00201036531470211
1879,78.6025873604581,37.0772638054809,SSP585,2030,0.00282474557982049
1880,79.5009026445776,37.0772638054809,SSP585,2030,0.0140869667527467
1881,80.3992179286972,37.0772638054809,SSP585,2030,0.00956396662385051
1882,81.2975332128167,37.0772638054809,SSP585,2030,0.00550889910167218
1883,82.1958484969362,37.0772638054809,SSP585,2030,0.00174815299871556
1884,83.0941637810557,37.0772638054809,SSP585,2030,0.00463229395681997
1885,83.9924790651753,37.0772638054809,SSP585,2030,0.00145805799516008
1886,84.8907943492948,37.0772638054809,SSP585,2030,0.00276991793532955
1887,85.7891096334143,37.0772638054809,SSP585,2030,0.00271584169440531
1888,86.6874249175338,37.0772638054809,SSP585,2030,0.00209535884874945
1889,87.5857402016533,37.0772638054809,SSP585,2030,0.00371701512169154
1890,88.4840554857729,37.0772638054809,SSP585,2030,0.00360539694510531
1891,89.3823707698924,37.0772638054809,SSP585,2030,0.00354919827047606
1892,90.2806860540119,37.0772638054809,SSP585,2030,0.00925233849179752
1893,91.1790013381314,37.0772638054809,SSP585,2030,0.00544058618655441
1894,92.077316622251,37.0772638054809,SSP585,2030,0.00527130143044263
1895,92.9756319063705,37.0772638054809,SSP585,2030,0.00867833663917494
1896,93.87394719049,37.0772638054809,SSP585,2030,0.00514868452602135
1897,94.7722624746095,37.0772638054809,SSP585,2030,0.00580521416147373
1898,95.670577758729,37.0772638054809,SSP585,2030,0.00371452596434274
1899,96.5688930428486,37.0772638054809,SSP585,2030,0.0291442906393455
1900,97.4672083269681,37.0772638054809,SSP585,2030,0.0134093094150661
1901,98.3655236110876,37.0772638054809,SSP585,2030,0.0370084005258183
1902,99.2638388952071,37.0772638054809,SSP585,2030,0.0894329642871968
1903,100.162154179327,37.0772638054809,SSP585,2030,0.0900471121448356
1904,101.060469463446,37.0772638054809,SSP585,2030,0.0308879753873124
1905,101.958784747566,37.0772638054809,SSP585,2030,0.118145517210299
1906,102.857100031685,37.0772638054809,SSP585,2030,0.0473678352906307
1907,103.755415315805,37.0772638054809,SSP585,2030,0.00461272954958203
1908,104.653730599924,37.0772638054809,SSP585,2030,0.00459720603223424
1909,105.552045884044,37.0772638054809,SSP585,2030,0.00334864635176091
1910,106.450361168163,37.0772638054809,SSP585,2030,0.00246648885061096
1911,107.348676452283,37.0772638054809,SSP585,2030,0.00130997159665025
1912,108.246991736402,37.0772638054809,SSP585,2030,0.0141893432283519
1913,109.145307020522,37.0772638054809,SSP585,2030,0.00201974279469686
1914,110.043622304641,37.0772638054809,SSP585,2030,0.00488918690054907
1915,110.941937588761,37.0772638054809,SSP585,2030,0.00303985686518937
1916,111.84025287288,37.0772638054809,SSP585,2030,0.0338449766433717
1917,112.738568157,37.0772638054809,SSP585,2030,0.050189371406678
1918,113.636883441119,37.0772638054809,SSP585,2030,0.00932557346687635
1919,114.535198725239,37.0772638054809,SSP585,2030,0.027083696350338
1920,115.433514009359,37.0772638054809,SSP585,2030,0.00555502760791871
1921,116.331829293478,37.0772638054809,SSP585,2030,0.00880279322763455
1922,117.230144577598,37.0772638054809,SSP585,2030,0.0612843287779698
1923,118.128459861717,37.0772638054809,SSP585,2030,0.052503816541337
1924,118.965149080216,37.0064569511871,SSP585,2030,0.0655932313106619
1925,119.980692553906,37.0290900784476,SSP585,2030,0.0125428515679803
1926,120.823405714076,37.0772638054809,SSP585,2030,0.0223257171094933
1927,121.688522248746,37.132552678032,SSP585,2030,0.0137400665466687
1928,122.3472028895,37.1393174513548,SSP585,2030,0.0297669941627735
1948,76.1682950065795,36.3725667307127,SSP585,2030,0.00203598635379088
1949,76.8059567922191,36.3572022215529,SSP585,2030,0.00214173609039059
1950,77.7042720763386,36.3572022215529,SSP585,2030,0.00233994495788281
1951,78.6025873604581,36.3572022215529,SSP585,2030,0.00240605755897372
1952,79.5009026445776,36.3572022215529,SSP585,2030,0.00276492796615424
1953,80.3992179286972,36.3572022215529,SSP585,2030,0.00383836449144059
1954,81.2975332128167,36.3572022215529,SSP585,2030,0.0064436293284591
1955,82.1958484969362,36.3572022215529,SSP585,2030,0.00449336310388526
1956,83.0941637810557,36.3572022215529,SSP585,2030,0.00155624640977592
1957,83.9924790651753,36.3572022215529,SSP585,2030,0.00376812387819725
1958,84.8907943492948,36.3572022215529,SSP585,2030,0.00226903632871345
1959,85.7891096334143,36.3572022215529,SSP585,2030,0.00176186213849228
1960,86.6874249175338,36.3572022215529,SSP585,2030,0.00288386793236661
1961,87.5857402016533,36.3572022215529,SSP585,2030,0.00275211835165412
1962,88.4840554857729,36.3572022215529,SSP585,2030,0.00267292437615563
1963,89.3823707698924,36.3572022215529,SSP585,2030,0.01007229407416
1964,90.2806860540119,36.3572022215529,SSP585,2030,0.0102097465978129
1965,91.1790013381314,36.3572022215529,SSP585,2030,0.0059738995369979
1966,92.077316622251,36.3572022215529,SSP585,2030,0.00476744497973569
1967,92.9756319063705,36.3572022215529,SSP585,2030,0.00760168121930838
1968,93.87394719049,36.3572022215529,SSP585,2030,0.00842505728938081
1969,94.7722624746095,36.3572022215529,SSP585,2030,0.0265530580710223
1970,95.670577758729,36.3572022215529,SSP585,2030,0.00702813273188507
1971,96.5688930428486,36.3572022215529,SSP585,2030,0.00408855109740125
1972,97.4672083269681,36.3572022215529,SSP585,2030,0.00760032463415084
1973,98.3655236110876,36.3572022215529,SSP585,2030,0.0321197277710085
1974,99.2638388952071,36.3572022215529,SSP585,2030,0.023044673132481
1975,100.162154179327,36.3572022215529,SSP585,2030,0.0412252262724292
1976,101.060469463446,36.3572022215529,SSP585,2030,0.0707936305621184
1977,101.958784747566,36.3572022215529,SSP585,2030,0.106334103385771
1978,102.857100031685,36.3572022215529,SSP585,2030,0.0106932684506184
1979,103.755415315805,36.3572022215529,SSP585,2030,0.120947646324515
1980,104.653730599924,36.3572022215529,SSP585,2030,0.00256856784513149
1981,105.552045884044,36.3572022215529,SSP585,2030,0.00460999615727076
1982,106.450361168163,36.3572022215529,SSP585,2030,0.00681449043866089
1983,107.348676452283,36.3572022215529,SSP585,2030,0.00371183799319508
1984,108.246991736402,36.3572022215529,SSP585,2030,0.0119482643969515
1985,109.145307020522,36.3572022215529,SSP585,2030,0.026420991625938
1986,110.043622304641,36.3572022215529,SSP585,2030,0.0142637743777038
1987,110.941937588761,36.3572022215529,SSP585,2030,0.00339140528544235
1988,111.84025287288,36.3572022215529,SSP585,2030,0.0539217587663681
1989,112.738568157,36.3572022215529,SSP585,2030,0.0399266225596182
1990,113.63688344112,36.3572022215529,SSP585,2030,0.0251339112013187
1991,114.535198725239,36.3572022215529,SSP585,2030,0.0413729720778081
1992,115.433514009359,36.357202221553,SSP585,2030,0.00413598117951175
1993,116.331829293478,36.3572022215529,SSP585,2030,0.0223367250704577
1994,117.230144577598,36.3572022215529,SSP585,2030,0.173402698551794
1995,118.128459861717,36.3572022215529,SSP585,2030,0.0209102495923209
1996,119.026775145837,36.3572022215529,SSP585,2030,0.0605414252248377
1997,119.904223353102,36.375017714134,SSP585,2030,0.215223238405325
1998,120.634986151713,36.4644828997828,SSP585,2030,0.230158471735456
1999,121.346122541522,36.7061750168915,SSP585,2030,
2020,76.2441451848537,35.9175050300443,SSP585,2030,0.00210253005384131
2021,76.9100707783439,35.827204814307,SSP585,2030,0.00234977873092956
2022,77.7261771263695,35.7324022219012,SSP585,2030,0.002418838366681
2023,78.6025873604581,35.6304174817484,SSP585,2030,0.0021006358395772
2024,79.5009026445776,35.6304174817484,SSP585,2030,0.00223335133910729
2025,80.3992179286972,35.6304174817484,SSP585,2030,0.00283663996283401
2026,81.2975332128167,35.6304174817484,SSP585,2030,0.00408800432719414
2027,82.1958484969362,35.6304174817484,SSP585,2030,0.0021221474774149
2028,83.0941637810557,35.6304174817484,SSP585,2030,0.00415807137283142
2029,83.9924790651753,35.6304174817484,SSP585,2030,0.00360309310826001
2030,84.8907943492948,35.6304174817484,SSP585,2030,0.00162561122775484
2031,85.7891096334143,35.6304174817484,SSP585,2030,0.00185215401323657
2032,86.6874249175338,35.6304174817484,SSP585,2030,0.0030645314914246
2033,87.5857402016533,35.6304174817484,SSP585,2030,0.00553205146214886
2034,88.4840554857729,35.6304174817484,SSP585,2030,0.00439377439354371
2035,89.3823707698924,35.6304174817484,SSP585,2030,0.0085302905645267
2036,90.2806860540119,35.6304174817484,SSP585,2030,0.00363885963438948
2037,91.1790013381314,35.6304174817484,SSP585,2030,0.00478129455657661
2038,92.077316622251,35.6304174817484,SSP585,2030,0.00733083811060487
2039,92.9756319063705,35.6304174817484,SSP585,2030,0.020141204618488
2040,93.87394719049,35.6304174817484,SSP585,2030,0.0252827472529819
2041,94.7722624746095,35.6304174817484,SSP585,2030,0.0221855979270229
2042,95.670577758729,35.6304174817484,SSP585,2030,0.00389538622759478
2043,96.5688930428485,35.6304174817484,SSP585,2030,0.00329157249519341
2044,97.4672083269681,35.6304174817484,SSP585,2030,0.00937874950122208
2045,98.3655236110876,35.6304174817484,SSP585,2030,0.0262733068958614
2046,99.2638388952071,35.6304174817484,SSP585,2030,0.036676324385487
2047,100.162154179327,35.6304174817484,SSP585,2030,0.0223457661647802
2048,101.060469463446,35.6304174817484,SSP585,2030,0.00866890195989811
2049,101.958784747566,35.6304174817484,SSP585,2030,0.0123143851801605
2050,102.857100031685,35.6304174817484,SSP585,2030,0.0210525861290014
2051,103.755415315805,35.6304174817484,SSP585,2030,0.152638590545836
2052,104.653730599924,35.6304174817484,SSP585,2030,0.0193326082098142
2053,105.552045884044,35.6304174817484,SSP585,2030,0.00181865888967026
2054,106.450361168163,35.6304174817484,SSP585,2030,0.0481809354601361
2055,107.348676452283,35.6304174817484,SSP585,2030,0.0219058900935046
2056,108.246991736402,35.6304174817484,SSP585,2030,0.0710152963056869
2057,109.145307020522,35.6304174817484,SSP585,2030,0.00312179308263161
2058,110.043622304641,35.6304174817484,SSP585,2030,0.00348780535328108
2059,110.941937588761,35.6304174817484,SSP585,2030,0.0126358207545753
2060,111.84025287288,35.6304174817484,SSP585,2030,0.0181513321951338
2061,112.738568157,35.6304174817484,SSP585,2030,0.0790322697514272
2062,113.636883441119,35.6304174817484,SSP585,2030,0.017505699515037
2063,114.535198725239,35.6304174817484,SSP585,2030,0.0619227907819843
2064,115.433514009359,35.6304174817485,SSP585,2030,0.00470007339491074
2065,116.331829293478,35.6304174817484,SSP585,2030,0.0248210073669225
2066,117.230144577598,35.6304174817484,SSP585,2030,0.0504799450148629
2067,118.128459861717,35.6304174817484,SSP585,2030,0.053103334635717
2068,119.025928273074,35.6311170409294,SSP585,2030,0.0838752209959075
2069,119.73502507067,35.7726726436646,SSP585,2030,0.20768678960534
2094,78.1112076251138,35.2114043263818,SSP585,2030,0.00239839069858938
2095,78.6403388427137,34.9233891274439,SSP585,2030,0.00162958197994889
2096,79.5009026445777,34.896964841197,SSP585,2030,0.00182436981391676
2097,80.3992179286972,34.896964841197,SSP585,2030,0.00202517894692034
2098,81.2975332128167,34.896964841197,SSP585,2030,0.00169180833212401
2099,82.1958484969362,34.896964841197,SSP585,2030,0.00351175088739175
2100,83.0941637810557,34.896964841197,SSP585,2030,0.00292777242270592
2101,83.9924790651753,34.896964841197,SSP585,2030,0.00312034496905722
2102,84.8907943492948,34.896964841197,SSP585,2030,0.00259376082319074
2103,85.7891096334143,34.896964841197,SSP585,2030,0.00173120891019896
2104,86.6874249175338,34.896964841197,SSP585,2030,0.00315082542422729
2105,87.5857402016533,34.896964841197,SSP585,2030,0.00319546750965605
2106,88.4840554857729,34.896964841197,SSP585,2030,0.00291751172540689
2107,89.3823707698924,34.896964841197,SSP585,2030,0.00293972573191414
2108,90.2806860540119,34.896964841197,SSP585,2030,0.00431555681702589
2109,91.1790013381314,34.896964841197,SSP585,2030,0.0047745718278478
2110,92.077316622251,34.896964841197,SSP585,2030,0.00886236989473388
2111,92.9756319063705,34.896964841197,SSP585,2030,0.00363745023519235
2112,93.87394719049,34.896964841197,SSP585,2030,0.0142657973827665
2113,94.7722624746095,34.896964841197,SSP585,2030,0.0128313875520401
2114,95.670577758729,34.896964841197,SSP585,2030,0.00775896805205822
2115,96.5688930428486,34.896964841197,SSP585,2030,0.00372324354146003
2116,97.4672083269681,34.896964841197,SSP585,2030,0.00381109661146328
2117,98.3655236110876,34.896964841197,SSP585,2030,0.0250841407564607
2118,99.2638388952071,34.896964841197,SSP585,2030,0.00858175714481602
2119,100.162154179327,34.896964841197,SSP585,2030,0.00444650182981754
2120,101.060469463446,34.896964841197,SSP585,2030,0.00696991697227412
2121,101.958784747566,34.896964841197,SSP585,2030,0.00546214774027587
2122,102.857100031685,34.896964841197,SSP585,2030,0.0307451989284469
2123,103.755415315805,34.896964841197,SSP585,2030,0.0507797382931793
2124,104.653730599924,34.896964841197,SSP585,2030,0.00415075393706021
2125,105.552045884044,34.896964841197,SSP585,2030,0.0120289988600452
2126,106.450361168163,34.896964841197,SSP585,2030,0.0082547521859454
2127,107.348676452283,34.896964841197,SSP585,2030,0.00326746856624771
2128,108.246991736402,34.896964841197,SSP585,2030,0.00524187961448819
2129,109.145307020522,34.896964841197,SSP585,2030,0.0220145726386418
2130,110.043622304641,34.896964841197,SSP585,2030,0.0225009418543306
2131,110.941937588761,34.896964841197,SSP585,2030,0.160148352895962
2132,111.84025287288,34.896964841197,SSP585,2030,0.0129026304742034
2133,112.738568157,34.896964841197,SSP585,2030,0.144085018372206
2134,113.636883441119,34.896964841197,SSP585,2030,0.394659015137485
2135,114.535198725239,34.8969648411969,SSP585,2030,0.0721187751088498
2136,115.433514009359,34.896964841197,SSP585,2030,0.0108293680265417
2137,116.331829293478,34.8969648411969,SSP585,2030,0.0148315532449484
2138,117.230144577598,34.896964841197,SSP585,2030,0.0338826941368092
2139,118.128459861717,34.896964841197,SSP585,2030,0.0189156676592721
2140,118.960405580646,34.8858763711916,SSP585,2030,0.0962714013089142
2167,78.9220448563581,34.1045227382353,SSP585,2030,0.00161370100779323
2168,79.5009026445776,34.1569044119049,SSP585,2030,0.00169507985535233
2169,80.3992179286972,34.1569044119048,SSP585,2030,0.00152149762608345
2170,81.2975332128167,34.1569044119048,SSP585,2030,0.00336025420010122
2171,82.1958484969362,34.1569044119048,SSP585,2030,0.00389709397144378
2172,83.0941637810557,34.1569044119048,SSP585,2030,0.00508071080053152
2173,83.9924790651753,34.1569044119048,SSP585,2030,0.00454134154711583
2174,84.8907943492948,34.1569044119048,SSP585,2030,0.00447172388645078
2175,85.7891096334143,34.1569044119048,SSP585,2030,0.0022012111837304
2176,86.6874249175338,34.1569044119048,SSP585,2030,0.00290494406473329
2177,87.5857402016533,34.1569044119048,SSP585,2030,0.00340926343539605
2178,88.4840554857729,34.1569044119048,SSP585,2030,0.00243608446260479
2179,89.3823707698924,34.1569044119048,SSP585,2030,0.00314830919598996
2180,90.2806860540119,34.1569044119048,SSP585,2030,0.00366375151633647
2181,91.1790013381314,34.1569044119048,SSP585,2030,0.0060138505185614
2182,92.077316622251,34.1569044119048,SSP585,2030,0.00947820004061339
2183,92.9756319063705,34.1569044119048,SSP585,2030,0.00438311251988732
2184,93.87394719049,34.1569044119048,SSP585,2030,0.00477106931306781
2185,94.7722624746095,34.1569044119048,SSP585,2030,0.00428088653159475
2186,95.670577758729,34.1569044119048,SSP585,2030,0.0183721824318787
2187,96.5688930428485,34.1569044119048,SSP585,2030,0.00487535537908335
2188,97.4672083269681,34.1569044119049,SSP585,2030,0.00908306190832031
2189,98.3655236110876,34.1569044119048,SSP585,2030,0.00580471830615925
2190,99.2638388952071,34.1569044119048,SSP585,2030,0.00452175827681078
2191,100.162154179327,34.1569044119048,SSP585,2030,0.00777043127154575
2192,101.060469463446,34.1569044119048,SSP585,2030,0.00483651266636709
2193,101.958784747566,34.1569044119048,SSP585,2030,0.0315388842721872
2194,102.857100031685,34.1569044119048,SSP585,2030,0.081060299271708
2195,103.755415315805,34.1569044119048,SSP585,2030,0.0090352210138861
2196,104.653730599924,34.1569044119048,SSP585,2030,0.0123517451160217
2197,105.552045884044,34.1569044119048,SSP585,2030,0.0278100721957391
2198,106.450361168163,34.1569044119048,SSP585,2030,0.0137255593907006
2199,107.348676452283,34.1569044119048,SSP585,2030,0.0156753120928357
2200,108.246991736402,34.1569044119048,SSP585,2030,0.097993143074241
2201,109.145307020522,34.1569044119048,SSP585,2030,0.177943052182285
2202,110.043622304641,34.1569044119048,SSP585,2030,0.0158893130517358
2203,110.941937588761,34.1569044119048,SSP585,2030,0.0412413184121371
2204,111.84025287288,34.1569044119048,SSP585,2030,0.0742603070113974
2205,112.738568157,34.1569044119048,SSP585,2030,0.0696996759632274
2206,113.636883441119,34.1569044119048,SSP585,2030,0.0288524789669494
2207,114.535198725239,34.1569044119048,SSP585,2030,0.00559136760235512
2208,115.433514009359,34.1569044119048,SSP585,2030,0.0141869468215416
2209,116.331829293478,34.1569044119048,SSP585,2030,0.0207779316928545
2210,117.230144577598,34.1569044119049,SSP585,2030,0.189021951173971
2211,118.128459861717,34.1569044119048,SSP585,2030,0.0148843606448797
2212,119.026775145837,34.1569044119048,SSP585,2030,0.0169875691060951
2213,119.882857408409,34.1106117558621,SSP585,2030,0.00909705370063019
2214,120.409908475428,33.8702854675797,SSP585,2030,
2239,78.9286670562435,33.6056066422668,SSP585,2030,0.00168756638672107
2240,79.5159394618932,33.4204008418773,SSP585,2030,0.0038256272480014
2241,80.3992179286972,33.4103012364864,SSP585,2030,0.00425506784996088
2242,81.2975332128167,33.4103012364864,SSP585,2030,0.00410494128546091
2243,82.1958484969362,33.4103012364864,SSP585,2030,0.0038895928478101
2244,83.0941637810557,33.4103012364864,SSP585,2030,0.00448856506527606
2245,83.9924790651753,33.4103012364864,SSP585,2030,0.00433645004802896
2246,84.8907943492948,33.4103012364864,SSP585,2030,0.00275703740611888
2247,85.7891096334143,33.4103012364864,SSP585,2030,0.0036119011215221
2248,86.6874249175338,33.4103012364864,SSP585,2030,0.00537542632531884
2249,87.5857402016533,33.4103012364864,SSP585,2030,0.00397140285014985
2250,88.4840554857729,33.4103012364864,SSP585,2030,0.00465594399252323
2251,89.3823707698924,33.4103012364864,SSP585,2030,0.00492167942305333
2252,90.2806860540119,33.4103012364864,SSP585,2030,0.00465298706788042
2253,91.1790013381314,33.4103012364864,SSP585,2030,0.00596418301768842
2254,92.077316622251,33.4103012364864,SSP585,2030,0.00662638681291139
2255,92.9756319063705,33.4103012364864,SSP585,2030,0.00634837518127562
2256,93.87394719049,33.4103012364864,SSP585,2030,0.00372773561231765
2257,94.7722624746095,33.4103012364864,SSP585,2030,0.00612390487084924
2258,95.670577758729,33.4103012364864,SSP585,2030,0.00806519763852809
2259,96.5688930428486,33.4103012364864,SSP585,2030,0.0233645773804366
2260,97.4672083269681,33.4103012364864,SSP585,2030,0.0230564608527961
2261,98.3655236110876,33.4103012364864,SSP585,2030,0.00910196821073484
2262,99.2638388952071,33.4103012364864,SSP585,2030,0.00421821453937277
2263,100.162154179327,33.4103012364864,SSP585,2030,0.00428320853126973
2264,101.060469463446,33.4103012364864,SSP585,2030,0.0130723812744966
2265,101.958784747566,33.4103012364864,SSP585,2030,0.0138789513317708
2266,102.857100031685,33.4103012364864,SSP585,2030,0.0628357857889993
2267,103.755415315805,33.4103012364864,SSP585,2030,0.0533158813062157
2268,104.653730599924,33.4103012364864,SSP585,2030,0.00940549845748007
2269,105.552045884044,33.4103012364864,SSP585,2030,0.00598345202570549
2270,106.450361168163,33.4103012364864,SSP585,2030,0.0178160912988889
2271,107.348676452283,33.4103012364864,SSP585,2030,0.145943856023047
2272,108.246991736402,33.4103012364864,SSP585,2030,0.0431687199986034
2273,109.145307020522,33.4103012364864,SSP585,2030,0.0106521491944905
2274,110.043622304641,33.4103012364864,SSP585,2030,0.00372117579171483
2275,110.941937588761,33.4103012364864,SSP585,2030,0.00662836089336993
2276,111.84025287288,33.4103012364864,SSP585,2030,0.0358003157277577
2277,112.738568157,33.4103012364864,SSP585,2030,0.0169767553625179
2278,113.636883441119,33.4103012364864,SSP585,2030,0.0310376645936313
2279,114.535198725239,33.4103012364864,SSP585,2030,0.0110642360431946
2280,115.433514009358,33.4103012364864,SSP585,2030,0.00632768891306845
2281,116.331829293478,33.4103012364864,SSP585,2030,0.0100906479492495
2282,117.230144577598,33.4103012364864,SSP585,2030,0.0105770631209453
2283,118.128459861717,33.4103012364864,SSP585,2030,0.014266962720681
2284,119.026775145837,33.4103012364864,SSP585,2030,0.112660863470239
2285,119.925090429956,33.4103012364864,SSP585,2030,0.0511710960647235
2286,120.514169036521,33.3339283464613,SSP585,2030,
2311,78.7118206954573,32.445517343661,SSP585,2030,0.00211495359580027
2312,79.5804942430139,32.6409765745574,SSP585,2030,0.00277130398002357
2313,80.3992179286972,32.6572253559297,SSP585,2030,0.00642152106627325
2314,81.2975332128167,32.6572253559297,SSP585,2030,0.00321283482277068
2315,82.1958484969362,32.6572253559297,SSP585,2030,0.00347317297083583
2316,83.0941637810557,32.6572253559297,SSP585,2030,0.00344441148567909
2317,83.9924790651753,32.6572253559297,SSP585,2030,0.00371944377534073
2318,84.8907943492948,32.6572253559297,SSP585,2030,0.00393679068785258
2319,85.7891096334143,32.6572253559297,SSP585,2030,0.00443202866697057
2320,86.6874249175338,32.6572253559297,SSP585,2030,0.0040556521232894
2321,87.5857402016533,32.6572253559297,SSP585,2030,0.00480394763153791
2322,88.4840554857729,32.6572253559297,SSP585,2030,0.00366204757772426
2323,89.3823707698924,32.6572253559297,SSP585,2030,0.00498684727897258
2324,90.2806860540119,32.6572253559297,SSP585,2030,0.00644459214589166
2325,91.1790013381314,32.6572253559297,SSP585,2030,0.0042492947371271
2326,92.077316622251,32.6572253559297,SSP585,2030,0.00697815288586168
2327,92.9756319063705,32.6572253559297,SSP585,2030,0.0110387421815483
2328,93.87394719049,32.6572253559297,SSP585,2030,0.00628444361402702
2329,94.7722624746095,32.6572253559297,SSP585,2030,0.00752833404582531
2330,95.670577758729,32.6572253559297,SSP585,2030,0.01762809634227
2331,96.5688930428486,32.6572253559297,SSP585,2030,0.061342945671028
2332,97.4672083269681,32.6572253559297,SSP585,2030,0.0451345167144505
2333,98.3655236110876,32.6572253559297,SSP585,2030,0.0112098203451293
2334,99.2638388952071,32.6572253559297,SSP585,2030,0.00442040025008428
2335,100.162154179327,32.6572253559297,SSP585,2030,0.00796400903272809
2336,101.060469463446,32.6572253559297,SSP585,2030,0.00921161773800294
2337,101.958784747566,32.6572253559297,SSP585,2030,0.0166688163118782
2338,102.857100031685,32.6572253559297,SSP585,2030,0.0190447036691066
2339,103.755415315805,32.6572253559297,SSP585,2030,0.0566164680995718
2340,104.653730599924,32.6572253559297,SSP585,2030,0.192986657285254
2341,105.552045884044,32.6572253559297,SSP585,2030,0.0249883486768348
2342,106.450361168163,32.6572253559297,SSP585,2030,0.00806846862609045
2343,107.348676452283,32.6572253559297,SSP585,2030,0.0170319101188581
2344,108.246991736402,32.6572253559297,SSP585,2030,0.00748675822810696
2345,109.145307020522,32.6572253559297,SSP585,2030,0.00850684319671025
2346,110.043622304641,32.6572253559297,SSP585,2030,0.00452084759158089
2347,110.941937588761,32.6572253559297,SSP585,2030,0.0251867552679489
2348,111.84025287288,32.6572253559297,SSP585,2030,0.0163182248768212
2349,112.738568157,32.6572253559297,SSP585,2030,0.0197392873832736
2350,113.636883441119,32.6572253559297,SSP585,2030,0.0110740644989002
2351,114.535198725239,32.6572253559297,SSP585,2030,0.00415367720685567
2352,115.433514009359,32.6572253559297,SSP585,2030,0.0124466474786822
2353,116.331829293478,32.6572253559297,SSP585,2030,0.01959518175088
2354,117.230144577598,32.6572253559297,SSP585,2030,0.035197680724716
2355,118.128459861717,32.6572253559297,SSP585,2030,0.0355205785924616
2356,119.026775145837,32.6572253559298,SSP585,2030,0.0811780933662667
2357,119.925090429956,32.6572253559297,SSP585,2030,0.0353120686039399
2358,120.704558764307,32.606414031906,SSP585,2030,0.0441506371024071
2359,121.316815002923,32.3464053235734,SSP585,2030,
2383,78.8602929849942,31.9680059820801,SSP585,2030,0.0029984922811912
2384,79.5009026445776,31.897751870965,SSP585,2030,0.00500931232424573
2385,80.3992179286972,31.897751870965,SSP585,2030,0.00395893043980677
2386,81.2975332128167,31.897751870965,SSP585,2030,0.00347559520316265
2387,82.1958484969362,31.897751870965,SSP585,2030,0.00306678958689066
2388,83.0941637810557,31.897751870965,SSP585,2030,0.00265721266247776
2389,83.9924790651753,31.897751870965,SSP585,2030,0.00288720472649495
2390,84.8907943492948,31.897751870965,SSP585,2030,0.0038609813063426
2391,85.7891096334143,31.897751870965,SSP585,2030,0.00393064168254775
2392,86.6874249175338,31.897751870965,SSP585,2030,0.00485277740478285
2393,87.5857402016533,31.897751870965,SSP585,2030,0.00490869294938223
2394,88.4840554857729,31.897751870965,SSP585,2030,0.00490807037308538
2395,89.3823707698924,31.897751870965,SSP585,2030,0.00613685520638196
2396,90.2806860540119,31.897751870965,SSP585,2030,0.00425359188862173
2397,91.1790013381314,31.897751870965,SSP585,2030,0.00554257079659282
2398,92.0773166222509,31.897751870965,SSP585,2030,0.00576070329479128
2399,92.9756319063705,31.897751870965,SSP585,2030,0.00688762402452148
2400,93.87394719049,31.897751870965,SSP585,2030,0.00926351182825758
2401,94.7722624746095,31.897751870965,SSP585,2030,0.0121214650253347
2402,95.670577758729,31.897751870965,SSP585,2030,0.0144127743260272
2403,96.5688930428486,31.897751870965,SSP585,2030,0.0566110772927505
2404,97.4672083269681,31.897751870965,SSP585,2030,0.00432510930986785
2405,98.3655236110876,31.897751870965,SSP585,2030,0.00428870903001166
2406,99.2638388952071,31.897751870965,SSP585,2030,0.00558458323181199
2407,100.162154179327,31.897751870965,SSP585,2030,0.0109696605629867
2408,101.060469463446,31.897751870965,SSP585,2030,0.003634374385871
2409,101.958784747566,31.897751870965,SSP585,2030,0.0255969706901079
2410,102.857100031685,31.897751870965,SSP585,2030,0.0225022937504339
2411,103.755415315805,31.897751870965,SSP585,2030,0.0245820191905817
2412,104.653730599924,31.897751870965,SSP585,2030,0.0430535377651945
2413,105.552045884044,31.897751870965,SSP585,2030,0.0185908382240427
2414,106.450361168163,31.897751870965,SSP585,2030,0.00599507324223958
2415,107.348676452283,31.897751870965,SSP585,2030,0.00998802068126703
2416,108.246991736402,31.897751870965,SSP585,2030,0.00759545080739021
2417,109.145307020522,31.897751870965,SSP585,2030,0.00650862727335877
2418,110.043622304641,31.897751870965,SSP585,2030,0.0867502577714423
2419,110.941937588761,31.897751870965,SSP585,2030,0.250364895995502
2420,111.84025287288,31.897751870965,SSP585,2030,0.0429189739882253
2421,112.738568157,31.897751870965,SSP585,2030,0.00707592197667051
2422,113.636883441119,31.897751870965,SSP585,2030,0.0405138925866036
2423,114.535198725239,31.897751870965,SSP585,2030,0.161722036604245
2424,115.433514009358,31.897751870965,SSP585,2030,0.0140373993041867
2425,116.331829293478,31.897751870965,SSP585,2030,0.0296174406552712
2426,117.230144577598,31.897751870965,SSP585,2030,0.346222006037444
2427,118.128459861717,31.897751870965,SSP585,2030,0.170182342490281
2428,119.026775145837,31.897751870965,SSP585,2030,0.779359384221906
2429,119.922395539987,31.8973397755042,SSP585,2030,0.458440216939737
2430,120.812489926211,31.9066116065137,SSP585,2030,0.240348922473977
2431,121.533726301119,31.8495223492286,SSP585,2030,0.0293337879135008
2455,78.9536485416294,31.3916622099499,SSP585,2030,0.00307267514904519
2456,79.5243009845641,31.2642176928874,SSP585,2030,0.00690785139027395
2457,80.4006590749733,31.1331130681935,SSP585,2030,0.00403397174083997
2458,81.2975332128167,31.1319609966062,SSP585,2030,0.00699079706037187
2459,82.1958484969362,31.1319609966062,SSP585,2030,0.00364168007936494
2460,83.0941637810557,31.1319609966062,SSP585,2030,0.00470528607971588
2461,83.9924790651753,31.1319609966062,SSP585,2030,0.00368877868615891
2462,84.8907943492948,31.1319609966062,SSP585,2030,0.00371792287897521
2463,85.7891096334143,31.1319609966062,SSP585,2030,0.00426909326316904
2464,86.6874249175338,31.1319609966062,SSP585,2030,0.00739508620702056
2465,87.5857402016533,31.1319609966062,SSP585,2030,0.00468669229874308
2466,88.4840554857729,31.1319609966062,SSP585,2030,0.00378847120393344
2467,89.3823707698924,31.1319609966062,SSP585,2030,0.00386976951115625
2468,90.2806860540119,31.1319609966062,SSP585,2030,0.00819126526866454
2469,91.1790013381314,31.1319609966062,SSP585,2030,0.016395774247324
2470,92.077316622251,31.1319609966062,SSP585,2030,0.00868617717965348
2471,92.9756319063705,31.1319609966062,SSP585,2030,0.00412454612375901
2472,93.87394719049,31.1319609966062,SSP585,2030,0.00787541773034606
2473,94.7722624746095,31.1319609966062,SSP585,2030,0.0068277180202555
2474,95.670577758729,31.1319609966062,SSP585,2030,0.00906666006253021
2475,96.5688930428486,31.1319609966062,SSP585,2030,0.0108171939266332
2476,97.4672083269681,31.1319609966062,SSP585,2030,0.0049902553214547
2477,98.3655236110876,31.1319609966062,SSP585,2030,0.00498211710755259
2478,99.2638388952071,31.1319609966062,SSP585,2030,0.00583574212619653
2479,100.162154179327,31.1319609966062,SSP585,2030,0.00449129366452694
2480,101.060469463446,31.1319609966062,SSP585,2030,0.00594194891084354
2481,101.958784747566,31.1319609966062,SSP585,2030,0.00669440685811373
2482,102.857100031685,31.1319609966062,SSP585,2030,0.150980158513505
2483,103.755415315805,31.1319609966062,SSP585,2030,0.292260330646759
2484,104.653730599924,31.1319609966062,SSP585,2030,0.187726809614187
2485,105.552045884044,31.1319609966062,SSP585,2030,0.00477852693989045
2486,106.450361168163,31.1319609966062,SSP585,2030,0.0146073631908329
2487,107.348676452283,31.1319609966062,SSP585,2030,0.0176800981427889
2488,108.246991736402,31.1319609966062,SSP585,2030,0.0327392315433658
2489,109.145307020522,31.1319609966062,SSP585,2030,0.0157348331657836
2490,110.043622304641,31.1319609966062,SSP585,2030,0.225363515222349
2491,110.941937588761,31.1319609966062,SSP585,2030,0.150440427033828
2492,111.84025287288,31.1319609966062,SSP585,2030,0.0369866893103535
2493,112.738568157,31.1319609966062,SSP585,2030,0.0488174548185126
2494,113.636883441119,31.1319609966062,SSP585,2030,0.0364452576210288
2495,114.535198725239,31.1319609966062,SSP585,2030,0.234830480077528
2496,115.433514009359,31.1319609966062,SSP585,2030,0.0473722932961667
2497,116.331829293478,31.1319609966062,SSP585,2030,0.0369440241220508
2498,117.230144577598,31.1319609966062,SSP585,2030,0.0546683024253081
2499,118.128459861717,31.1319609966062,SSP585,2030,0.061958296912607
2500,119.026775145836,31.1319609966061,SSP585,2030,0.0999277086814618
2501,119.925090429956,31.1319609966062,SSP585,2030,0.339946796089325
2502,120.823306314776,31.1318771084974,SSP585,2030,0.756690673449855
2503,121.534465366301,31.1003950863884,SSP585,2030,0.688783885793229
2504,122.660193100527,30.8377341745891,SSP585,2030,
2529,80.5290580079123,30.6245470088143,SSP585,2030,0.00439134556182985
2530,81.2600458606445,30.493018136216,SSP585,2030,0.0110632322714385
2531,82.272282138723,30.444751404294,SSP585,2030,0.00381401869569342
2532,83.0941637810557,30.359938109442,SSP585,2030,0.00665727422680074
2533,83.9924790651753,30.359938109442,SSP585,2030,0.00644268582155205
2534,84.8907943492948,30.359938109442,SSP585,2030,0.00305870479264192
2535,85.7891096334143,30.359938109442,SSP585,2030,0.00333468064581788
2536,86.6874249175338,30.359938109442,SSP585,2030,0.00362721601951588
2537,87.5857402016533,30.359938109442,SSP585,2030,0.00431256042608752
2538,88.4840554857729,30.359938109442,SSP585,2030,0.00285787476170007
2539,89.3823707698924,30.359938109442,SSP585,2030,0.0044560705069554
2540,90.2806860540119,30.359938109442,SSP585,2030,0.00663398787774117
2541,91.1790013381314,30.359938109442,SSP585,2030,0.0107854406583731
2542,92.077316622251,30.359938109442,SSP585,2030,0.00710557794798306
2543,92.9756319063705,30.359938109442,SSP585,2030,0.00651624879559565
2544,93.87394719049,30.359938109442,SSP585,2030,0.0171920950600223
2545,94.7722624746095,30.359938109442,SSP585,2030,0.0215113630663012
2546,95.670577758729,30.359938109442,SSP585,2030,0.00992897390335767
2547,96.5688930428485,30.359938109442,SSP585,2030,0.00558149500866345
2548,97.4672083269681,30.359938109442,SSP585,2030,0.00829408051324732
2549,98.3655236110876,30.359938109442,SSP585,2030,0.0042901017331487
2550,99.2638388952071,30.359938109442,SSP585,2030,0.00346785535267458
2551,100.162154179327,30.359938109442,SSP585,2030,0.00649215083651145
2552,101.060469463446,30.359938109442,SSP585,2030,0.0221107342822643
2553,101.958784747566,30.359938109442,SSP585,2030,0.0412232364519524
2554,102.857100031685,30.359938109442,SSP585,2030,0.126898611838565
2555,103.755415315805,30.359938109442,SSP585,2030,0.448576655231611
2556,104.653730599924,30.359938109442,SSP585,2030,0.309067330116725
2557,105.552045884044,30.359938109442,SSP585,2030,0.0167944698517372
2558,106.450361168163,30.359938109442,SSP585,2030,0.0115831935779087
2559,107.348676452283,30.359938109442,SSP585,2030,0.0305540232037148
2560,108.246991736402,30.359938109442,SSP585,2030,0.0124281718014606
2561,109.145307020522,30.359938109442,SSP585,2030,0.0331923564091711
2562,110.043622304641,30.359938109442,SSP585,2030,0.0138502022516416
2563,110.941937588761,30.359938109442,SSP585,2030,0.196938553111101
2564,111.84025287288,30.359938109442,SSP585,2030,0.13093529021935
2565,112.738568157,30.359938109442,SSP585,2030,0.0414994789988702
2566,113.636883441119,30.359938109442,SSP585,2030,0.151094062683128
2567,114.535198725239,30.359938109442,SSP585,2030,0.621182170872737
2568,115.433514009359,30.359938109442,SSP585,2030,0.0409835481779748
2569,116.331829293478,30.359938109442,SSP585,2030,0.0328806724722321
2570,117.230144577598,30.359938109442,SSP585,2030,0.0471725369211921
2571,118.128459861717,30.359938109442,SSP585,2030,0.0980046260979482
2572,119.026775145837,30.359938109442,SSP585,2030,0.301374782337097
2573,119.922323669823,30.3605647242723,SSP585,2030,0.811137931284602
2574,120.77452717431,30.3574019611609,SSP585,2030,
2575,121.639401002142,30.1205790517231,SSP585,2030,
2576,122.305678335048,30.2726493835941,SSP585,2030,
2603,82.6280026972768,29.9375101085613,SSP585,2030,0.00393237982017347
2604,83.2042845437638,29.7694639660965,SSP585,2030,0.00586682478682055
2605,83.9991049880704,29.6156110947249,SSP585,2030,0.00660179496863311
2606,84.8907943492948,29.5817737872574,SSP585,2030,0.00552228663668597
2607,85.7891096334143,29.5817737872574,SSP585,2030,0.00741095061666475
2608,86.6874249175338,29.5817737872574,SSP585,2030,0.00431494708940272
2609,87.5857402016533,29.5817737872574,SSP585,2030,0.00520014195911378
2610,88.4840554857729,29.5817737872574,SSP585,2030,0.0206943689744659
2611,89.3823707698924,29.5817737872574,SSP585,2030,0.0177945811675369
2612,90.2806860540119,29.5817737872574,SSP585,2030,0.0152736732999461
2613,91.1790013381314,29.5817737872574,SSP585,2030,0.101777633893231
2614,92.077316622251,29.5817737872574,SSP585,2030,0.0175500370708108
2615,92.9756319063705,29.5817737872574,SSP585,2030,0.00733565803587044
2616,93.87394719049,29.5817737872574,SSP585,2030,0.0172051538134825
2617,94.7722624746095,29.5817737872574,SSP585,2030,0.104497259644073
2618,95.670577758729,29.5817737872574,SSP585,2030,0.142687357003058
2619,96.5688930428486,29.5817737872574,SSP585,2030,0.0130194660461469
2620,97.4672083269681,29.5817737872574,SSP585,2030,0.00768361859899147
2621,98.3655236110876,29.5817737872574,SSP585,2030,0.0166726147122265
2622,99.2638388952071,29.5817737872574,SSP585,2030,0.00611027197006275
2623,100.162154179327,29.5817737872574,SSP585,2030,0.00689584848594471
2624,101.060469463446,29.5817737872574,SSP585,2030,0.0119740602906795
2625,101.958784747566,29.5817737872574,SSP585,2030,0.0545519782341224
2626,102.857100031685,29.5817737872574,SSP585,2030,0.422267932877667
2627,103.755415315805,29.5817737872574,SSP585,2030,0.0786258556617137
2628,104.653730599924,29.5817737872574,SSP585,2030,0.0558841987427784
2629,105.552045884044,29.5817737872574,SSP585,2030,0.0406985472045517
2630,106.450361168163,29.5817737872574,SSP585,2030,0.620527997215926
2631,107.348676452283,29.5817737872574,SSP585,2030,0.0238523006353506
2632,108.246991736402,29.5817737872574,SSP585,2030,0.0171869154062649
2633,109.145307020522,29.5817737872574,SSP585,2030,0.0165772208779019
2634,110.043622304641,29.5817737872574,SSP585,2030,0.0481409000529591
2635,110.941937588761,29.5817737872574,SSP585,2030,0.133586794992133
2636,111.84025287288,29.5817737872574,SSP585,2030,0.111080524539018
2637,112.738568157,29.5817737872574,SSP585,2030,0.104293639031348
2638,113.636883441119,29.5817737872574,SSP585,2030,0.0262368873441293
2639,114.535198725239,29.5817737872574,SSP585,2030,0.0230291206568047
2640,115.433514009359,29.5817737872574,SSP585,2030,0.0747692347983272
2641,116.331829293478,29.5817737872574,SSP585,2030,0.0837527235164799
2642,117.230144577598,29.5817737872574,SSP585,2030,0.0412298590693711
2643,118.128459861717,29.5817737872574,SSP585,2030,0.304395079081318
2644,119.026775145837,29.5817737872574,SSP585,2030,0.0855944781594691
2645,119.925090429956,29.5817737872574,SSP585,2030,0.109950879591388
2646,120.823405714076,29.5817737872574,SSP585,2030,0.133675247488904
2647,121.603046556683,29.5997257634977,SSP585,2030,0.179298313567425
2648,122.281324351433,29.842985990063,SSP585,2030,
2677,84.3429806097434,29.0529250558093,SSP585,2030,0.00944194484766037
2678,84.9441195618522,28.900901289775,SSP585,2030,0.0278922616394951
2679,85.7891096334143,28.7975638405778,SSP585,2030,0.0290678760263005
2680,86.6874249175338,28.7975638405778,SSP585,2030,0.0165658885797931
2681,87.5857402016533,28.7975638405778,SSP585,2030,0.0151299634108962
2682,88.4840554857729,28.7975638405778,SSP585,2030,0.00748167902029662
2683,89.3823707698924,28.7975638405778,SSP585,2030,0.00768301341475153
2684,90.2806860540119,28.7975638405778,SSP585,2030,0.0242598934041236
2685,91.1790013381314,28.7975638405778,SSP585,2030,0.0116274379451115
2686,92.077316622251,28.7975638405778,SSP585,2030,0.0188543527446814
2687,92.9756319063705,28.7975638405778,SSP585,2030,0.0118596709112182
2688,93.87394719049,28.7975638405778,SSP585,2030,0.0117351723283072
2689,94.7722624746095,28.7975638405778,SSP585,2030,0.00939058256188141
2690,95.670577758729,28.7975638405778,SSP585,2030,0.0064043451172715
2691,96.5688930428486,28.7975638405778,SSP585,2030,0.00650391007915174
2692,97.4611744775053,28.8095677415172,SSP585,2030,0.0102283544314503
2693,98.3655236110876,28.7975638405778,SSP585,2030,0.0136422404774924
2694,99.2638388952071,28.7975638405778,SSP585,2030,0.010168316891793
2695,100.162154179327,28.7975638405778,SSP585,2030,0.0221496576129959
2696,101.060469463446,28.7975638405778,SSP585,2030,0.00637881247889427
2697,101.958784747566,28.7975638405778,SSP585,2030,0.0098283516518427
2698,102.857100031685,28.7975638405778,SSP585,2030,0.00985489162224418
2699,103.755415315805,28.7975638405778,SSP585,2030,0.0555325602788571
2700,104.653730599924,28.7975638405778,SSP585,2030,0.0348206908936569
2701,105.552045884044,28.7975638405778,SSP585,2030,0.0448453838358206
2702,106.450361168163,28.7975638405778,SSP585,2030,0.0687022100082921
2703,107.348676452283,28.7975638405778,SSP585,2030,0.0462366710232206
2704,108.246991736402,28.7975638405778,SSP585,2030,0.00625300808449736
2705,109.145307020522,28.7975638405778,SSP585,2030,0.0138849203441878
2706,110.043622304641,28.7975638405778,SSP585,2030,0.041901697086676
2707,110.941937588761,28.7975638405778,SSP585,2030,0.0313731656277911
2708,111.84025287288,28.7975638405778,SSP585,2030,0.03477065176969
2709,112.738568157,28.7975638405778,SSP585,2030,0.0885581097595842
2710,113.636883441119,28.7975638405778,SSP585,2030,0.0158690491410358
2711,114.535198725239,28.7975638405778,SSP585,2030,0.0283642090075935
2712,115.433514009358,28.7975638405778,SSP585,2030,0.219170555975294
2713,116.331829293478,28.7975638405778,SSP585,2030,0.394463565078148
2714,117.230144577598,28.7975638405778,SSP585,2030,0.00599347314480614
2715,118.128459861717,28.7975638405778,SSP585,2030,0.142760200675674
2716,119.026775145837,28.7975638405778,SSP585,2030,0.194039203375115
2717,119.925090429956,28.7975638405778,SSP585,2030,0.311125371916735
2718,120.823405714076,28.7975638405778,SSP585,2030,0.22514983622056
2719,121.456467798715,28.8198556761205,SSP585,2030,0.0767275431960884
2750,85.2677621739188,28.3795009016026,SSP585,2030,0.0339374981785293
2751,85.951318224197,28.2515882288631,SSP585,2030,0.0320668901720409
2752,86.6908066449762,28.2070518418809,SSP585,2030,0.0151350624032754
2753,87.5750832987249,28.1394880788429,SSP585,2030,0.0206777815759686
2754,88.4791167905161,28.1733948054688,SSP585,2030,0.0120051119162634
2755,89.2531087399051,28.1052975903994,SSP585,2030,0.0151725661766319
2756,90.3407867191068,28.2769646691795,SSP585,2030,0.0109327195971594
2757,91.1929724321617,28.194285906939,SSP585,2030,0.0316998885058845
2758,92.0787371513601,28.0083311071685,SSP585,2030,0.0420124683331199
2759,92.9756319063705,28.0074093357378,SSP585,2030,0.00716350009965538
2760,93.87394719049,28.0074093357378,SSP585,2030,0.00768753662119681
2761,94.7321674667976,28.0614279812259,SSP585,2030,0.00928469108022989
2762,95.5837338655716,28.2753654913653,SSP585,2030,0.00783995068906374
2763,96.6525614962135,28.2130506523232,SSP585,2030,0.00662079627637113
2764,97.2256778531727,28.1449381212459,SSP585,2030,0.0067288954435204
2765,98.4718095257053,28.0515310005048,SSP585,2030,0.0185329849575607
2766,99.2638388952071,28.0074093357378,SSP585,2030,0.0369432071236333
2767,100.162154179327,28.0074093357378,SSP585,2030,0.0158641870341836
2768,101.060469463446,28.0074093357378,SSP585,2030,0.0173710183052856
2769,101.958784747566,28.0074093357378,SSP585,2030,0.035724014897625
2770,102.857100031685,28.0074093357378,SSP585,2030,0.00625666980361639
2771,103.755415315805,28.0074093357378,SSP585,2030,0.00166824243767738
2772,104.653730599924,28.0074093357378,SSP585,2030,0.00350073486202129
2773,105.552045884044,28.0074093357378,SSP585,2030,0.0131300490729227
2774,106.450361168163,28.0074093357378,SSP585,2030,0.0138633404487245
2775,107.348676452283,28.0074093357378,SSP585,2030,0.0858828917457829
2776,108.246991736402,28.0074093357378,SSP585,2030,0.0156388485288599
2777,109.145307020522,28.0074093357378,SSP585,2030,0.0155656464160044
2778,110.043622304641,28.0074093357378,SSP585,2030,0.032617566612549
2779,110.941937588761,28.0074093357378,SSP585,2030,0.0123963227276713
2780,111.84025287288,28.0074093357378,SSP585,2030,0.0224212816740436
2781,112.738568157,28.0074093357378,SSP585,2030,0.526332794630777
2782,113.636883441119,28.0074093357378,SSP585,2030,0.0868668722800505
2783,114.535198725239,28.0074093357378,SSP585,2030,0.0221924897944153
2784,115.433514009358,28.0074093357378,SSP585,2030,0.0128961153566161
2785,116.331829293478,28.0074093357378,SSP585,2030,0.0389381426939075
2786,117.230144577598,28.0074093357378,SSP585,2030,0.0388228543389845
2787,118.128459861717,28.0074093357378,SSP585,2030,0.114212801983801
2788,119.026775145837,28.0074093357378,SSP585,2030,0.201473714232489
2789,119.925090429956,28.0074093357378,SSP585,2030,0.236610555755118
2790,120.710954697087,28.085676170264,SSP585,2030,0.283651017891862
2791,121.399924172141,28.3033034093586,SSP585,2030,
2799,128.726766097212,27.6525708840276,SSP585,2030,
2826,88.8777301058324,27.5170886065542,SSP585,2030,0.0203347202050088
2827,89.0443904318711,27.4652747864857,SSP585,2030,0.0109610830171619
2830,92.2493205344729,27.3016511754727,SSP585,2030,0.00993143495570237
2831,92.9813592120786,27.2665790729466,SSP585,2030,0.0101119572296272
2832,93.7259154437825,27.333528957722,SSP585,2030,0.0114559090305463
2833,94.3856358938791,27.6080097806127,SSP585,2030,0.00896125728687314
2837,98.7344411122203,27.315860917647,SSP585,2030,0.00703095241943252
2838,99.2638388952071,27.2114166090938,SSP585,2030,0.0162529677815584
2839,100.162154179327,27.2114166090938,SSP585,2030,0.034017107774623
2840,101.060469463446,27.2114166090938,SSP585,2030,0.0127990574565995
2841,101.958784747566,27.2114166090938,SSP585,2030,0.0146214842839174
2842,102.857100031685,27.2114166090938,SSP585,2030,0.0122331897114414
2843,103.755415315805,27.2114166090938,SSP585,2030,0.00728646779279818
2844,104.653730599924,27.2114166090938,SSP585,2030,0.0242217621271582
2845,105.552045884044,27.2114166090938,SSP585,2030,0.0446241072377639
2846,106.450361168163,27.2114166090938,SSP585,2030,0.0154023601938607
2847,107.348676452283,27.2114166090938,SSP585,2030,0.00795601368861143
2848,108.246991736402,27.2114166090938,SSP585,2030,0.00931888358245914
2849,109.145307020522,27.2114166090938,SSP585,2030,0.00433786384130619
2850,110.043622304641,27.2114166090938,SSP585,2030,0.0619539994543047
2851,110.941937588761,27.2114166090938,SSP585,2030,0.0218597320832201
2852,111.84025287288,27.2114166090938,SSP585,2030,0.0250462426582007
2853,112.738568157,27.2114166090938,SSP585,2030,0.0522651538072091
2854,113.636883441119,27.2114166090938,SSP585,2030,0.00996059166436602
2855,114.535198725239,27.2114166090938,SSP585,2030,0.0253914725325684
2856,115.433514009358,27.2114166090938,SSP585,2030,0.0184132655547178
2857,116.331829293478,27.2114166090938,SSP585,2030,0.00487703444563525
2858,117.230144577598,27.2114166090938,SSP585,2030,0.0946170208610044
2859,118.128459861717,27.2114166090938,SSP585,2030,0.0294146067896827
2860,119.026775145837,27.2114166090938,SSP585,2030,0.0195606715114528
2861,119.898158829137,27.2338219897156,SSP585,2030,0.114636849723766
2862,120.491081450656,27.409030065604,SSP585,2030,0.0370827465268125
2909,98.7482628837472,26.2497822361461,SSP585,2030,0.00692015396227297
2910,99.2638388952071,26.4096972720129,SSP585,2030,0.018360531304384
2911,100.162154179327,26.4096972720129,SSP585,2030,0.027522794456373
2912,101.060469463446,26.4096972720129,SSP585,2030,0.0112295917910452
2913,101.958784747566,26.4096972720129,SSP585,2030,0.0299696848776743
2914,102.857100031685,26.4096972720129,SSP585,2030,0.00995995735342459
2915,103.755415315805,26.4096972720129,SSP585,2030,0.00363334487595324
2916,104.653730599924,26.4096972720129,SSP585,2030,0.0170255632357434
2917,105.552045884044,26.4096972720129,SSP585,2030,0.0112377831875834
2918,106.450361168163,26.4096972720129,SSP585,2030,0.225538589131511
2919,107.348676452283,26.4096972720129,SSP585,2030,0.0139147986056123
2920,108.246991736402,26.4096972720129,SSP585,2030,0.022731949057798
2921,109.145307020522,26.4096972720129,SSP585,2030,0.00630981171384548
2922,110.043622304641,26.4096972720129,SSP585,2030,0.0112042834997567
2923,110.941937588761,26.4096972720129,SSP585,2030,0.0174475761823961
2924,111.84025287288,26.4096972720129,SSP585,2030,0.02565462935003
2925,112.738568157,26.4096972720129,SSP585,2030,0.035032920374816
2926,113.636883441119,26.4096972720129,SSP585,2030,0.0101576744398888
2927,114.535198725239,26.4096972720129,SSP585,2030,0.012917526255394
2928,115.433514009358,26.4096972720129,SSP585,2030,0.00527094983577015
2929,116.331829293478,26.4096972720129,SSP585,2030,0.0233315186506604
2930,117.230144577598,26.4096972720129,SSP585,2030,0.135928465632283
2931,118.128459861717,26.4096972720129,SSP585,2030,0.0572608469153287
2932,119.026775145837,26.4096972720129,SSP585,2030,0.67758992376166
2933,119.699784372173,26.4770996501751,SSP585,2030,
2980,97.8867117416,25.2265235360335,SSP585,2030,0.00776317685500383
2981,98.5007709162612,25.4824941548273,SSP585,2030,0.0549274449459449
2982,99.2638388952071,25.6023682062936,SSP585,2030,0.0221156188922786
2983,100.162154179327,25.6023682062936,SSP585,2030,0.0520703456052135
2984,101.060469463446,25.6023682062936,SSP585,2030,0.00734980523717899
2985,101.958784747566,25.6023682062936,SSP585,2030,0.00574630111244179
2986,102.857100031685,25.6023682062936,SSP585,2030,0.0159942115418257
2987,103.755415315805,25.6023682062935,SSP585,2030,0.00391416232900987
2988,104.653730599924,25.6023682062936,SSP585,2030,0.00542753435959376
2989,105.552045884044,25.6023682062936,SSP585,2030,0.0231157786454315
2990,106.450361168163,25.6023682062936,SSP585,2030,0.00703384924049155
2991,107.348676452283,25.6023682062936,SSP585,2030,0.0256944870104353
2992,108.246991736402,25.6023682062936,SSP585,2030,0.0193404831392398
2993,109.145307020522,25.6023682062936,SSP585,2030,0.0104365402791287
2994,110.043622304641,25.6023682062936,SSP585,2030,0.0616168002347166
2995,110.941937588761,25.6023682062936,SSP585,2030,0.0219888379740695
2996,111.84025287288,25.6023682062935,SSP585,2030,0.0181283818038136
2997,112.738568157,25.6023682062935,SSP585,2030,0.0305680408622414
2998,113.636883441119,25.6023682062936,SSP585,2030,0.010896743032952
2999,114.535198725239,25.6023682062935,SSP585,2030,0.0676128275995725
3000,115.433514009358,25.6023682062936,SSP585,2030,0.0303057794534503
3001,116.331829293478,25.6023682062935,SSP585,2030,0.0120852788392726
3002,117.230144577598,25.6023682062936,SSP585,2030,0.042519538587238
3003,118.128459861717,25.6023682062935,SSP585,2030,0.0410480126578426
3004,118.992956620772,25.631577071702,SSP585,2030,0.130870586501168
3005,119.619873555739,25.6797528327445,SSP585,2030,
3007,121.578657861701,25.2596176961329,SSP585,2030,
3052,97.7879505796289,24.7194255762163,SSP585,2030,0.0536812154333935
3053,98.3655236110876,24.7895515496951,SSP585,2030,0.0469448249428662
3054,99.2638388952071,24.7895515496951,SSP585,2030,0.0279766229154844
3055,100.162154179327,24.7895515496951,SSP585,2030,0.0192080188128563
3056,101.060469463446,24.7895515496951,SSP585,2030,0.029216361355956
3057,101.958784747566,24.7895515496951,SSP585,2030,0.0116495280902379
3058,102.857100031685,24.7895515496951,SSP585,2030,0.0812857082319959
3059,103.755415315805,24.7895515496951,SSP585,2030,0.00533506220934399
3060,104.653730599924,24.7895515496952,SSP585,2030,0.0227763777212074
3061,105.552045884044,24.7895515496952,SSP585,2030,0.00968501657903131
3062,106.450361168163,24.7895515496952,SSP585,2030,0.0131705741323619
3063,107.348676452283,24.7895515496951,SSP585,2030,0.00353726584376268
3064,108.246991736402,24.7895515496951,SSP585,2030,0.0128378064467979
3065,109.145307020522,24.7895515496951,SSP585,2030,0.0149061023996676
3066,110.043622304641,24.7895515496951,SSP585,2030,0.029477063662364
3067,110.941937588761,24.7895515496952,SSP585,2030,0.0262012327316765
3068,111.84025287288,24.7895515496952,SSP585,2030,0.0133668571803978
3069,112.738568157,24.7895515496951,SSP585,2030,0.0788491264075968
3070,113.636883441119,24.7895515496951,SSP585,2030,0.0302903890512974
3071,114.535198725239,24.7895515496951,SSP585,2030,0.0278762326529213
3072,115.433514009359,24.7895515496952,SSP585,2030,0.00321551326224046
3073,116.331829293478,24.7895515496951,SSP585,2030,0.0250920427992669
3074,117.230144577598,24.7895515496951,SSP585,2030,0.0386025270328547
3075,118.103685005399,24.8335919626298,SSP585,2030,0.458018804820747
3076,118.770018251412,24.9604093153143,SSP585,2030,0.10065418094254
3077,119.529875381744,25.1645582018131,SSP585,2030,
3078,121.03556563845,24.6611293921698,SSP585,2030,0.00663135183153629
3079,121.56864199819,24.7835886413952,SSP585,2030,0.0316301688684491
3124,97.7970304358934,24.1256640633575,SSP585,2030,0.0283122956537853
3125,98.3749712442988,24.2095109068584,SSP585,2030,0.0221893736333316
3126,99.2743437523302,23.9744891188441,SSP585,2030,0.00699979469440593
3127,100.162154179327,23.9713746712774,SSP585,2030,0.00881534801286088
3128,101.060469463446,23.9713746712774,SSP585,2030,0.00685347607441134
3129,101.958784747566,23.9713746712774,SSP585,2030,0.010223824040597
3130,102.857100031685,23.9713746712774,SSP585,2030,0.00981347452130321
3131,103.755415315805,23.9713746712774,SSP585,2030,0.0115351201064141
3132,104.653730599924,23.9713746712774,SSP585,2030,0.00391084215608994
3133,105.552045884044,23.9713746712774,SSP585,2030,0.00390678392248189
3134,106.450361168163,23.9713746712774,SSP585,2030,0.166521546687335
3135,107.348676452283,23.9713746712774,SSP585,2030,0.00286422919915408
3136,108.246991736402,23.9713746712774,SSP585,2030,0.00418207258049452
3137,109.145307020522,23.9713746712774,SSP585,2030,0.0425552015463668
3138,110.043622304641,23.9713746712774,SSP585,2030,0.0249412833136914
3139,110.941937588761,23.9713746712774,SSP585,2030,0.0176713932763403
3140,111.84025287288,23.9713746712774,SSP585,2030,0.00549801935228345
3141,112.738568157,23.9713746712774,SSP585,2030,0.0252267207253037
3142,113.636883441119,23.9713746712774,SSP585,2030,0.0918112251600235
3143,114.535198725239,23.9713746712774,SSP585,2030,0.00974227271380301
3144,115.433514009358,23.9713746712774,SSP585,2030,0.00930197348925765
3145,116.331829293478,23.9713746712774,SSP585,2030,0.0290564529800182
3146,117.191222728809,24.0222770833957,SSP585,2030,0.0397951870321504
3147,117.854883905339,24.2148744488918,SSP585,2030,0.0171365520254989
3149,120.221854614265,23.7097940313673,SSP585,2030,0.00381226646013311
3150,120.846137945521,23.9540851768199,SSP585,2030,0.0309217408449701
3151,121.458705062506,24.0222293246619,SSP585,2030,0.00810001937959148
3198,99.3818928735171,23.2595074386355,SSP585,2030,0.00813795999037115
3199,100.162154179327,23.1479701362804,SSP585,2030,0.00748070059278017
3200,101.060469463446,23.1479701362804,SSP585,2030,0.0177196964721051
3201,101.958784747566,23.1479701362804,SSP585,2030,0.00620411610862459
3202,102.859068188151,23.150331696772,SSP585,2030,0.00711915632011018
3203,103.752939554375,23.1591812276401,SSP585,2030,0.0154824697894782
3204,104.592306121855,23.2181102359245,SSP585,2030,0.00636949148772703
3205,105.637298913065,23.3359235141008,SSP585,2030,0.0702037135209122
3206,106.475548226612,23.2271455875199,SSP585,2030,0.0279523543285539
3207,107.348676452283,23.1479701362804,SSP585,2030,0.0136591266059091
3208,108.246991736402,23.1479701362804,SSP585,2030,0.251151857542722
3209,109.145307020522,23.1479701362804,SSP585,2030,0.0132958194457798
3210,110.043622304641,23.1479701362804,SSP585,2030,0.0278954566940209
3211,110.941937588761,23.1479701362804,SSP585,2030,0.0317579108341247
3212,111.84025287288,23.1479701362804,SSP585,2030,0.00962627183185449
3213,112.738568157,23.1479701362804,SSP585,2030,0.154838246587246
3214,113.639285778782,23.1590943187585,SSP585,2030,0.442487894973563
3215,114.531984510007,23.153014596904,SSP585,2030,0.0638306475102238
3216,115.427598084043,23.1823728619401,SSP585,2030,0.0223519450884653
3217,116.261286891506,23.2582140647182,SSP585,2030,0.029536456449702
3218,116.927027748067,23.4499778619798,SSP585,2030,
3221,120.221142954146,23.1791573865647,SSP585,2030,0.0162103317366332
3222,120.816755431211,23.153579391231,SSP585,2030,0.0101840481098849
3223,121.363353115256,23.3288688416662,SSP585,2030,
3270,99.5091895514656,22.394686521223,SSP585,2030,0.0100297942634225
3271,100.182410647923,22.3419400992303,SSP585,2030,0.0167584880377564
3272,101.060469463446,22.3194756603065,SSP585,2030,0.0689218171097068
3273,101.851914570071,22.4999659332882,SSP585,2030,0.0103124112348731
3274,102.999812049618,22.6383656852558,SSP585,2030,0.00412202682090745
3275,103.828465415847,22.6606829913289,SSP585,2030,0.00428401499328124
3276,104.348950652664,22.722767091343,SSP585,2030,0.00380076193992329
3278,106.782247985507,22.3665776705727,SSP585,2030,0.0384949202809388
3279,107.351531787224,22.3223862660348,SSP585,2030,0.155470153090453
3280,108.246922741308,22.3195653703174,SSP585,2030,0.0863587742773537
3281,109.145307020522,22.3194756603065,SSP585,2030,0.00870469804871643
3282,110.043622304641,22.3194756603066,SSP585,2030,0.0131609000437783
3283,110.941937588761,22.3194756603065,SSP585,2030,0.00849288908993451
3284,111.84025287288,22.3194756603065,SSP585,2030,0.00963359267872976
3285,112.717104645741,22.3404322989481,SSP585,2030,0.0445776013720199
3286,113.537399181204,22.4349843153421,SSP585,2030,
3287,114.380911550424,22.552377428192,SSP585,2030,
3288,115.378089459572,22.7124266281378,SSP585,2030,0.00307444931348311
3293,120.320820294217,22.6300187239725,SSP585,2030,
3294,120.721261472319,22.4464503673936,SSP585,2030,0.00876593734924969
3343,100.335027314396,21.7203143463617,SSP585,2030,0.00669846866259782
3344,101.136271136014,21.6540831738014,SSP585,2030,0.0347240533062805
3345,101.651772131567,21.5469262642757,SSP585,2030,0.0231467202861082
3351,107.467093467528,21.789247955818,SSP585,2030,0.00396793863088185
3352,108.198178205548,21.7478314066419,SSP585,2030,0.0309378462400589
3353,109.196132495051,21.7053203815841,SSP585,2030,0.149277235868946
3354,110.082218872487,21.5190952770571,SSP585,2030,0.0538783731336703
3355,110.890736285408,21.6254148846067,SSP585,2030,0.023570878684347
3356,111.74892674324,21.7484658164556,SSP585,2030,0.0217088598946732
3357,112.584667823715,21.7827317191694,SSP585,2030,
3366,120.843290592731,21.8933460897806,SSP585,2030,
3425,109.062996181376,21.0234111459488,SSP585,2030,
3426,110.092605600305,20.6701691550561,SSP585,2030,0.0287447340853861
3497,109.324446468178,19.5856226832613,SSP585,2030,0.0839159563316463
3498,110.0563915473,19.6851951804218,SSP585,2030,0.0974734477125661
3499,110.734580573795,19.7239358643008,SSP585,2030,0.0507791476342548
3568,108.676978172325,19.0248936490551,SSP585,2030,0.0447345295939289
3569,109.149109458957,18.9566394088086,SSP585,2030,0.172334017420268
3570,110.030552654776,18.9722941595042,SSP585,2030,0.0967510315990803
3571,110.573927534664,19.1556759733639,SSP585,2030,
3641,109.256091828207,18.4105060800407,SSP585,2030,0.0731631119029321
3642,109.813775472095,18.409118131092,SSP585,2030,
54,120.98934621946,53.1655657942916,SSP585,2050,4.77542666722508e-05
55,121.766597775951,53.2204133988419,SSP585,2050,4.83974674357901e-05
56,122.625962550526,53.2615170240288,SSP585,2050,8.37547893194346e-05
57,123.503872211582,53.2867806513094,SSP585,2050,0.00020100195168582
58,124.234533147575,53.1929084230386,SSP585,2050,6.38649819447723e-05
59,125.067534970276,53.1220547884351,SSP585,2050,6.66536129863005e-05
125,120.201065679812,52.686172327543,SSP585,2050,5.02629434384616e-05
126,120.844576434726,52.8132208818435,SSP585,2050,5.02572959217851e-05
127,121.721720998195,52.820390340621,SSP585,2050,4.55309234440593e-05
128,122.620036282315,52.820390340621,SSP585,2050,0.000641847950383356
129,123.518351566434,52.820390340621,SSP585,2050,0.000131833539762649
130,124.416446647668,52.8202403435421,SSP585,2050,0.000108184160640956
131,125.28164631535,52.8005737429746,SSP585,2050,7.13484095017369e-05
132,125.869886774161,52.6803504259881,SSP585,2050,0.000110054028287898
197,120.067097887072,52.5451834148273,SSP585,2050,4.74506677435871e-05
198,120.968340417924,52.2812213666407,SSP585,2050,6.94431697576547e-05
199,121.721720998195,52.274134035273,SSP585,2050,0.000355135174844423
200,122.620036282315,52.274134035273,SSP585,2050,6.56120325370768e-05
201,123.518351566434,52.274134035273,SSP585,2050,0.000101061609984576
202,124.416666850554,52.274134035273,SSP585,2050,9.0905720676826e-05
203,125.314982134673,52.274134035273,SSP585,2050,0.000107231565334875
204,126.039464540426,52.2416405198819,SSP585,2050,7.33391213983969e-05
269,120.217755654577,51.5814892348358,SSP585,2050,6.18717159733828e-05
270,120.848137852535,51.704730306573,SSP585,2050,0.000690868476678541
271,121.721720998195,51.7210618695902,SSP585,2050,0.000360218581548222
272,122.620036282315,51.7210618695902,SSP585,2050,0.000134761740026024
273,123.518351566434,51.7210618695902,SSP585,2050,0.000124112711679225
274,124.416666850554,51.7210618695902,SSP585,2050,0.000197030351667626
275,125.314982134673,51.7210618695902,SSP585,2050,9.35977046498948e-05
276,126.170400509542,51.7017618694339,SSP585,2050,0.000127938667438876
277,126.709879883934,51.4945263196956,SSP585,2050,8.99042488097246e-05
341,120.052672960567,51.1281229030947,SSP585,2050,0.00055689271295678
342,120.823405714076,51.1611409828537,SSP585,2050,0.000361800928014078
343,121.721720998195,51.1611409828537,SSP585,2050,0.00129558258216722
344,122.620036282315,51.1611409828537,SSP585,2050,0.000101858049086911
345,123.518351566434,51.1611409828537,SSP585,2050,0.000124025846845011
346,124.416666850554,51.1611409828537,SSP585,2050,9.57954642459846e-05
347,125.314982134673,51.1611409828537,SSP585,2050,0.000411384829012484
348,126.213297418793,51.1611409828537,SSP585,2050,0.000103109291922476
349,126.794002975364,51.1063729353377,SSP585,2050,9.46272724180464e-05
412,119.343388779203,50.476249202058,SSP585,2050,0.000183094297647957
413,119.925453215316,50.5941192066292,SSP585,2050,0.000542458657703859
414,120.823405714076,50.5943407078584,SSP585,2050,0.00183778352525066
415,121.721720998195,50.5943407078585,SSP585,2050,0.0112029923199209
416,122.620036282315,50.5943407078584,SSP585,2050,0.000154358546510358
417,123.518351566434,50.5943407078585,SSP585,2050,0.000118200359068288
418,124.416666850554,50.5943407078585,SSP585,2050,0.000429771328695927
419,125.314982134673,50.5943407078585,SSP585,2050,0.000118776104485185
420,126.213297418793,50.5943407078585,SSP585,2050,0.000109966786171256
421,126.964999554068,50.5798376124154,SSP585,2050,0.000109246737207469
481,116.711274531013,49.77390874873,SSP585,2050,5.85439473720362e-05
482,116.834034981637,49.7553445255093,SSP585,2050,5.7537475947389e-05
483,118.469695477319,49.7918715903298,SSP585,2050,6.59309305522937e-05
484,119.132454390713,49.9209814543472,SSP585,2050,0.00341623716393213
485,119.925090429956,50.0206326773674,SSP585,2050,0.00692936434991198
486,120.823405714076,50.0206326773673,SSP585,2050,0.000105735100510151
487,121.721720998195,50.0206326773674,SSP585,2050,0.000370536964651169
488,122.620036282315,50.0206326773673,SSP585,2050,8.22116402352524e-05
489,123.518351566434,50.0206326773674,SSP585,2050,0.000111073277993978
490,124.416666850554,50.0206326773673,SSP585,2050,0.000104309903159128
491,125.314982134673,50.0206326773674,SSP585,2050,0.000117306284858065
492,126.213297418793,50.0206326773673,SSP585,2050,0.000113720336560874
493,127.071793365452,50.0151123819584,SSP585,2050,0.000115952249160389
494,127.570463755481,49.7388191656239,SSP585,2050,0.000110231176241538
521,87.7091892693464,49.1515402210725,SSP585,2050,6.75192875680963e-05
553,116.572765545186,49.3853507424718,SSP585,2050,5.60457110564405e-05
554,117.198954478699,49.4001066010845,SSP585,2050,0.0026970332958749
555,118.165290837583,49.4066779423352,SSP585,2050,0.00147382165477117
556,119.026775145837,49.4399909322379,SSP585,2050,0.00308425292094339
557,119.925090429956,49.4399909322379,SSP585,2050,0.067670930712903
558,120.823405714076,49.4399909322379,SSP585,2050,0.00131061609989191
559,121.721720998195,49.4399909322379,SSP585,2050,0.590942334642021
560,122.620036282315,49.4399909322379,SSP585,2050,0.000551168665305246
561,123.518351566434,49.4399909322379,SSP585,2050,0.000343236316879603
562,124.416666850554,49.4399909322379,SSP585,2050,0.000129478574596109
563,125.314982134673,49.4399909322379,SSP585,2050,0.00076133071268425
564,126.213297418793,49.4399909322379,SSP585,2050,0.000119762649126276
565,127.111612702912,49.4399909322379,SSP585,2050,0.00010078504334321
566,127.98718532064,49.3623581966388,SSP585,2050,0.000108258245719473
567,128.831379265101,49.3034455231243,SSP585,2050,9.1883381315383e-05
568,129.488923343649,49.2420104228533,SSP585,2050,9.61210186218864e-05
592,86.9202945882899,48.8163648995094,SSP585,2050,0.0422531314425674
593,87.5175865543879,48.8189026350264,SSP585,2050,0.00750469306626267
624,115.85369488121,48.5865829278789,SSP585,2050,5.45543654023595e-05
625,116.39445686148,48.831778041997,SSP585,2050,0.00011534880214803
626,117.230144577598,48.8523920310858,SSP585,2050,0.00250230463589984
627,118.128459861717,48.8523920310858,SSP585,2050,0.000115793192148161
628,119.026775145837,48.8523920310858,SSP585,2050,0.0013895517915038
629,119.925090429956,48.8523920310858,SSP585,2050,0.00371548207520334
630,120.823405714076,48.8523920310858,SSP585,2050,0.00219646915909455
631,121.721720998195,48.8523920310858,SSP585,2050,0.000158651110859775
632,122.620036282315,48.8523920310858,SSP585,2050,0.000135635517316879
633,123.518351566434,48.8523920310858,SSP585,2050,0.000154450771692849
634,124.416666850554,48.8523920310858,SSP585,2050,0.000171399434208741
635,125.314982134673,48.8523920310858,SSP585,2050,0.000510296771699781
636,126.213297418793,48.8523920310858,SSP585,2050,0.000272285933035854
637,127.111612702912,48.8523920310858,SSP585,2050,0.000111653174760029
638,128.009927987032,48.8523920310858,SSP585,2050,9.71814506305346e-05
639,128.908243271151,48.8523920310858,SSP585,2050,9.95261613385701e-05
640,129.75001917565,48.8148712474288,SSP585,2050,0.000630018184601622
641,130.410048953189,48.71833618111,SSP585,2050,9.49227105936368e-05
663,85.9139404436413,48.1661656374963,SSP585,2050,0.00309703611996426
664,86.7048538340238,48.24460805052,SSP585,2050,0.486211966906113
665,87.5854669535804,48.2576294146869,SSP585,2050,0.0227651469233677
666,88.3705260671709,48.1766476271419,SSP585,2050,0.00335238403405247
667,89.2463380726373,47.9857316877949,SSP585,2050,6.69707537899189e-05
696,115.740599914767,48.1790012201688,SSP585,2050,0.000114381646168282
697,116.331829293478,48.2578151613334,SSP585,2050,5.73307879306872e-05
698,117.230144577598,48.2578151613334,SSP585,2050,0.000724344477488925
699,118.13011213289,48.2733226343002,SSP585,2050,0.000433839332016017
700,119.026775145837,48.2578151613334,SSP585,2050,0.000104431101444979
701,119.925090429956,48.2578151613334,SSP585,2050,0.000143684331386451
702,120.823405714076,48.2578151613334,SSP585,2050,0.000129821041055855
703,121.721720998195,48.2578151613334,SSP585,2050,0.000100875799535327
704,122.620036282315,48.2578151613334,SSP585,2050,0.000376106520574293
705,123.518351566434,48.2578151613334,SSP585,2050,0.000311933860826397
706,124.416666850554,48.2578151613334,SSP585,2050,0.000376251201513855
707,125.314982134673,48.2578151613334,SSP585,2050,9.24386588201376e-05
708,126.213297418793,48.2578151613334,SSP585,2050,0.000166969688807583
709,127.111612702912,48.2578151613334,SSP585,2050,9.54531776291567e-05
710,128.009927987032,48.2578151613334,SSP585,2050,0.00032539438074386
711,128.908243271151,48.2578151613334,SSP585,2050,0.00190640903856643
712,129.806558555271,48.2578151613334,SSP585,2050,0.000596769956886289
713,130.477617167769,48.2559764356194,SSP585,2050,0.000104090612090491
715,132.899793063143,47.9733221656625,SSP585,2050,9.87021688141354e-05
716,133.481662555861,48.0495881915785,SSP585,2050,0.000186370929817103
717,134.264868847672,48.1579412262461,SSP585,2050,0.000414050047871206
718,134.863543647366,48.3538447960947,SSP585,2050,9.59801988855702e-05
735,85.9058128763012,47.6648905617173,SSP585,2050,0.00505970916623799
736,86.6874249175338,47.6562422514796,SSP585,2050,0.238022577683708
737,87.5857402016534,47.6562422514796,SSP585,2050,0.117930778812338
738,88.4840554857729,47.6562422514796,SSP585,2050,0.365134259217353
739,89.3688027335583,47.6470389607416,SSP585,2050,6.06495765400616e-05
740,90.0896256775331,47.5522301592798,SSP585,2050,6.03775421605945e-05
768,115.742960922916,47.8573574112534,SSP585,2050,8.87238305906646e-05
769,116.242724460058,47.8813254246438,SSP585,2050,7.1901458827961e-05
770,117.253385819125,47.8491485644781,SSP585,2050,6.16149049206261e-05
771,118.234383493322,47.9444967142522,SSP585,2050,7.00148724072092e-05
772,119.144935197998,47.7461877501696,SSP585,2050,0.000631140745893544
773,119.925090429956,47.6562422514796,SSP585,2050,0.000312558740312441
774,120.823405714076,47.6562422514796,SSP585,2050,0.000278729735132988
775,121.721720998195,47.6562422514796,SSP585,2050,0.000245542850670355
776,122.620036282315,47.6562422514796,SSP585,2050,0.000322145770912607
777,123.518351566434,47.6562422514796,SSP585,2050,0.0169100625699089
778,124.416666850554,47.6562422514796,SSP585,2050,0.000385190723494522
779,125.314982134673,47.6562422514796,SSP585,2050,0.000115995491320797
780,126.213297418793,47.6562422514796,SSP585,2050,0.000117505502354454
781,127.111612702912,47.6562422514796,SSP585,2050,0.000138019515324439
782,128.009927987032,47.6562422514796,SSP585,2050,8.84780466433588e-05
783,128.908243271151,47.6562422514796,SSP585,2050,0.000523790810013081
784,129.806558555271,47.6562422514796,SSP585,2050,0.000208989264551818
785,130.648852643266,47.6230947207924,SSP585,2050,0.00011065874343974
786,131.589570707117,47.5189403775607,SSP585,2050,0.000104654658823811
787,132.560679800733,47.5906497215057,SSP585,2050,0.000187030889526763
788,133.399819691749,47.6562422514796,SSP585,2050,0.000103288385238209
789,134.22058328802,47.671576188675,SSP585,2050,0.000101829058012481
804,83.1954396533843,46.9248112568598,SSP585,2050,0.0159592869189934
805,83.9825645471563,46.8576473432864,SSP585,2050,0.0348993455759594
806,84.9135394220077,46.8595437220095,SSP585,2050,0.00092435489122733
807,85.8462850827722,47.0177993100224,SSP585,2050,0.0604578359251012
808,86.6874249175338,47.0476580844109,SSP585,2050,0.0260049910593712
809,87.5857402016533,47.0476580844109,SSP585,2050,0.476517136242031
810,88.4840554857729,47.0476580844109,SSP585,2050,0.0249799497811355
811,89.3823707698924,47.0476580844109,SSP585,2050,0.00301250051969348
812,90.2402545961506,47.02754482209,SSP585,2050,0.000602056149100916
813,90.821609325153,46.839788193661,SSP585,2050,0.000271587646561766
844,119.417442796296,47.2978021972506,SSP585,2050,8.63737352349014e-05
845,120.035341980555,47.0853409027756,SSP585,2050,0.00189238190795227
846,120.823405714076,47.0476580844109,SSP585,2050,0.000176266736693464
847,121.721720998195,47.0476580844109,SSP585,2050,0.000110768541687345
848,122.620036282315,47.0476580844109,SSP585,2050,0.00012483199977209
849,123.518351566434,47.0476580844109,SSP585,2050,0.00447596750014334
850,124.416666850554,47.0476580844109,SSP585,2050,0.0459497800435428
851,125.314982134673,47.0476580844109,SSP585,2050,0.000268715601222769
852,126.213297418793,47.0476580844109,SSP585,2050,0.000132149280776539
853,127.111612702912,47.0476580844109,SSP585,2050,0.000116714218295511
854,128.009927987032,47.0476580844109,SSP585,2050,0.000159241947392252
855,128.908243271151,47.0476580844109,SSP585,2050,0.00816095897074209
856,129.806558555271,47.0476580844109,SSP585,2050,0.000227101461790613
857,130.70487383939,47.0476580844109,SSP585,2050,0.000404711620479614
858,131.60318912351,47.0476580844109,SSP585,2050,0.000242008960804063
859,132.501504407629,47.0476580844109,SSP585,2050,9.19501285395752e-05
860,133.399819691749,47.0476580844109,SSP585,2050,0.000165369632911916
861,133.976514896106,47.0990881560482,SSP585,2050,9.24014269153561e-05
875,82.5864580400594,46.2200896094133,SSP585,2050,8.75672379706538e-05
876,83.1104393169426,46.424295443549,SSP585,2050,0.0358616666435045
877,83.9924790651753,46.4320504115606,SSP585,2050,0.0969584970868522
878,84.8907943492948,46.4320504115606,SSP585,2050,0.000300000415595858
879,85.7891096334143,46.4320504115606,SSP585,2050,0.0917008503876453
880,86.6874249175338,46.4320504115606,SSP585,2050,4.7607452106524e-05
881,87.5857402016533,46.4320504115606,SSP585,2050,0.000173484256492107
882,88.4840554857729,46.4320504115606,SSP585,2050,0.000118138779262922
883,89.3823707698924,46.4320504115606,SSP585,2050,0.000670808415303315
884,90.2806860540119,46.4320504115606,SSP585,2050,0.00231796020080466
885,90.8529326169999,46.4570364332891,SSP585,2050,0.0108651206142568
913,116.624950112389,46.2109749385944,SSP585,2050,7.05466595951609e-05
914,117.298604040098,46.2912349368042,SSP585,2050,6.97615527505135e-05
915,118.159114464416,46.3879039558282,SSP585,2050,8.51872045629643e-05
916,119.008821423464,46.3971338258893,SSP585,2050,0.000346949122937645
917,119.949979796371,46.409367537793,SSP585,2050,0.000198999309523273
918,120.823405714076,46.4320504115606,SSP585,2050,0.000224341024838592
919,121.721720998195,46.4320504115606,SSP585,2050,0.000106195488958072
920,122.620036282315,46.4320504115606,SSP585,2050,0.000602636784360344
921,123.518351566434,46.4320504115606,SSP585,2050,0.000631756904993397
922,124.416666850554,46.4320504115606,SSP585,2050,0.00231820419408602
923,125.314982134673,46.4320504115606,SSP585,2050,0.00818403782833876
924,126.213297418793,46.4320504115606,SSP585,2050,0.000116229782402555
925,127.111612702912,46.4320504115606,SSP585,2050,0.000118022830198572
926,128.009927987032,46.4320504115606,SSP585,2050,0.000125050951193195
927,128.908243271151,46.4320504115606,SSP585,2050,0.000351646951014639
928,129.806558555271,46.4320504115606,SSP585,2050,9.71532415294796e-05
929,130.70487383939,46.4320504115606,SSP585,2050,0.000173189495333625
930,131.60318912351,46.4320504115606,SSP585,2050,0.000180326042277801
931,132.501504407629,46.4320504115606,SSP585,2050,0.000262129041045722
932,133.389053099742,46.4374325074708,SSP585,2050,9.65938168219216e-05
933,133.896669596222,46.6427376126053,SSP585,2050,8.90810660006958e-05
947,82.489698890592,45.7739902536515,SSP585,2050,0.000354335295729369
948,83.0941637810557,45.8094100677068,SSP585,2050,0.000642348351505229
949,83.9924790651753,45.8094100677068,SSP585,2050,0.000413373033462339
950,84.8907943492948,45.8094100677068,SSP585,2050,0.071282341235778
951,85.7891096334143,45.8094100677068,SSP585,2050,0.0295924996116105
952,86.6874249175338,45.8094100677068,SSP585,2050,4.44808624988635e-05
953,87.5857402016533,45.8094100677068,SSP585,2050,0.000199361617789773
954,88.4840554857729,45.8094100677068,SSP585,2050,4.16093432202835e-05
955,89.3823707698924,45.8094100677068,SSP585,2050,0.000147610793939656
956,90.2695569077331,45.814686522634,SSP585,2050,0.000121724559714598
957,90.8288417443276,45.9987771619666,SSP585,2050,4.86806183462862e-05
984,115.809621293604,45.5400507832078,SSP585,2050,0.000114262834520651
985,116.434159903514,45.7684662849873,SSP585,2050,8.77743360754302e-05
986,117.230144577598,45.8094100677068,SSP585,2050,0.000301684085359133
987,118.128459861717,45.8094100677068,SSP585,2050,0.000198581920994534
988,119.026775145837,45.8094100677068,SSP585,2050,0.000255891115652607
989,119.925090429956,45.8094100677068,SSP585,2050,0.000395537926324963
990,120.823405714076,45.8094100677068,SSP585,2050,9.96569453385332e-05
991,121.721720998195,45.8094100677068,SSP585,2050,0.000657779379825696
992,122.620036282315,45.8094100677068,SSP585,2050,0.000555326268659506
993,123.518351566434,45.8094100677068,SSP585,2050,0.000428985080554334
994,124.416666850554,45.8094100677068,SSP585,2050,0.000268347944039848
995,125.314982134673,45.8094100677068,SSP585,2050,0.000247788818362293
996,126.213297418793,45.8094100677068,SSP585,2050,0.520224500981899
997,127.111612702912,45.8094100677068,SSP585,2050,0.0483975909977781
998,128.009927987032,45.8094100677068,SSP585,2050,0.00012268458718967
999,128.908243271151,45.8094100677068,SSP585,2050,0.000138724056753414
1000,129.806558555271,45.8094100677068,SSP585,2050,0.000106350802473565
1001,130.70487383939,45.8094100677068,SSP585,2050,0.00157705384137963
1002,131.60318912351,45.8094100677068,SSP585,2050,9.20229826768537e-05
1003,132.501504407629,45.8094100677068,SSP585,2050,9.1222628411991e-05
1004,133.233182127971,45.8607042493194,SSP585,2050,6.38939569678199e-05
1016,79.9363938972813,44.9066047477668,SSP585,2050,0.000106529875023798
1017,80.4564404704518,44.9712759932945,SSP585,2050,0.000105990906836606
1018,81.3471555017718,45.0528063060372,SSP585,2050,0.000501761324176009
1019,82.2140548287345,45.0946694965179,SSP585,2050,0.00209206368657378
1020,83.0941637810557,45.1797310861844,SSP585,2050,0.000106781703705483
1021,83.9924790651753,45.1797310861844,SSP585,2050,0.000815227280634545
1022,84.8907943492948,45.1797310861844,SSP585,2050,0.0678237936946618
1023,85.7891096334143,45.1797310861844,SSP585,2050,9.52892383682125e-05
1024,86.6874249175338,45.1797310861844,SSP585,2050,5.76629826593011e-05
1025,87.5857402016533,45.1797310861844,SSP585,2050,0.000630390086771016
1026,88.4840554857729,45.1797310861844,SSP585,2050,5.5135048197319e-05
1027,89.3823707698924,45.1797310861844,SSP585,2050,0.00154801599923404
1028,90.2800829501215,45.1793106464764,SSP585,2050,0.000160439390255562
1029,91.1194345968524,45.0364794852579,SSP585,2050,0.00015070772193071
1030,92.0417781335629,44.9627999803671,SSP585,2050,4.5814231279695e-05
1031,92.9584517272128,44.9452867559723,SSP585,2050,4.79454848418826e-05
1032,93.5464982617403,44.9115270827412,SSP585,2050,5.40041139044378e-05
1052,112.010960226976,44.9572125033315,SSP585,2050,0.00010619361049613
1053,112.434486393606,44.939557062824,SSP585,2050,0.000105628956681647
1054,113.990734958105,44.9006753118312,SSP585,2050,0.000148577018218576
1055,114.618557263157,45.0954099368791,SSP585,2050,0.000283145711204025
1056,115.452379275369,45.1497868782039,SSP585,2050,0.000136220327325742
1057,116.331829293478,45.1797310861844,SSP585,2050,0.000556394226649659
1058,117.230144577598,45.1797310861844,SSP585,2050,0.000267761669461186
1059,118.128459861717,45.1797310861844,SSP585,2050,8.91268605254236e-05
1060,119.026775145837,45.1797310861844,SSP585,2050,0.000115768124368754
1061,119.925090429956,45.1797310861844,SSP585,2050,0.000126656779241729
1062,120.823405714076,45.1797310861844,SSP585,2050,0.000105091753322073
1063,121.721720998195,45.1797310861844,SSP585,2050,0.000288800847629278
1064,122.620036282315,45.1797310861844,SSP585,2050,0.00802402728117058
1065,123.518351566434,45.1797310861844,SSP585,2050,0.000548020309085406
1066,124.416666850554,45.1797310861844,SSP585,2050,0.00738932713393004
1067,125.314982134673,45.1797310861844,SSP585,2050,0.00011192981029029
1068,126.213297418793,45.1797310861844,SSP585,2050,0.00102084821266313
1069,127.111612702912,45.1797310861844,SSP585,2050,0.00107540215835211
1070,128.009927987032,45.1797310861844,SSP585,2050,0.00168414800245087
1071,128.908243271151,45.1797310861844,SSP585,2050,0.000111439625933407
1072,129.806558555271,45.1797310861844,SSP585,2050,0.000110915232946707
1073,130.699693229755,45.1837349789964,SSP585,2050,0.000229072936601016
1074,131.511355856558,45.2733694799337,SSP585,2050,6.1869740120013e-05
1075,132.539464402326,45.3003609509092,SSP585,2050,0.000193173077062458
1076,133.015704468497,45.2952727602257,SSP585,2050,5.98416749982844e-05
1088,79.9436488587448,44.8526351994795,SSP585,2050,0.000106529875023798
1089,80.5706542667929,44.5815399614433,SSP585,2050,0.000202469312189146
1090,81.2975332128167,44.5430108142727,SSP585,2050,0.0349322921570419
1091,82.1958484969362,44.5430108142727,SSP585,2050,0.000278890643980123
1092,83.0941637810557,44.5430108142727,SSP585,2050,0.00136749612256515
1093,83.9924790651753,44.5430108142727,SSP585,2050,0.000393297747783961
1094,84.8907943492948,44.5430108142727,SSP585,2050,0.147959936911348
1095,85.7891096334143,44.5430108142727,SSP585,2050,0.367000769834366
1096,86.6874249175338,44.5430108142727,SSP585,2050,0.00430037817996132
1097,87.5857402016533,44.5430108142727,SSP585,2050,0.111464508318842
1098,88.4840554857729,44.5430108142727,SSP585,2050,0.000269588931503861
1099,89.3823707698924,44.5430108142727,SSP585,2050,9.82053504782199e-05
1100,90.2806860540119,44.5430108142727,SSP585,2050,8.74165273336836e-05
1101,91.1790013381314,44.5430108142727,SSP585,2050,8.28319717295356e-05
1102,92.077316622251,44.5430108142727,SSP585,2050,4.61423209109357e-05
1103,92.9756319063705,44.5430108142727,SSP585,2050,9.05620054302281e-05
1104,93.8402729088573,44.513471030713,SSP585,2050,5.49870699971811e-05
1105,94.6153384661333,44.3328496760139,SSP585,2050,5.77613660038834e-05
1106,95.30953572512,44.2619661087531,SSP585,2050,5.75809122452808e-05
1124,111.895110475411,44.5287576899889,SSP585,2050,8.13288867034245e-05
1125,112.72877469682,44.533244994128,SSP585,2050,0.000147477717493794
1126,113.652927758688,44.5158677912215,SSP585,2050,0.000192055297347338
1127,114.535198725239,44.5430108142727,SSP585,2050,0.000403837730813095
1128,115.433514009359,44.5430108142727,SSP585,2050,0.000327442051868077
1129,116.331829293478,44.5430108142727,SSP585,2050,0.000176568485534268
1130,117.230144577598,44.5430108142727,SSP585,2050,0.000243902974181975
1131,118.128459861717,44.5430108142727,SSP585,2050,0.00019550501044463
1132,119.026775145837,44.5430108142727,SSP585,2050,0.000229226248557146
1133,119.925090429956,44.5430108142727,SSP585,2050,0.000171294393796373
1134,120.823405714076,44.5430108142727,SSP585,2050,0.000134877608935158
1135,121.721720998195,44.5430108142727,SSP585,2050,0.000130258209387835
1136,122.620036282315,44.5430108142727,SSP585,2050,0.000156914479437109
1137,123.518351566434,44.5430108142727,SSP585,2050,0.000192417093820785
1138,124.416666850554,44.5430108142727,SSP585,2050,0.00172841871410223
1139,125.314982134673,44.5430108142727,SSP585,2050,0.000511679655355812
1140,126.213297418793,44.5430108142727,SSP585,2050,0.000306843474277452
1141,127.111612702912,44.5430108142727,SSP585,2050,0.000203218727015564
1142,128.009927987032,44.5430108142727,SSP585,2050,0.000279493112244955
1143,128.908243271151,44.5430108142727,SSP585,2050,0.000701310082088846
1144,129.806558555271,44.5430108142727,SSP585,2050,0.00201205852659003
1145,130.672759861699,44.5283973535412,SSP585,2050,0.000125026064729306
1146,131.172650604186,44.2763016588904,SSP585,2050,6.04762585112439e-05
1161,80.6755289831368,43.9406838257672,SSP585,2050,0.00873753129034904
1162,81.2975332128167,43.8992500285015,SSP585,2050,0.0393678746581294
1163,82.1958484969362,43.8992500285015,SSP585,2050,0.00227207080843805
1164,83.0941637810557,43.8992500285015,SSP585,2050,0.0054966708818428
1165,83.9924790651753,43.8992500285015,SSP585,2050,0.0138600658680029
1166,84.8907943492948,43.8992500285015,SSP585,2050,0.0118722505066832
1167,85.7891096334143,43.8992500285015,SSP585,2050,0.226290607846364
1168,86.6874249175338,43.8992500285015,SSP585,2050,0.0017507660132744
1169,87.5857402016533,43.8992500285015,SSP585,2050,0.836872693264062
1170,88.4840554857729,43.8992500285015,SSP585,2050,0.00548043389639819
1171,89.3823707698924,43.8992500285015,SSP585,2050,0.000352168209096893
1172,90.2806860540119,43.8992500285015,SSP585,2050,0.000151213652131443
1173,91.1790013381314,43.8992500285015,SSP585,2050,5.28710553294731e-05
1174,92.077316622251,43.8992500285015,SSP585,2050,5.78145738290292e-05
1175,92.9756319063705,43.8992500285015,SSP585,2050,0.000864043452826202
1176,93.87394719049,43.8992500285015,SSP585,2050,4.70891673867158e-05
1177,94.7722624746095,43.8992500285015,SSP585,2050,5.10663485684404e-05
1178,95.4144637873526,43.8172689954224,SSP585,2050,5.32507498590684e-05
1196,111.997167349209,43.9341148912802,SSP585,2050,0.000287629703837333
1197,112.738568157,43.8992500285015,SSP585,2050,0.000159756909772435
1198,113.636883441119,43.8992500285015,SSP585,2050,0.000165755374860299
1199,114.535198725239,43.8992500285015,SSP585,2050,0.00510023255138548
1200,115.433514009358,43.8992500285015,SSP585,2050,0.000843037227907129
1201,116.331829293478,43.8992500285015,SSP585,2050,0.00937727379470266
1202,117.230144577598,43.8992500285015,SSP585,2050,0.00351274848245198
1203,118.128459861717,43.8992500285015,SSP585,2050,0.000446684884002235
1204,119.026775145837,43.8992500285015,SSP585,2050,0.000232897652602815
1205,119.925090429956,43.8992500285015,SSP585,2050,0.000772811552752661
1206,120.823405714076,43.8992500285015,SSP585,2050,0.000224483246477281
1207,121.721720998195,43.8992500285015,SSP585,2050,0.000168745804863479
1208,122.620036282315,43.8992500285015,SSP585,2050,0.000520823508212365
1209,123.518351566434,43.8992500285015,SSP585,2050,0.000676464999405879
1210,124.416666850554,43.8992500285015,SSP585,2050,0.000561931811667971
1211,125.314982134673,43.8992500285015,SSP585,2050,0.626240419487683
1212,126.213297418793,43.8992500285015,SSP585,2050,0.0563777889491671
1213,127.111612702912,43.8992500285015,SSP585,2050,0.00265904265675831
1214,128.009927987032,43.8992500285015,SSP585,2050,0.000267707383177607
1215,128.908243271151,43.8992500285015,SSP585,2050,0.00180285374367173
1216,129.806558555271,43.8992500285015,SSP585,2050,0.000102799437511569
1217,130.704582630247,43.8993103095403,SSP585,2050,6.21112672870572e-05
1218,131.186676988833,44.0503076834506,SSP585,2050,6.47832219895506e-05
1233,80.7030751081177,43.1562486557851,SSP585,2050,0.000140372792244658
1234,81.2975332128167,43.248453049607,SSP585,2050,0.0118634857097797
1235,82.1958484969362,43.248453049607,SSP585,2050,0.0157194935542484
1236,83.0941637810557,43.248453049607,SSP585,2050,0.046119166945191
1237,83.9924790651753,43.248453049607,SSP585,2050,0.0481189017215236
1238,84.8907943492948,43.248453049607,SSP585,2050,0.00240272748926029
1239,85.7891096334143,43.248453049607,SSP585,2050,0.000337160880861775
1240,86.6874249175338,43.248453049607,SSP585,2050,0.00112266707648456
1241,87.5857402016533,43.248453049607,SSP585,2050,0.297035661191716
1242,88.4840554857729,43.248453049607,SSP585,2050,0.00196233226707976
1243,89.3823707698924,43.248453049607,SSP585,2050,0.000835105855291007
1244,90.2806860540119,43.248453049607,SSP585,2050,0.000133381693044221
1245,91.1790013381314,43.248453049607,SSP585,2050,9.89712971212198e-05
1246,92.077316622251,43.248453049607,SSP585,2050,0.000141218700947743
1247,92.9756319063705,43.248453049607,SSP585,2050,9.75063151777977e-05
1248,93.87394719049,43.248453049607,SSP585,2050,0.000587535703242215
1249,94.7722624746095,43.248453049607,SSP585,2050,0.000176710226729382
1250,95.5933874791401,43.2155213017952,SSP585,2050,5.36355027735969e-05
1251,96.1858805876544,42.9701353819985,SSP585,2050,5.50986154083111e-05
1267,111.07658365322,43.1252903048484,SSP585,2050,0.000116982339135818
1268,111.851925386763,43.2390308010058,SSP585,2050,0.000326534641480247
1269,112.738568157,43.248453049607,SSP585,2050,0.000182040685875573
1270,113.636883441119,43.248453049607,SSP585,2050,0.000170386282870139
1271,114.535198725239,43.248453049607,SSP585,2050,0.00359513017572621
1272,115.433514009359,43.248453049607,SSP585,2050,0.00240993757020458
1273,116.331829293478,43.248453049607,SSP585,2050,0.00769720304532606
1274,117.230144577598,43.248453049607,SSP585,2050,0.00277460701462429
1275,118.128459861717,43.248453049607,SSP585,2050,0.000359456588950202
1276,119.026775145837,43.248453049607,SSP585,2050,0.00116246713471035
1277,119.925090429956,43.248453049607,SSP585,2050,0.000129590221473963
1278,120.823405714076,43.248453049607,SSP585,2050,0.000105509183905173
1279,121.721720998195,43.248453049607,SSP585,2050,0.000141876269859731
1280,122.620036282315,43.248453049607,SSP585,2050,0.000126259974374654
1281,123.518351566434,43.248453049607,SSP585,2050,0.0153141959398722
1282,124.416666850554,43.2484530496071,SSP585,2050,0.000892101487533936
1283,125.314982134673,43.248453049607,SSP585,2050,0.00348324372400333
1284,126.213297418793,43.248453049607,SSP585,2050,0.000482552489158739
1285,127.111612702912,43.248453049607,SSP585,2050,0.000171214511550777
1286,128.009927987032,43.248453049607,SSP585,2050,0.00038286369835383
1287,128.908243271151,43.248453049607,SSP585,2050,8.06012219238816e-05
1288,129.802811080537,43.2568013608888,SSP585,2050,0.000340627275843164
1289,130.689203399301,43.25753161573,SSP585,2050,0.00558181156917637
1290,131.180801633405,43.3955850213517,SSP585,2050,6.3160448171673e-05
1305,80.5331240840171,42.570150221232,SSP585,2050,0.00394886917362336
1306,81.2975332128167,42.5906278568488,SSP585,2050,0.00054423840301443
1307,82.1958484969362,42.5906278568488,SSP585,2050,0.000399748989934001
1308,83.0941637810557,42.5906278568488,SSP585,2050,0.000949518572546326
1309,83.9924790651753,42.5906278568488,SSP585,2050,0.00621587053426531
1310,84.8907943492948,42.5906278568488,SSP585,2050,0.000110708550595029
1311,85.7891096334143,42.5906278568488,SSP585,2050,0.000109288798520013
1312,86.6874249175338,42.5906278568488,SSP585,2050,0.00016249917967337
1313,87.5857402016533,42.5906278568488,SSP585,2050,0.00285035838845749
1314,88.4840554857729,42.5906278568488,SSP585,2050,0.00173131764582934
1315,89.3823707698924,42.5906278568488,SSP585,2050,0.000671155229695075
1316,90.2806860540119,42.5906278568488,SSP585,2050,0.000559154487851932
1317,91.1790013381314,42.5906278568488,SSP585,2050,4.27884345700624e-05
1318,92.0773166222509,42.5906278568488,SSP585,2050,0.000119384877469875
1319,92.9756319063705,42.5906278568488,SSP585,2050,0.000341787006664873
1320,93.87394719049,42.5906278568488,SSP585,2050,0.00099114980959869
1321,94.7722624746095,42.5906278568488,SSP585,2050,0.00032394111631151
1322,95.670577758729,42.5906278568489,SSP585,2050,0.000153027398859251
1323,96.5427021819796,42.5312882153912,SSP585,2050,5.90824519802746e-05
1324,97.4502289847477,42.5031340987946,SSP585,2050,6.04076321227831e-05
1325,98.3526296825811,42.4483079839519,SSP585,2050,5.92162423482812e-05
1326,99.2565830108415,42.4190381688162,SSP585,2050,6.4049253896914e-05
1327,100.178702434497,42.4533079720676,SSP585,2050,7.12173986116005e-05
1328,101.023852221463,42.4373705560413,SSP585,2050,0.00108126198579006
1329,101.70268984272,42.3688234486571,SSP585,2050,5.96407639464891e-05
1334,106.887424536544,42.2624944487364,SSP585,2050,0.000145481196451525
1335,107.441645799222,42.3202655678622,SSP585,2050,0.000112787912934897
1336,108.247241899994,42.3323011677378,SSP585,2050,0.000166083920501769
1337,109.178153777824,42.3428442277352,SSP585,2050,0.000166200870586497
1338,110.098759691491,42.4796242238723,SSP585,2050,0.000147893580383363
1339,110.942232477379,42.5904115404423,SSP585,2050,0.000175865917230178
1340,111.84025287288,42.5906278568488,SSP585,2050,0.000247260684506645
1341,112.738568157,42.5906278568488,SSP585,2050,0.000296503913771229
1342,113.636883441119,42.5906278568488,SSP585,2050,0.000270575102252479
1343,114.535198725239,42.5906278568488,SSP585,2050,0.000122541227863815
1344,115.433514009358,42.5906278568488,SSP585,2050,0.000181050637396263
1345,116.331829293478,42.5906278568488,SSP585,2050,0.00184040089691673
1346,117.230144577598,42.5906278568488,SSP585,2050,0.0118207122491302
1347,118.128459861717,42.5906278568489,SSP585,2050,0.000171949790912507
1348,119.026775145837,42.5906278568488,SSP585,2050,0.00376884613800588
1349,119.925090429956,42.5906278568489,SSP585,2050,0.00019501647127762
1350,120.823405714076,42.5906278568489,SSP585,2050,0.000222368989614918
1351,121.721720998195,42.5906278568488,SSP585,2050,0.000164635605516161
1352,122.620036282315,42.5906278568488,SSP585,2050,0.00182323494658265
1353,123.518351566434,42.5906278568489,SSP585,2050,0.00601839005827143
1354,124.416666850554,42.5906278568488,SSP585,2050,0.000640805835168679
1355,125.314982134673,42.5906278568489,SSP585,2050,0.000192191417499599
1356,126.213297418793,42.5906278568488,SSP585,2050,0.000104512356122077
1357,127.111612702912,42.5906278568488,SSP585,2050,0.000559485696753903
1358,128.009927987032,42.5906278568488,SSP585,2050,0.00476306026491224
1359,128.893704673033,42.6008141799495,SSP585,2050,0.00237799692325524
1360,129.585860189338,42.6862388789742,SSP585,2050,0.0157998061058662
1361,130.482257284338,42.7738508614804,SSP585,2050,0.134093152857708
1375,78.9813123858114,41.6228380678697,SSP585,2050,0.000154111214147767
1376,79.5959340595915,41.7445482896672,SSP585,2050,0.000151686798942841
1377,80.4251775731921,41.9070144310611,SSP585,2050,0.000862357537998126
1378,81.2975332128167,41.9257862013885,SSP585,2050,0.000176320309925648
1379,82.1958484969362,41.9257862013885,SSP585,2050,0.00150506830724262
1380,83.0941637810557,41.9257862013885,SSP585,2050,0.0030441629193565
1381,83.9924790651753,41.9257862013885,SSP585,2050,0.00021114265560096
1382,84.8907943492948,41.9257862013885,SSP585,2050,0.00030650152329148
1383,85.7891096334143,41.9257862013885,SSP585,2050,0.0120067681889192
1384,86.6874249175338,41.9257862013885,SSP585,2050,0.0031798253285894
1385,87.5857402016533,41.9257862013885,SSP585,2050,0.000193943299116039
1386,88.4840554857729,41.9257862013885,SSP585,2050,8.70345258958682e-05
1387,89.3823707698924,41.9257862013885,SSP585,2050,5.15405473782149e-05
1388,90.2806860540119,41.9257862013885,SSP585,2050,7.46153738501176e-05
1389,91.1790013381314,41.9257862013885,SSP585,2050,6.97246099051752e-05
1390,92.077316622251,41.9257862013885,SSP585,2050,7.48383512975126e-05
1391,92.9756319063705,41.9257862013885,SSP585,2050,6.7623337658973e-05
1392,93.87394719049,41.9257862013885,SSP585,2050,0.000105600090408164
1393,94.7722624746095,41.9257862013885,SSP585,2050,8.48146279260886e-05
1394,95.670577758729,41.9257862013885,SSP585,2050,6.60544749527814e-05
1395,96.5688930428485,41.9257862013885,SSP585,2050,7.39113394091495e-05
1396,97.4672083269681,41.9257862013885,SSP585,2050,7.25095138974785e-05
1397,98.3655236110876,41.9257862013885,SSP585,2050,6.52651851339448e-05
1398,99.2638388952071,41.9257862013885,SSP585,2050,6.47443909811418e-05
1399,100.162154179327,41.9257862013885,SSP585,2050,6.3138295131715e-05
1400,101.060469463446,41.9257862013885,SSP585,2050,0.00171261074637929
1401,101.942646001794,41.9095453364348,SSP585,2050,8.86683095000507e-05
1402,102.812601119577,41.831065132166,SSP585,2050,7.01240454173968e-05
1403,103.72746780193,41.7013626400191,SSP585,2050,0.000101074011056523
1404,104.431859190234,41.6928070641039,SSP585,2050,0.000109770107367346
1405,105.660821468978,41.7409076712434,SSP585,2050,0.000127053407897981
1406,106.48529662286,41.8786923088043,SSP585,2050,0.000125624952271419
1407,107.348676452283,41.9257862013885,SSP585,2050,0.000153001789437557
1408,108.246991736402,41.9257862013885,SSP585,2050,0.000164309193700918
1409,109.145307020522,41.9257862013885,SSP585,2050,0.000171191845614871
1410,110.043622304641,41.9257862013885,SSP585,2050,0.000181338898605166
1411,110.941937588761,41.9257862013885,SSP585,2050,0.000163924012135941
1412,111.84025287288,41.9257862013885,SSP585,2050,0.00028975682130139
1413,112.738568157,41.9257862013885,SSP585,2050,0.00291802877284775
1414,113.636883441119,41.9257862013885,SSP585,2050,0.000178892321853086
1415,114.535198725239,41.9257862013885,SSP585,2050,0.00428687884968404
1416,115.433514009359,41.9257862013885,SSP585,2050,0.00631683734856803
1417,116.331829293478,41.9257862013885,SSP585,2050,0.00392432562631395
1418,117.230144577598,41.9257862013885,SSP585,2050,0.00186707835219524
1419,118.128459861717,41.9257862013885,SSP585,2050,0.000643733748877495
1420,119.026775145837,41.9257862013885,SSP585,2050,0.00089755785245127
1421,119.925090429956,41.9257862013885,SSP585,2050,0.00021561915020829
1422,120.823405714076,41.9257862013885,SSP585,2050,0.012262741179063
1423,121.721720998195,41.9257862013885,SSP585,2050,0.00306300820163286
1424,122.620036282315,41.9257862013885,SSP585,2050,0.00661474274042884
1425,123.518351566434,41.9257862013885,SSP585,2050,0.979762020231839
1426,124.416666850554,41.9257862013885,SSP585,2050,0.0250692991212359
1427,125.314982134673,41.9257862013885,SSP585,2050,0.00140913068785842
1428,126.212413105333,41.9264251636035,SSP585,2050,0.00138422646286274
1429,127.131530251111,41.9497474286265,SSP585,2050,0.0063423736837005
1430,127.926487556897,41.9602354870851,SSP585,2050,0.0120757503447964
1431,128.757660683326,42.1461834407202,SSP585,2050,0.000109961573328543
1445,77.0314363164389,40.9712350645775,SSP585,2050,0.000158275577860856
1446,77.8144746348776,41.0199114750087,SSP585,2050,0.000153548073871579
1447,78.6404396109219,41.2081229775401,SSP585,2050,0.000225584215620134
1448,79.5009026445776,41.2539437184118,SSP585,2050,0.000410445793897485
1449,80.3992179286972,41.2539437184118,SSP585,2050,0.00512214770564523
1450,81.2975332128167,41.2539437184118,SSP585,2050,0.000246340127767142
1451,82.1958484969362,41.2539437184118,SSP585,2050,0.000127680576020195
1452,83.0941637810557,41.2539437184118,SSP585,2050,0.000407954267510169
1453,83.9924790651753,41.2539437184118,SSP585,2050,0.00310408286126396
1454,84.8907943492948,41.2539437184118,SSP585,2050,0.000122164533707947
1455,85.7891096334143,41.2539437184118,SSP585,2050,0.00153305163857254
1456,86.6874249175338,41.2539437184118,SSP585,2050,0.00268185559833212
1457,87.5857402016533,41.2539437184118,SSP585,2050,0.000105064739926219
1458,88.4840554857729,41.2539437184118,SSP585,2050,7.96788526804537e-05
1459,89.3823707698924,41.2539437184118,SSP585,2050,7.23511720313042e-05
1460,90.2806860540119,41.2539437184118,SSP585,2050,5.75966970336461e-05
1461,91.1790013381314,41.2539437184118,SSP585,2050,0.000153776948776718
1462,92.077316622251,41.2539437184118,SSP585,2050,0.000194741910321761
1463,92.9756319063705,41.2539437184118,SSP585,2050,5.91835535846963e-05
1464,93.87394719049,41.2539437184118,SSP585,2050,7.81247042742628e-05
1465,94.7722624746095,41.2539437184118,SSP585,2050,6.75857689447224e-05
1466,95.670577758729,41.2539437184118,SSP585,2050,0.000128833187561739
1467,96.5688930428485,41.2539437184118,SSP585,2050,8.96859389518667e-05
1468,97.4672083269681,41.2539437184118,SSP585,2050,0.000120039483945789
1469,98.3655236110876,41.2539437184118,SSP585,2050,8.49410846405219e-05
1470,99.2638388952071,41.2539437184118,SSP585,2050,7.3277748958156e-05
1471,100.162154179327,41.2539437184118,SSP585,2050,0.00242503927548943
1472,101.060469463446,41.2539437184118,SSP585,2050,6.76879061243252e-05
1473,101.958784747566,41.2539437184118,SSP585,2050,6.80843312667046e-05
1474,102.857100031685,41.2539437184118,SSP585,2050,0.000105612875412997
1475,103.755415315805,41.2539437184118,SSP585,2050,0.000108914742604105
1476,104.653021784128,41.2532779088603,SSP585,2050,0.000340249645195523
1477,105.552045884044,41.2539437184118,SSP585,2050,0.000130053138378883
1478,106.450361168163,41.2539437184118,SSP585,2050,0.00011212785992698
1479,107.348676452283,41.2539437184118,SSP585,2050,0.00023409207024605
1480,108.246991736402,41.2539437184118,SSP585,2050,0.000284214817432682
1481,109.145307020522,41.2539437184118,SSP585,2050,0.000825417118412886
1482,110.043622304641,41.2539437184118,SSP585,2050,0.000226130527702262
1483,110.941937588761,41.2539437184118,SSP585,2050,0.000560171255377884
1484,111.84025287288,41.2539437184118,SSP585,2050,0.0134440476899986
1485,112.738568157,41.2539437184118,SSP585,2050,0.00288773662544839
1486,113.636883441119,41.2539437184118,SSP585,2050,0.00188769414594225
1487,114.535198725239,41.2539437184118,SSP585,2050,0.00167313673672564
1488,115.433514009359,41.2539437184118,SSP585,2050,0.143657255626788
1489,116.331829293478,41.2539437184118,SSP585,2050,0.0212780475942346
1490,117.230144577598,41.2539437184118,SSP585,2050,0.000178533516288937
1491,118.128459861717,41.2539437184118,SSP585,2050,0.00414282987101966
1492,119.026775145837,41.2539437184118,SSP585,2050,0.000739167495288684
1493,119.925090429956,41.2539437184118,SSP585,2050,0.00838546841716747
1494,120.822163757095,41.2550195371267,SSP585,2050,0.0205186798141909
1495,121.719972632914,41.2642875298532,SSP585,2050,0.166308729489172
1496,122.620036282315,41.2539437184118,SSP585,2050,0.0204427751577126
1497,123.518351566434,41.2539437184118,SSP585,2050,0.115314251511969
1498,124.416666850554,41.2539437184118,SSP585,2050,0.00447018288789314
1499,125.314982134673,41.2539437184118,SSP585,2050,0.000214360159178861
1500,126.084041655184,41.3199422813251,SSP585,2050,0.000456223791162613
1501,127.372353444627,41.5264493227708,SSP585,2050,0.000105628878169339
1502,127.895481934282,41.4968124141756,SSP585,2050,0.000154043023649852
1515,75.1271582199641,40.3521889033288,SSP585,2050,0.000216693113199384
1516,75.8227459082286,40.3569746511942,SSP585,2050,0.000200554888206139
1517,76.9010004417236,40.5382763445894,SSP585,2050,0.00015057490897008
1518,77.7042720763386,40.5751200376639,SSP585,2050,0.000262745191384917
1519,78.6025873604581,40.5751200376639,SSP585,2050,0.000141635461755274
1520,79.5009026445776,40.5751200376639,SSP585,2050,0.000397430865562876
1521,80.3992179286972,40.5751200376639,SSP585,2050,0.000360557037390019
1522,81.2975332128167,40.5751200376639,SSP585,2050,0.000971139667942156
1523,82.1958484969362,40.5751200376639,SSP585,2050,0.000159077020470244
1524,83.0941637810557,40.5751200376639,SSP585,2050,0.000102536681606313
1525,83.9924790651753,40.5751200376639,SSP585,2050,9.19656513361788e-05
1526,84.8907943492948,40.5751200376639,SSP585,2050,0.000121270428376952
1527,85.7891096334143,40.5751200376639,SSP585,2050,0.000100736004652657
1528,86.6874249175338,40.5751200376639,SSP585,2050,0.000278077167738755
1529,87.5857402016533,40.5751200376639,SSP585,2050,0.000111793196789334
1530,88.4840554857729,40.5751200376639,SSP585,2050,8.02083122616315e-05
1531,89.3823707698924,40.5751200376639,SSP585,2050,8.06969328469576e-05
1532,90.2806860540119,40.5751200376639,SSP585,2050,0.000178516854855926
1533,91.1790013381314,40.5751200376639,SSP585,2050,0.00049158630293944
1534,92.0773166222509,40.5751200376639,SSP585,2050,0.000128217468145175
1535,92.9756319063705,40.5751200376639,SSP585,2050,0.000359780106425012
1536,93.87394719049,40.5751200376639,SSP585,2050,0.000519387531829785
1537,94.7722624746095,40.5751200376639,SSP585,2050,0.000124854325482593
1538,95.670577758729,40.5751200376639,SSP585,2050,0.000818337169228078
1539,96.5688930428486,40.5751200376639,SSP585,2050,0.000247108976771715
1540,97.4672083269681,40.5751200376639,SSP585,2050,0.000447183861570277
1541,98.3655236110876,40.5751200376639,SSP585,2050,0.00010497682931665
1542,99.2638388952071,40.5751200376639,SSP585,2050,0.000483991034094133
1543,100.162154179327,40.5751200376639,SSP585,2050,0.000101743211868954
1544,101.060469463446,40.5751200376639,SSP585,2050,8.88242790725302e-05
1545,101.958784747566,40.5751200376639,SSP585,2050,8.74634729622903e-05
1546,102.857100031685,40.5751200376639,SSP585,2050,0.000116667544153848
1547,103.755415315805,40.5751200376639,SSP585,2050,0.00011854181735349
1548,104.653730599924,40.5751200376639,SSP585,2050,9.98656156326883e-05
1549,105.552045884044,40.5751200376639,SSP585,2050,0.000172383107470031
1550,106.450361168163,40.5751200376639,SSP585,2050,0.00210357841928077
1551,107.348676452283,40.5751200376639,SSP585,2050,0.00519559814030368
1552,108.246991736402,40.5751200376639,SSP585,2050,0.000561344363153249
1553,109.145307020522,40.5751200376639,SSP585,2050,0.00484866316776189
1554,110.043622304641,40.5751200376639,SSP585,2050,0.00958830542378852
1555,110.941937588761,40.5751200376639,SSP585,2050,0.00234941508718345
1556,111.84025287288,40.5751200376639,SSP585,2050,0.28076192432769
1557,112.738568157,40.5751200376639,SSP585,2050,0.00155873098660686
1558,113.636883441119,40.5751200376639,SSP585,2050,0.00436657827521791
1559,114.535198725239,40.5751200376638,SSP585,2050,0.00227030211895352
1560,115.433514009359,40.5751200376639,SSP585,2050,0.999773540943985
1561,116.331829293478,40.5751200376639,SSP585,2050,0.999232035210667
1562,117.230144577598,40.5751200376639,SSP585,2050,0.906729390003406
1563,118.128459861717,40.5751200376639,SSP585,2050,0.000677012026815804
1564,119.026775145837,40.5751200376639,SSP585,2050,0.00370744373643417
1565,119.925090429956,40.5751200376639,SSP585,2050,0.00669516852293928
1566,120.612123422316,40.684860817085,SSP585,2050,0.00343790249283638
1567,122.026119896069,40.7249288576241,SSP585,2050,
1568,122.625492920489,40.5762521857515,SSP585,2050,0.00570322654392352
1569,123.518351566434,40.5751200376639,SSP585,2050,0.000399140395880071
1570,124.393809583038,40.5932873981844,SSP585,2050,0.00908226902441811
1571,125.202784575777,40.7466398157893,SSP585,2050,0.000293098383237989
1572,125.872694377099,40.9009174161831,SSP585,2050,8.89662639383948e-05
1586,74.2592843866313,39.8369351596155,SSP585,2050,0.000762724271963999
1587,75.0093738458061,39.8893022926001,SSP585,2050,0.000941467545212182
1588,75.9076415080996,39.8893388920514,SSP585,2050,0.00101971366584552
1589,76.8059567922191,39.8893388920514,SSP585,2050,0.000397999601697507
1590,77.7042720763386,39.8893388920514,SSP585,2050,0.000878768765562477
1591,78.6025873604581,39.8893388920514,SSP585,2050,0.00123770146410362
1592,79.5009026445777,39.8893388920514,SSP585,2050,0.000424549447911926
1593,80.3992179286972,39.8893388920514,SSP585,2050,0.000209720630714672
1594,81.2975332128167,39.8893388920514,SSP585,2050,0.000247362528139949
1595,82.1958484969362,39.8893388920514,SSP585,2050,0.000104782197674957
1596,83.0941637810557,39.8893388920514,SSP585,2050,0.000147213037594129
1597,83.9924790651753,39.8893388920514,SSP585,2050,0.00019819714408198
1598,84.8907943492948,39.8893388920514,SSP585,2050,0.000137173596606921
1599,85.7891096334143,39.8893388920514,SSP585,2050,0.000179154188977293
1600,86.6874249175338,39.8893388920514,SSP585,2050,0.000298381596443242
1601,87.5857402016533,39.8893388920514,SSP585,2050,0.000124904624459465
1602,88.4840554857729,39.8893388920514,SSP585,2050,0.000174509229435404
1603,89.3823707698924,39.8893388920514,SSP585,2050,0.00011492346239983
1604,90.2806860540119,39.8893388920514,SSP585,2050,0.000198390032011608
1605,91.1790013381314,39.8893388920514,SSP585,2050,0.000190075310999571
1606,92.077316622251,39.8893388920514,SSP585,2050,0.000151391605056839
1607,92.9756319063705,39.8893388920514,SSP585,2050,0.000366974621143656
1608,93.87394719049,39.8893388920514,SSP585,2050,0.00139848834699297
1609,94.7722624746095,39.8893388920514,SSP585,2050,0.0125975111427395
1610,95.670577758729,39.8893388920514,SSP585,2050,0.000935954369918557
1611,96.5688930428485,39.8893388920514,SSP585,2050,0.000211306731591199
1612,97.4672083269681,39.8893388920514,SSP585,2050,0.000531506780358737
1613,98.3655236110876,39.8893388920514,SSP585,2050,0.00258843612493376
1614,99.2638388952071,39.8893388920514,SSP585,2050,0.000815319233302358
1615,100.162154179327,39.8893388920514,SSP585,2050,0.000169567962108208
1616,101.060469463446,39.8893388920514,SSP585,2050,0.000168613699340736
1617,101.958784747566,39.8893388920514,SSP585,2050,0.000149119761634897
1618,102.857100031685,39.8893388920514,SSP585,2050,0.000168471134639692
1619,103.755415315805,39.8893388920514,SSP585,2050,0.000189159502408165
1620,104.653730599924,39.8893388920514,SSP585,2050,0.000710158997159871
1621,105.552045884044,39.8893388920514,SSP585,2050,0.00018791691447051
1622,106.450361168163,39.8893388920514,SSP585,2050,0.0166991296451765
1623,107.348676452283,39.8893388920514,SSP585,2050,0.000293300347900538
1624,108.246991736402,39.8893388920514,SSP585,2050,0.000275246342090307
1625,109.145307020522,39.8893388920514,SSP585,2050,0.000624317614268843
1626,110.043622304641,39.8893388920514,SSP585,2050,0.00236133630335234
1627,110.941937588761,39.8893388920514,SSP585,2050,0.00085434729922873
1628,111.84025287288,39.8893388920514,SSP585,2050,0.00026011391145575
1629,112.738568157,39.8893388920514,SSP585,2050,0.0130306323460173
1630,113.636883441119,39.8893388920514,SSP585,2050,0.0582855629477878
1631,114.535198725239,39.8893388920514,SSP585,2050,0.0032887201783498
1632,115.433514009358,39.8893388920514,SSP585,2050,0.964073607512968
1633,116.331829293478,39.8893388920515,SSP585,2050,1
1634,117.230144577598,39.8893388920514,SSP585,2050,0.742895856962971
1635,118.128459861717,39.8893388920514,SSP585,2050,0.0127002475733032
1636,119.000638569385,39.9070696693149,SSP585,2050,0.021318750371945
1637,119.780247113583,40.1004167779105,SSP585,2050,0.215739913458543
1639,121.854415223062,39.8013716911971,SSP585,2050,0.005278514155584
1640,122.604872547557,39.9030267522865,SSP585,2050,0.00383191486413981
1641,123.487156775072,40.0086656775236,SSP585,2050,0.00203054888426879
1642,124.150922411075,40.0667953665598,SSP585,2050,0.00572853829883668
1657,73.6141100326944,39.3423035398834,SSP585,2050,0.000151083515524064
1658,74.147814595318,39.1994595351786,SSP585,2050,0.000530462415703203
1659,75.00932622398,39.1966282239535,SSP585,2050,0.00421573833806155
1660,75.9076415080996,39.1966282239535,SSP585,2050,0.0448397490217669
1661,76.8059567922191,39.1966282239535,SSP585,2050,0.000258453081272592
1662,77.7042720763386,39.1966282239535,SSP585,2050,0.00153552894468556
1663,78.6025873604581,39.1966282239535,SSP585,2050,0.000154337723936471
1664,79.5009026445776,39.1966282239535,SSP585,2050,0.000127639540210667
1665,80.3992179286972,39.1966282239535,SSP585,2050,0.000112329571136049
1666,81.2975332128167,39.1966282239535,SSP585,2050,0.000397994204858421
1667,82.1958484969362,39.1966282239535,SSP585,2050,0.000112845153242502
1668,83.0941637810558,39.1966282239535,SSP585,2050,0.000141004720019322
1669,83.9924790651753,39.1966282239535,SSP585,2050,0.000709186386224969
1670,84.8907943492948,39.1966282239535,SSP585,2050,0.000239439992573476
1671,85.7891096334143,39.1966282239535,SSP585,2050,0.000182717180901903
1672,86.6874249175338,39.1966282239535,SSP585,2050,0.000461769445069815
1673,87.5857402016533,39.1966282239535,SSP585,2050,0.000216075862163878
1674,88.4840554857729,39.1966282239535,SSP585,2050,0.000981296209255245
1675,89.3823707698924,39.1966282239535,SSP585,2050,0.000310489090741051
1676,90.2806860540119,39.1966282239535,SSP585,2050,0.000841385443202336
1677,91.1790013381314,39.1966282239535,SSP585,2050,0.000487879407147007
1678,92.077316622251,39.1966282239535,SSP585,2050,0.000549804253529795
1679,92.9756319063705,39.1966282239535,SSP585,2050,0.000448899633696209
1680,93.87394719049,39.1966282239535,SSP585,2050,0.00276443242213853
1681,94.7722624746095,39.1966282239535,SSP585,2050,0.000609045751858717
1682,95.670577758729,39.1966282239535,SSP585,2050,0.0002299623154145
1683,96.5688930428485,39.1966282239535,SSP585,2050,0.000275584395129425
1684,97.4672083269681,39.1966282239535,SSP585,2050,0.000439186701624683
1685,98.3655236110876,39.1966282239535,SSP585,2050,0.00138357754986318
1686,99.2638388952071,39.1966282239535,SSP585,2050,0.00173629174277101
1687,100.162154179327,39.1966282239535,SSP585,2050,0.0262012012707124
1688,101.060469463446,39.1966282239535,SSP585,2050,0.000735930497258508
1689,101.958784747566,39.1966282239535,SSP585,2050,0.00054624224209765
1690,102.857100031685,39.1966282239535,SSP585,2050,0.000183545790352735
1691,103.755415315805,39.1966282239535,SSP585,2050,0.000166627886598048
1692,104.653730599924,39.1966282239535,SSP585,2050,0.000532747268333966
1693,105.552045884044,39.1966282239535,SSP585,2050,0.036593845549971
1694,106.450361168163,39.1966282239535,SSP585,2050,0.0102789069891351
1695,107.348676452283,39.1966282239535,SSP585,2050,0.0014107093882314
1696,108.246991736402,39.1966282239535,SSP585,2050,0.000380705584101748
1697,109.145307020522,39.1966282239535,SSP585,2050,0.000172460190149937
1698,110.043622304641,39.1966282239535,SSP585,2050,0.00231199536630189
1699,110.941937588761,39.1966282239535,SSP585,2050,0.000928574640190027
1700,111.84025287288,39.1966282239535,SSP585,2050,0.00118321414840861
1701,112.738568157,39.1966282239535,SSP585,2050,0.00258578336422655
1702,113.63688344112,39.1966282239535,SSP585,2050,0.00735768816614035
1703,114.535198725239,39.1966282239535,SSP585,2050,0.00338536792470623
1704,115.433514009359,39.1966282239535,SSP585,2050,0.0114482905351238
1705,116.331829293478,39.1966282239535,SSP585,2050,0.0685069649336492
1706,117.228110076583,39.1981868654922,SSP585,2050,0.999996356504875
1707,118.144855633027,39.3184915352931,SSP585,2050,
1708,118.859705174687,39.3561311640381,SSP585,2050,0.0109822733744934
1710,121.194863599229,39.0069158277496,SSP585,2050,
1711,121.7477690923,39.2514299701734,SSP585,2050,
1712,122.407887035842,39.4091472251908,SSP585,2050,
1713,123.138929147052,39.0683825545945,SSP585,2050,
1730,74.1455915283951,38.7408234252086,SSP585,2050,0.000152864857727475
1731,75.0831386667765,38.527938273115,SSP585,2050,0.0101029269720152
1732,75.9076415080996,38.4970202888683,SSP585,2050,0.000733430749402797
1733,76.8059567922191,38.4970202888683,SSP585,2050,0.00183485622865143
1734,77.7042720763386,38.4970202888683,SSP585,2050,0.00164289834979348
1735,78.6025873604581,38.4970202888683,SSP585,2050,0.000172172426310846
1736,79.5009026445777,38.4970202888683,SSP585,2050,0.000207260043125102
1737,80.3992179286972,38.4970202888683,SSP585,2050,0.000256113581902806
1738,81.2975332128167,38.4970202888683,SSP585,2050,0.000232670023089576
1739,82.1958484969362,38.4970202888683,SSP585,2050,0.000264409883312111
1740,83.0941637810557,38.4970202888683,SSP585,2050,0.000199249391585998
1741,83.9924790651753,38.4970202888683,SSP585,2050,0.000152826174570575
1742,84.8907943492948,38.4970202888683,SSP585,2050,0.000215476445108664
1743,85.7891096334143,38.4970202888683,SSP585,2050,0.00119610508157786
1744,86.6874249175338,38.4970202888683,SSP585,2050,0.000230509036742266
1745,87.5857402016533,38.4970202888683,SSP585,2050,0.000237204964016358
1746,88.4840554857729,38.4970202888683,SSP585,2050,0.000377991504634578
1747,89.3823707698924,38.4970202888683,SSP585,2050,0.000258012390530027
1748,90.2806860540119,38.4970202888683,SSP585,2050,0.00144638647821416
1749,91.1790013381314,38.4970202888683,SSP585,2050,0.00186690984701865
1750,92.077316622251,38.4970202888683,SSP585,2050,0.000829562374268233
1751,92.9756319063705,38.4970202888683,SSP585,2050,0.000613246853149785
1752,93.87394719049,38.4970202888683,SSP585,2050,0.000503164358802932
1753,94.7722624746095,38.4970202888683,SSP585,2050,0.000554054463870801
1754,95.670577758729,38.4970202888683,SSP585,2050,0.000422232310171244
1755,96.5688930428485,38.4970202888683,SSP585,2050,0.000306912379111846
1756,97.4672083269681,38.4970202888683,SSP585,2050,0.00071463056962684
1757,98.3655236110876,38.4970202888683,SSP585,2050,0.00357925491454292
1758,99.2638388952071,38.4970202888683,SSP585,2050,0.0081754879376329
1759,100.162154179327,38.4970202888683,SSP585,2050,0.0368536429953599
1760,101.060469463446,38.4970202888683,SSP585,2050,0.00304713889176456
1761,101.958784747566,38.4970202888683,SSP585,2050,0.00366572394361686
1762,102.857100031685,38.4970202888683,SSP585,2050,0.00201173693738277
1763,103.755415315805,38.4970202888683,SSP585,2050,0.00020789920872244
1764,104.653730599924,38.4970202888683,SSP585,2050,0.000855772145702427
1765,105.552045884044,38.4970202888683,SSP585,2050,0.29211560100308
1766,106.450361168163,38.4970202888683,SSP585,2050,0.268529359542756
1767,107.348676452283,38.4970202888683,SSP585,2050,0.0228576560166596
1768,108.246991736402,38.4970202888683,SSP585,2050,0.000176790119772785
1769,109.145307020522,38.4970202888683,SSP585,2050,0.00125614928065565
1770,110.043622304641,38.4970202888683,SSP585,2050,0.00280715407248966
1771,110.941937588761,38.4970202888683,SSP585,2050,0.000286397310594433
1772,111.84025287288,38.4970202888683,SSP585,2050,0.0043885985360983
1773,112.738568157,38.4970202888683,SSP585,2050,0.0066823312131683
1774,113.63688344112,38.4970202888683,SSP585,2050,0.00232104651549336
1775,114.535198725239,38.4970202888683,SSP585,2050,0.0202040536140549
1776,115.433514009359,38.4970202888683,SSP585,2050,0.00297590681780391
1777,116.331829293478,38.4970202888683,SSP585,2050,0.0017346432748333
1778,117.196139258734,38.4835575410924,SSP585,2050,0.23101652550196
1779,117.761311898238,38.221306391133,SSP585,2050,0.000254957468064365
1780,118.736262627272,38.1540804093516,SSP585,2050,0.000203693670051019
1782,121.096646092899,38.6961608297162,SSP585,2050,
1783,121.374439562356,38.8310120491465,SSP585,2050,
1803,75.2102399988028,37.8147391426785,SSP585,2050,0.0112932691876194
1804,75.9076415080996,37.790551756013,SSP585,2050,0.00150617801248831
1805,76.8059567922191,37.790551756013,SSP585,2050,0.00177144219136938
1806,77.7042720763386,37.790551756013,SSP585,2050,0.00517038702969008
1807,78.6025873604581,37.790551756013,SSP585,2050,0.000547486025106903
1808,79.5009026445777,37.790551756013,SSP585,2050,0.000716025846499102
1809,80.3992179286972,37.790551756013,SSP585,2050,0.000818640218767985
1810,81.2975332128167,37.790551756013,SSP585,2050,0.000498750322428299
1811,82.1958484969362,37.790551756013,SSP585,2050,0.000230437361707581
1812,83.0941637810557,37.790551756013,SSP585,2050,0.000185609715889989
1813,83.9924790651753,37.790551756013,SSP585,2050,0.000173966557012517
1814,84.8907943492948,37.790551756013,SSP585,2050,0.000361746479391578
1815,85.7891096334143,37.790551756013,SSP585,2050,0.000418333307624752
1816,86.6874249175338,37.790551756013,SSP585,2050,0.000699228122318374
1817,87.5857402016533,37.790551756013,SSP585,2050,0.000299303007188056
1818,88.4840554857729,37.790551756013,SSP585,2050,0.000447732490320374
1819,89.3823707698924,37.790551756013,SSP585,2050,0.00135932230561453
1820,90.2806860540119,37.790551756013,SSP585,2050,0.0026288062790909
1821,91.1790013381314,37.790551756013,SSP585,2050,0.00207601240831745
1822,92.077316622251,37.790551756013,SSP585,2050,0.000799351717355235
1823,92.9756319063705,37.790551756013,SSP585,2050,0.0026056254850817
1824,93.87394719049,37.790551756013,SSP585,2050,0.00507518566876475
1825,94.7722624746095,37.790551756013,SSP585,2050,0.000781594902341642
1826,95.670577758729,37.790551756013,SSP585,2050,0.00683761232970503
1827,96.5688930428485,37.790551756013,SSP585,2050,0.00064311307138587
1828,97.4672083269681,37.790551756013,SSP585,2050,0.00234690437643548
1829,98.3655236110876,37.790551756013,SSP585,2050,0.000891627293683306
1830,99.2638388952071,37.790551756013,SSP585,2050,0.000583635204129185
1831,100.162154179327,37.790551756013,SSP585,2050,0.00632162808997028
1832,101.060469463446,37.790551756013,SSP585,2050,0.0681049859241579
1833,101.958784747566,37.790551756013,SSP585,2050,0.0124678726475296
1834,102.857100031685,37.790551756013,SSP585,2050,0.00355427614748272
1835,103.755415315805,37.790551756013,SSP585,2050,0.000621611984909731
1836,104.653730599924,37.790551756013,SSP585,2050,0.00740514328191944
1837,105.552045884044,37.790551756013,SSP585,2050,0.00701676934589823
1838,106.450361168163,37.790551756013,SSP585,2050,0.00625799070606448
1839,107.348676452283,37.790551756013,SSP585,2050,0.00472219339872249
1840,108.246991736402,37.790551756013,SSP585,2050,0.0013979543592082
1841,109.145307020522,37.790551756013,SSP585,2050,0.00112456599595534
1842,110.043622304641,37.790551756013,SSP585,2050,0.000378992974357395
1843,110.941937588761,37.790551756013,SSP585,2050,0.00176043691862593
1844,111.84025287288,37.790551756013,SSP585,2050,0.0132889201697776
1845,112.738568157,37.790551756013,SSP585,2050,0.431213554526034
1846,113.636883441119,37.7905517560129,SSP585,2050,0.00895450645321716
1847,114.535198725239,37.790551756013,SSP585,2050,0.44040895123264
1848,115.433514009358,37.790551756013,SSP585,2050,0.00669487066161778
1849,116.331829293478,37.790551756013,SSP585,2050,0.00346238715953173
1850,117.230144577598,37.790551756013,SSP585,2050,0.0101851834080814
1851,118.119567463375,37.7571696681828,SSP585,2050,0.00871494032603559
1852,118.811831921606,37.7754752517988,SSP585,2050,0.444691466780736
1853,120.275669528152,37.5419396020678,SSP585,2050,
1854,120.773406251066,37.6038103092886,SSP585,2050,0.00317699751284395
1855,121.656260598116,37.4984798900351,SSP585,2050,
1856,122.198048399983,37.4475999943582,SSP585,2050,
1874,74.5383597066917,37.182238201356,SSP585,2050,0.000223757716955264
1875,75.09449886685,37.1836695308115,SSP585,2050,0.00122855795796584
1876,75.916306373446,37.0868802121126,SSP585,2050,0.000819847080039127
1877,76.8059567922191,37.0772638054809,SSP585,2050,0.00129216580941027
1878,77.7042720763386,37.0772638054809,SSP585,2050,0.000361471176779093
1879,78.6025873604581,37.0772638054809,SSP585,2050,0.000600617435177919
1880,79.5009026445776,37.0772638054809,SSP585,2050,0.00879101633826518
1881,80.3992179286972,37.0772638054809,SSP585,2050,0.00470520202781311
1882,81.2975332128167,37.0772638054809,SSP585,2050,0.00179649196968101
1883,82.1958484969362,37.0772638054809,SSP585,2050,0.000282661858156175
1884,83.0941637810557,37.0772638054809,SSP585,2050,0.00142060635158947
1885,83.9924790651753,37.0772638054809,SSP585,2050,0.00023572702246577
1886,84.8907943492948,37.0772638054809,SSP585,2050,0.000384933214367611
1887,85.7891096334143,37.0772638054809,SSP585,2050,0.000407184232121272
1888,86.6874249175338,37.0772638054809,SSP585,2050,0.000314072643162744
1889,87.5857402016533,37.0772638054809,SSP585,2050,0.000557527322040619
1890,88.4840554857729,37.0772638054809,SSP585,2050,0.000501219832355848
1891,89.3823707698924,37.0772638054809,SSP585,2050,0.000574310164448755
1892,90.2806860540119,37.0772638054809,SSP585,2050,0.00237332812048419
1893,91.1790013381314,37.0772638054809,SSP585,2050,0.000950554797608638
1894,92.077316622251,37.0772638054809,SSP585,2050,0.000853588818391038
1895,92.9756319063705,37.0772638054809,SSP585,2050,0.00156468930114928
1896,93.87394719049,37.0772638054809,SSP585,2050,0.000833690264869569
1897,94.7722624746095,37.0772638054809,SSP585,2050,0.00116985878709863
1898,95.670577758729,37.0772638054809,SSP585,2050,0.000579289471304811
1899,96.5688930428486,37.0772638054809,SSP585,2050,0.0281164434247037
1900,97.4672083269681,37.0772638054809,SSP585,2050,0.00666629730912494
1901,98.3655236110876,37.0772638054809,SSP585,2050,0.0436154808072881
1902,99.2638388952071,37.0772638054809,SSP585,2050,0.174771399339334
1903,100.162154179327,37.0772638054809,SSP585,2050,0.19908241720763
1904,101.060469463446,37.0772638054809,SSP585,2050,0.031227771291643
1905,101.958784747566,37.0772638054809,SSP585,2050,0.300135432149136
1906,102.857100031685,37.0772638054809,SSP585,2050,0.0643160804642666
1907,103.755415315805,37.0772638054809,SSP585,2050,0.00111594102115353
1908,104.653730599924,37.0772638054809,SSP585,2050,0.00135439294822282
1909,105.552045884044,37.0772638054809,SSP585,2050,0.00102648574855002
1910,106.450361168163,37.0772638054809,SSP585,2050,0.000631078740463975
1911,107.348676452283,37.0772638054809,SSP585,2050,0.000235470029283147
1912,108.246991736402,37.0772638054809,SSP585,2050,0.00897898219278226
1913,109.145307020522,37.0772638054809,SSP585,2050,0.000397229518797282
1914,110.043622304641,37.0772638054809,SSP585,2050,0.00155685859334698
1915,110.941937588761,37.0772638054809,SSP585,2050,0.000735995668352363
1916,111.84025287288,37.0772638054809,SSP585,2050,0.0360962673742884
1917,112.738568157,37.0772638054809,SSP585,2050,0.0670696059936273
1918,113.636883441119,37.0772638054809,SSP585,2050,0.00473149173698573
1919,114.535198725239,37.0772638054809,SSP585,2050,0.0252540264699633
1920,115.433514009359,37.0772638054809,SSP585,2050,0.00229327620798747
1921,116.331829293478,37.0772638054809,SSP585,2050,0.00456741452108789
1922,117.230144577598,37.0772638054809,SSP585,2050,0.0888021848998747
1923,118.128459861717,37.0772638054809,SSP585,2050,0.072976378967536
1924,118.965149080216,37.0064569511871,SSP585,2050,0.0990398983254435
1925,119.980692553906,37.0290900784476,SSP585,2050,0.00748308392737407
1926,120.823405714076,37.0772638054809,SSP585,2050,0.0185320476204708
1927,121.688522248746,37.132552678032,SSP585,2050,0.00893968452550065
1928,122.3472028895,37.1393174513548,SSP585,2050,0.0293980107398334
1948,76.1682950065795,36.3725667307127,SSP585,2050,0.00028284973897319
1949,76.8059567922191,36.3572022215529,SSP585,2050,0.00029755465935033
1950,77.7042720763386,36.3572022215529,SSP585,2050,0.000430102057673021
1951,78.6025873604581,36.3572022215529,SSP585,2050,0.000375022865140906
1952,79.5009026445776,36.3572022215529,SSP585,2050,0.000462977277323806
1953,80.3992179286972,36.3572022215529,SSP585,2050,0.000874356933705855
1954,81.2975332128167,36.3572022215529,SSP585,2050,0.0016511254703635
1955,82.1958484969362,36.3572022215529,SSP585,2050,0.000674197527052667
1956,83.0941637810557,36.3572022215529,SSP585,2050,0.000233211734361527
1957,83.9924790651753,36.3572022215529,SSP585,2050,0.000609791497932943
1958,84.8907943492948,36.3572022215529,SSP585,2050,0.000292204247988037
1959,85.7891096334143,36.3572022215529,SSP585,2050,0.000244738008496781
1960,86.6874249175338,36.3572022215529,SSP585,2050,0.000400788491119464
1961,87.5857402016533,36.3572022215529,SSP585,2050,0.000354489696140159
1962,88.4840554857729,36.3572022215529,SSP585,2050,0.000344277371534529
1963,89.3823707698924,36.3572022215529,SSP585,2050,0.00130153980913628
1964,90.2806860540119,36.3572022215529,SSP585,2050,0.00142341644946509
1965,91.1790013381314,36.3572022215529,SSP585,2050,0.000896908509084304
1966,92.077316622251,36.3572022215529,SSP585,2050,0.000771835141217925
1967,92.9756319063705,36.3572022215529,SSP585,2050,0.00195590757183683
1968,93.87394719049,36.3572022215529,SSP585,2050,0.00179536789287293
1969,94.7722624746095,36.3572022215529,SSP585,2050,0.0225048436669368
1970,95.670577758729,36.3572022215529,SSP585,2050,0.00129431479570219
1971,96.5688930428486,36.3572022215529,SSP585,2050,0.000752048672178596
1972,97.4672083269681,36.3572022215529,SSP585,2050,0.0022020136352201
1973,98.3655236110876,36.3572022215529,SSP585,2050,0.0334313101864557
1974,99.2638388952071,36.3572022215529,SSP585,2050,0.018286997650955
1975,100.162154179327,36.3572022215529,SSP585,2050,0.0531126634996826
1976,101.060469463446,36.3572022215529,SSP585,2050,0.143171493880766
1977,101.958784747566,36.3572022215529,SSP585,2050,0.253120793716596
1978,102.857100031685,36.3572022215529,SSP585,2050,0.0047218519104848
1979,103.755415315805,36.3572022215529,SSP585,2050,0.332101965041525
1980,104.653730599924,36.3572022215529,SSP585,2050,0.00054609189513688
1981,105.552045884044,36.3572022215529,SSP585,2050,0.00152047551320855
1982,106.450361168163,36.3572022215529,SSP585,2050,0.00284169637040732
1983,107.348676452283,36.3572022215529,SSP585,2050,0.000789513797051611
1984,108.246991736402,36.3572022215529,SSP585,2050,0.00590724188201819
1985,109.145307020522,36.3572022215529,SSP585,2050,0.0235673297108782
1986,110.043622304641,36.3572022215529,SSP585,2050,0.00849060635535415
1987,110.941937588761,36.3572022215529,SSP585,2050,0.000871235748004517
1988,111.84025287288,36.3572022215529,SSP585,2050,0.0736782686906821
1989,112.738568157,36.3572022215529,SSP585,2050,0.0467220852929569
1990,113.63688344112,36.3572022215529,SSP585,2050,0.022392391338298
1991,114.535198725239,36.3572022215529,SSP585,2050,0.049768468088536
1992,115.433514009359,36.357202221553,SSP585,2050,0.00128200152553892
1993,116.331829293478,36.3572022215529,SSP585,2050,0.0186857728513105
1994,117.230144577598,36.3572022215529,SSP585,2050,0.423867083303039
1995,118.128459861717,36.3572022215529,SSP585,2050,0.0167439595118042
1996,119.026775145837,36.3572022215529,SSP585,2050,0.0887236105379683
1997,119.904223353102,36.375017714134,SSP585,2050,0.548294980990904
1998,120.634986151713,36.4644828997828,SSP585,2050,0.552342530128943
1999,121.346122541522,36.7061750168915,SSP585,2050,
2020,76.2441451848537,35.9175050300443,SSP585,2050,0.000270742059112372
2021,76.9100707783439,35.827204814307,SSP585,2050,0.000302612729827567
2022,77.7261771263695,35.7324022219012,SSP585,2050,0.000336093081031441
2023,78.6025873604581,35.6304174817484,SSP585,2050,0.000291839264315308
2024,79.5009026445776,35.6304174817484,SSP585,2050,0.000361187921897543
2025,80.3992179286972,35.6304174817484,SSP585,2050,0.000548033716717522
2026,81.2975332128167,35.6304174817484,SSP585,2050,0.000661646413958716
2027,82.1958484969362,35.6304174817484,SSP585,2050,0.000318091394599485
2028,83.0941637810557,35.6304174817484,SSP585,2050,0.000623800126390739
2029,83.9924790651753,35.6304174817484,SSP585,2050,0.000540413631471171
2030,84.8907943492948,35.6304174817484,SSP585,2050,0.000193980649764725
2031,85.7891096334143,35.6304174817484,SSP585,2050,0.000221035588973573
2032,86.6874249175338,35.6304174817484,SSP585,2050,0.000339158479501167
2033,87.5857402016533,35.6304174817484,SSP585,2050,0.000568104595004892
2034,88.4840554857729,35.6304174817484,SSP585,2050,0.000486557336065396
2035,89.3823707698924,35.6304174817484,SSP585,2050,0.000946374890874679
2036,90.2806860540119,35.6304174817484,SSP585,2050,0.000434603171661885
2037,91.1790013381314,35.6304174817484,SSP585,2050,0.000717487896028879
2038,92.077316622251,35.6304174817484,SSP585,2050,0.00110127490406875
2039,92.9756319063705,35.6304174817484,SSP585,2050,0.0132796435283042
2040,93.87394719049,35.6304174817484,SSP585,2050,0.0212957196424427
2041,94.7722624746095,35.6304174817484,SSP585,2050,0.0126056557026286
2042,95.670577758729,35.6304174817484,SSP585,2050,0.000630419994067544
2043,96.5688930428485,35.6304174817484,SSP585,2050,0.000532564983559802
2044,97.4672083269681,35.6304174817484,SSP585,2050,0.00355213766902995
2045,98.3655236110876,35.6304174817484,SSP585,2050,0.0234354030622319
2046,99.2638388952071,35.6304174817484,SSP585,2050,0.0440236026240735
2047,100.162154179327,35.6304174817484,SSP585,2050,0.0163936495212839
2048,101.060469463446,35.6304174817484,SSP585,2050,0.00328247508598778
2049,101.958784747566,35.6304174817484,SSP585,2050,0.0061920678174382
2050,102.857100031685,35.6304174817484,SSP585,2050,0.0159678504094024
2051,103.755415315805,35.6304174817484,SSP585,2050,0.39551448641343
2052,104.653730599924,35.6304174817484,SSP585,2050,0.0144202124274103
2053,105.552045884044,35.6304174817484,SSP585,2050,0.000357652741526771
2054,106.450361168163,35.6304174817484,SSP585,2050,0.0708294787353926
2055,107.348676452283,35.6304174817484,SSP585,2050,0.0180562685593834
2056,108.246991736402,35.6304174817484,SSP585,2050,0.120930218873036
2057,109.145307020522,35.6304174817484,SSP585,2050,0.000755857635805213
2058,110.043622304641,35.6304174817484,SSP585,2050,0.000791242613838672
2059,110.941937588761,35.6304174817484,SSP585,2050,0.00787061550782964
2060,111.84025287288,35.6304174817484,SSP585,2050,0.0132578421657299
2061,112.738568157,35.6304174817484,SSP585,2050,0.137062615169627
2062,113.636883441119,35.6304174817484,SSP585,2050,0.0124547453970955
2063,114.535198725239,35.6304174817484,SSP585,2050,0.0943914915520408
2064,115.433514009359,35.6304174817485,SSP585,2050,0.00156967983061496
2065,116.331829293478,35.6304174817484,SSP585,2050,0.0220023684492832
2066,117.230144577598,35.6304174817484,SSP585,2050,0.0665222332635146
2067,118.128459861717,35.6304174817484,SSP585,2050,0.0722760318880422
2068,119.025928273074,35.6311170409294,SSP585,2050,0.143787884296929
2069,119.73502507067,35.7726726436646,SSP585,2050,0.532503252749827
2094,78.1112076251138,35.2114043263818,SSP585,2050,0.000333248975756706
2095,78.6403388427137,34.9233891274439,SSP585,2050,0.000226350312475532
2096,79.5009026445777,34.896964841197,SSP585,2050,0.000273422647924071
2097,80.3992179286972,34.896964841197,SSP585,2050,0.000327492688257491
2098,81.2975332128167,34.896964841197,SSP585,2050,0.000273544822972815
2099,82.1958484969362,34.896964841197,SSP585,2050,0.000488181478389471
2100,83.0941637810557,34.896964841197,SSP585,2050,0.000349565481719938
2101,83.9924790651753,34.896964841197,SSP585,2050,0.000345344136906012
2102,84.8907943492948,34.896964841197,SSP585,2050,0.000286997170256709
2103,85.7891096334143,34.896964841197,SSP585,2050,0.000206591048799609
2104,86.6874249175338,34.896964841197,SSP585,2050,0.000405916282050001
2105,87.5857402016533,34.896964841197,SSP585,2050,0.00044415309765522
2106,88.4840554857729,34.896964841197,SSP585,2050,0.000405469986036078
2107,89.3823707698924,34.896964841197,SSP585,2050,0.00037868583520495
2108,90.2806860540119,34.896964841197,SSP585,2050,0.000600129853578824
2109,91.1790013381314,34.896964841197,SSP585,2050,0.000772991100162934
2110,92.077316622251,34.896964841197,SSP585,2050,0.00143727027181029
2111,92.9756319063705,34.896964841197,SSP585,2050,0.000654464514060371
2112,93.87394719049,34.896964841197,SSP585,2050,0.00721199256425664
2113,94.7722624746095,34.896964841197,SSP585,2050,0.00394634618318968
2114,95.670577758729,34.896964841197,SSP585,2050,0.00116580386167309
2115,96.5688930428486,34.896964841197,SSP585,2050,0.000602517190068097
2116,97.4672083269681,34.896964841197,SSP585,2050,0.000685756707047069
2117,98.3655236110876,34.896964841197,SSP585,2050,0.0216805215771396
2118,99.2638388952071,34.896964841197,SSP585,2050,0.00263543380177789
2119,100.162154179327,34.896964841197,SSP585,2050,0.000800298738283023
2120,101.060469463446,34.896964841197,SSP585,2050,0.00178633356535207
2121,101.958784747566,34.896964841197,SSP585,2050,0.00200796641050183
2122,102.857100031685,34.896964841197,SSP585,2050,0.0309373505961458
2123,103.755415315805,34.896964841197,SSP585,2050,0.0680540585450497
2124,104.653730599924,34.896964841197,SSP585,2050,0.00112479582487213
2125,105.552045884044,34.896964841197,SSP585,2050,0.00699711254715929
2126,106.450361168163,34.896964841197,SSP585,2050,0.00379148045002842
2127,107.348676452283,34.896964841197,SSP585,2050,0.000836267732862051
2128,108.246991736402,34.896964841197,SSP585,2050,0.00154467367136191
2129,109.145307020522,34.896964841197,SSP585,2050,0.0170242302067919
2130,110.043622304641,34.896964841197,SSP585,2050,0.0188071528909991
2131,110.941937588761,34.896964841197,SSP585,2050,0.371148418547167
2132,111.84025287288,34.896964841197,SSP585,2050,0.00747469062251083
2133,112.738568157,34.896964841197,SSP585,2050,0.343458794255978
2134,113.636883441119,34.896964841197,SSP585,2050,0.966910028436086
2135,114.535198725239,34.8969648411969,SSP585,2050,0.117139655678831
2136,115.433514009359,34.896964841197,SSP585,2050,0.00594915233842408
2137,116.331829293478,34.8969648411969,SSP585,2050,0.00986980358777023
2138,117.230144577598,34.896964841197,SSP585,2050,0.0359828274697177
2139,118.128459861717,34.896964841197,SSP585,2050,0.0141671102454951
2140,118.960405580646,34.8858763711916,SSP585,2050,0.18499247457694
2167,78.9220448563581,34.1045227382353,SSP585,2050,0.000224142816089956
2168,79.5009026445776,34.1569044119049,SSP585,2050,0.00023545462947816
2169,80.3992179286972,34.1569044119048,SSP585,2050,0.000228001073451001
2170,81.2975332128167,34.1569044119048,SSP585,2050,0.000503939013380195
2171,82.1958484969362,34.1569044119048,SSP585,2050,0.000465498200463599
2172,83.0941637810557,34.1569044119048,SSP585,2050,0.000655093278259411
2173,83.9924790651753,34.1569044119048,SSP585,2050,0.000631589546943534
2174,84.8907943492948,34.1569044119048,SSP585,2050,0.000534272010467074
2175,85.7891096334143,34.1569044119048,SSP585,2050,0.000262732480641015
2176,86.6874249175338,34.1569044119048,SSP585,2050,0.000435571311891314
2177,87.5857402016533,34.1569044119048,SSP585,2050,0.00051129954249951
2178,88.4840554857729,34.1569044119048,SSP585,2050,0.000365196900973808
2179,89.3823707698924,34.1569044119048,SSP585,2050,0.000472110776478685
2180,90.2806860540119,34.1569044119048,SSP585,2050,0.000549525658125383
2181,91.1790013381314,34.1569044119048,SSP585,2050,0.00110706209180267
2182,92.077316622251,34.1569044119048,SSP585,2050,0.00298984473626707
2183,92.9756319063705,34.1569044119048,SSP585,2050,0.000788869056749131
2184,93.87394719049,34.1569044119048,SSP585,2050,0.00093938246404035
2185,94.7722624746095,34.1569044119048,SSP585,2050,0.000692920815155151
2186,95.670577758729,34.1569044119048,SSP585,2050,0.0115470112047185
2187,96.5688930428485,34.1569044119048,SSP585,2050,0.00095995578851571
2188,97.4672083269681,34.1569044119049,SSP585,2050,0.00320057605636703
2189,98.3655236110876,34.1569044119048,SSP585,2050,0.00124415940710265
2190,99.2638388952071,34.1569044119048,SSP585,2050,0.000678466242973297
2191,100.162154179327,34.1569044119048,SSP585,2050,0.00238560205739891
2192,101.060469463446,34.1569044119048,SSP585,2050,0.000783039598973079
2193,101.958784747566,34.1569044119048,SSP585,2050,0.032520639464489
2194,102.857100031685,34.1569044119048,SSP585,2050,0.143542876244957
2195,103.755415315805,34.1569044119048,SSP585,2050,0.00436665496637767
2196,104.653730599924,34.1569044119048,SSP585,2050,0.0061073530947654
2197,105.552045884044,34.1569044119048,SSP585,2050,0.0264147829286351
2198,106.450361168163,34.1569044119048,SSP585,2050,0.00902277074730018
2199,107.348676452283,34.1569044119048,SSP585,2050,0.0110222614227383
2200,108.246991736402,34.1569044119048,SSP585,2050,0.241494114243936
2201,109.145307020522,34.1569044119048,SSP585,2050,0.551587606709204
2202,110.043622304641,34.1569044119048,SSP585,2050,0.00991918849898177
2203,110.941937588761,34.1569044119048,SSP585,2050,0.0522598401957584
2204,111.84025287288,34.1569044119048,SSP585,2050,0.117725254774046
2205,112.738568157,34.1569044119048,SSP585,2050,0.113512820322539
2206,113.636883441119,34.1569044119048,SSP585,2050,0.0277724768050397
2207,114.535198725239,34.1569044119048,SSP585,2050,0.00199456983936064
2208,115.433514009359,34.1569044119048,SSP585,2050,0.00895342899186169
2209,116.331829293478,34.1569044119048,SSP585,2050,0.0164836578544532
2210,117.230144577598,34.1569044119049,SSP585,2050,0.510144261731633
2211,118.128459861717,34.1569044119048,SSP585,2050,0.0101790574589021
2212,119.026775145837,34.1569044119048,SSP585,2050,0.0119473543739307
2213,119.882857408409,34.1106117558621,SSP585,2050,0.00444785839527195
2214,120.409908475428,33.8702854675797,SSP585,2050,
2239,78.9286670562435,33.6056066422668,SSP585,2050,0.000217267964604417
2240,79.5159394618932,33.4204008418773,SSP585,2050,0.00101167461606855
2241,80.3992179286972,33.4103012364864,SSP585,2050,0.000795649904235085
2242,81.2975332128167,33.4103012364864,SSP585,2050,0.000454513891305575
2243,82.1958484969362,33.4103012364864,SSP585,2050,0.000399139654434277
2244,83.0941637810557,33.4103012364864,SSP585,2050,0.000460728843055813
2245,83.9924790651753,33.4103012364864,SSP585,2050,0.000480197018058792
2246,84.8907943492948,33.4103012364864,SSP585,2050,0.000329155558631
2247,85.7891096334143,33.4103012364864,SSP585,2050,0.000431378353134115
2248,86.6874249175338,33.4103012364864,SSP585,2050,0.000642501294805919
2249,87.5857402016533,33.4103012364864,SSP585,2050,0.000511813558365604
2250,88.4840554857729,33.4103012364864,SSP585,2050,0.000748040267440464
2251,89.3823707698924,33.4103012364864,SSP585,2050,0.000684597660973618
2252,90.2806860540119,33.4103012364864,SSP585,2050,0.000698195596782192
2253,91.1790013381314,33.4103012364864,SSP585,2050,0.000966069897169297
2254,92.077316622251,33.4103012364864,SSP585,2050,0.00119371470160201
2255,92.9756319063705,33.4103012364864,SSP585,2050,0.00125073610391013
2256,93.87394719049,33.4103012364864,SSP585,2050,0.000559137879652671
2257,94.7722624746095,33.4103012364864,SSP585,2050,0.00130380667981833
2258,95.670577758729,33.4103012364864,SSP585,2050,0.00205944389448154
2259,96.5688930428486,33.4103012364864,SSP585,2050,0.0170160733678939
2260,97.4672083269681,33.4103012364864,SSP585,2050,0.0172435372147703
2261,98.3655236110876,33.4103012364864,SSP585,2050,0.003070682480942
2262,99.2638388952071,33.4103012364864,SSP585,2050,0.000830344874401812
2263,100.162154179327,33.4103012364864,SSP585,2050,0.000717662489349569
2264,101.060469463446,33.4103012364864,SSP585,2050,0.00593688399446313
2265,101.958784747566,33.4103012364864,SSP585,2050,0.00752046037893406
2266,102.857100031685,33.4103012364864,SSP585,2050,0.110582600455061
2267,103.755415315805,33.4103012364864,SSP585,2050,0.0753121594525613
2268,104.653730599924,33.4103012364864,SSP585,2050,0.00409471665073202
2269,105.552045884044,33.4103012364864,SSP585,2050,0.00248451621582546
2270,106.450361168163,33.4103012364864,SSP585,2050,0.0132986977508553
2271,107.348676452283,33.4103012364864,SSP585,2050,0.39406729482671
2272,108.246991736402,33.4103012364864,SSP585,2050,0.0531413603063934
2273,109.145307020522,33.4103012364864,SSP585,2050,0.00496273722168783
2274,110.043622304641,33.4103012364864,SSP585,2050,0.000901544314220737
2275,110.941937588761,33.4103012364864,SSP585,2050,0.00247375930020488
2276,111.84025287288,33.4103012364864,SSP585,2050,0.0391392233531466
2277,112.738568157,33.4103012364864,SSP585,2050,0.0120465903646947
2278,113.636883441119,33.4103012364864,SSP585,2050,0.0313641595347544
2279,114.535198725239,33.4103012364864,SSP585,2050,0.00615348201183508
2280,115.433514009358,33.4103012364864,SSP585,2050,0.00232679312731687
2281,116.331829293478,33.4103012364864,SSP585,2050,0.00460955975687138
2282,117.230144577598,33.4103012364864,SSP585,2050,0.00526646761842853
2283,118.128459861717,33.4103012364864,SSP585,2050,0.0078287199557795
2284,119.026775145837,33.4103012364864,SSP585,2050,0.243656204071897
2285,119.925090429956,33.4103012364864,SSP585,2050,0.0750833240846953
2286,120.514169036521,33.3339283464613,SSP585,2050,
2311,78.7118206954573,32.445517343661,SSP585,2050,0.000317012381602089
2312,79.5804942430139,32.6409765745574,SSP585,2050,0.000415739352038647
2313,80.3992179286972,32.6572253559297,SSP585,2050,0.00154407860655714
2314,81.2975332128167,32.6572253559297,SSP585,2050,0.000446570390475576
2315,82.1958484969362,32.6572253559297,SSP585,2050,0.000414784214820441
2316,83.0941637810557,32.6572253559297,SSP585,2050,0.000381265335010594
2317,83.9924790651753,32.6572253559297,SSP585,2050,0.000381650183999938
2318,84.8907943492948,32.6572253559297,SSP585,2050,0.000547368288587924
2319,85.7891096334143,32.6572253559297,SSP585,2050,0.000616357596481265
2320,86.6874249175338,32.6572253559297,SSP585,2050,0.000632580270293115
2321,87.5857402016533,32.6572253559297,SSP585,2050,0.000619333092662711
2322,88.4840554857729,32.6572253559297,SSP585,2050,0.000549269701047295
2323,89.3823707698924,32.6572253559297,SSP585,2050,0.000778130337738436
2324,90.2806860540119,32.6572253559297,SSP585,2050,0.000897023246355211
2325,91.1790013381314,32.6572253559297,SSP585,2050,0.000590898425956499
2326,92.077316622251,32.6572253559297,SSP585,2050,0.00132276449520907
2327,92.9756319063705,32.6572253559297,SSP585,2050,0.00252970057274837
2328,93.87394719049,32.6572253559297,SSP585,2050,0.000810726257475358
2329,94.7722624746095,32.6572253559297,SSP585,2050,0.00151814967767583
2330,95.670577758729,32.6572253559297,SSP585,2050,0.0103514939963885
2331,96.5688930428486,32.6572253559297,SSP585,2050,0.138810011998877
2332,97.4672083269681,32.6572253559297,SSP585,2050,0.0707388677402583
2333,98.3655236110876,32.6572253559297,SSP585,2050,0.00478469258643932
2334,99.2638388952071,32.6572253559297,SSP585,2050,0.000813199854192037
2335,100.162154179327,32.6572253559297,SSP585,2050,0.00242041366360646
2336,101.060469463446,32.6572253559297,SSP585,2050,0.00434008671741004
2337,101.958784747566,32.6572253559297,SSP585,2050,0.0101695339513652
2338,102.857100031685,32.6572253559297,SSP585,2050,0.0124027125074052
2339,103.755415315805,32.6572253559297,SSP585,2050,0.0889294760542078
2340,104.653730599924,32.6572253559297,SSP585,2050,0.474277382927481
2341,105.552045884044,32.6572253559297,SSP585,2050,0.0223746824102399
2342,106.450361168163,32.6572253559297,SSP585,2050,0.00305454806397909
2343,107.348676452283,32.6572253559297,SSP585,2050,0.0118705498073775
2344,108.246991736402,32.6572253559297,SSP585,2050,0.00298825254972124
2345,109.145307020522,32.6572253559297,SSP585,2050,0.00308146879842053
2346,110.043622304641,32.6572253559297,SSP585,2050,0.00129685947869418
2347,110.941937588761,32.6572253559297,SSP585,2050,0.0223270606556065
2348,111.84025287288,32.6572253559297,SSP585,2050,0.0110791538145359
2349,112.738568157,32.6572253559297,SSP585,2050,0.01531875883645
2350,113.636883441119,32.6572253559297,SSP585,2050,0.00599669846721729
2351,114.535198725239,32.6572253559297,SSP585,2050,0.00123540721698634
2352,115.433514009359,32.6572253559297,SSP585,2050,0.00703288042984562
2353,116.331829293478,32.6572253559297,SSP585,2050,0.0149784162923883
2354,117.230144577598,32.6572253559297,SSP585,2050,0.0383332745263767
2355,118.128459861717,32.6572253559297,SSP585,2050,0.0388339287395636
2356,119.026775145837,32.6572253559298,SSP585,2050,0.150657224287412
2357,119.925090429956,32.6572253559297,SSP585,2050,0.0383088920101617
2358,120.704558764307,32.606414031906,SSP585,2050,0.0556719612302178
2359,121.316815002923,32.3464053235734,SSP585,2050,
2383,78.8602929849942,31.9680059820801,SSP585,2050,0.000523353359337286
2384,79.5009026445776,31.897751870965,SSP585,2050,0.0012120679272557
2385,80.3992179286972,31.897751870965,SSP585,2050,0.00074018602967485
2386,81.2975332128167,31.897751870965,SSP585,2050,0.00046974607507333
2387,82.1958484969362,31.897751870965,SSP585,2050,0.000414420246487968
2388,83.0941637810557,31.897751870965,SSP585,2050,0.000317223807513645
2389,83.9924790651753,31.897751870965,SSP585,2050,0.000344715718663902
2390,84.8907943492948,31.897751870965,SSP585,2050,0.000560610084308633
2391,85.7891096334143,31.897751870965,SSP585,2050,0.000469512416223394
2392,86.6874249175338,31.897751870965,SSP585,2050,0.000812433107963972
2393,87.5857402016533,31.897751870965,SSP585,2050,0.000874093534035447
2394,88.4840554857729,31.897751870965,SSP585,2050,0.00080685246914769
2395,89.3823707698924,31.897751870965,SSP585,2050,0.00107665033305915
2396,90.2806860540119,31.897751870965,SSP585,2050,0.000591496997198071
2397,91.1790013381314,31.897751870965,SSP585,2050,0.00083245641901708
2398,92.0773166222509,31.897751870965,SSP585,2050,0.000888159725797921
2399,92.9756319063705,31.897751870965,SSP585,2050,0.00078932299778145
2400,93.87394719049,31.897751870965,SSP585,2050,0.00171730020358019
2401,94.7722624746095,31.897751870965,SSP585,2050,0.00290688116066518
2402,95.670577758729,31.897751870965,SSP585,2050,0.00572070722537299
2403,96.5688930428486,31.897751870965,SSP585,2050,0.112674043709074
2404,97.4672083269681,31.897751870965,SSP585,2050,0.000724695835842004
2405,98.3655236110876,31.897751870965,SSP585,2050,0.000855406155612637
2406,99.2638388952071,31.897751870965,SSP585,2050,0.00142469518008315
2407,100.162154179327,31.897751870965,SSP585,2050,0.00447668338037943
2408,101.060469463446,31.897751870965,SSP585,2050,0.00102521668155942
2409,101.958784747566,31.897751870965,SSP585,2050,0.0223970198438404
2410,102.857100031685,31.897751870965,SSP585,2050,0.0172901683048398
2411,103.755415315805,31.897751870965,SSP585,2050,0.0210159906683666
2412,104.653730599924,31.897751870965,SSP585,2050,0.0550533587944965
2413,105.552045884044,31.897751870965,SSP585,2050,0.013110283728607
2414,106.450361168163,31.897751870965,SSP585,2050,0.00210090199527246
2415,107.348676452283,31.897751870965,SSP585,2050,0.00506843229890519
2416,108.246991736402,31.897751870965,SSP585,2050,0.00323094684706504
2417,109.145307020522,31.897751870965,SSP585,2050,0.00242898095584865
2418,110.043622304641,31.897751870965,SSP585,2050,0.15934726195536
2419,110.941937588761,31.897751870965,SSP585,2050,0.650467659707808
2420,111.84025287288,31.897751870965,SSP585,2050,0.052513871375639
2421,112.738568157,31.897751870965,SSP585,2050,0.00275171236656779
2422,113.636883441119,31.897751870965,SSP585,2050,0.0489039167112711
2423,114.535198725239,31.897751870965,SSP585,2050,0.426743379911591
2424,115.433514009358,31.897751870965,SSP585,2050,0.00845805943355615
2425,116.331829293478,31.897751870965,SSP585,2050,0.0290900127378856
2426,117.230144577598,31.897751870965,SSP585,2050,0.855955671307214
2427,118.128459861717,31.897751870965,SSP585,2050,0.378251733026898
2428,119.026775145837,31.897751870965,SSP585,2050,0.999999726548945
2429,119.922395539987,31.8973397755042,SSP585,2050,0.969000337203798
2430,120.812489926211,31.9066116065137,SSP585,2050,0.562501991710344
2431,121.533726301119,31.8495223492286,SSP585,2050,0.0287256765829438
2455,78.9536485416294,31.3916622099499,SSP585,2050,0.00072663973135001
2456,79.5243009845641,31.2642176928874,SSP585,2050,0.0024577876502061
2457,80.4006590749733,31.1331130681935,SSP585,2050,0.000976349067131288
2458,81.2975332128167,31.1319609966062,SSP585,2050,0.00230756436317103
2459,82.1958484969362,31.1319609966062,SSP585,2050,0.000584835166218323
2460,83.0941637810557,31.1319609966062,SSP585,2050,0.000848230051566756
2461,83.9924790651753,31.1319609966062,SSP585,2050,0.000568219403213388
2462,84.8907943492948,31.1319609966062,SSP585,2050,0.000610895512777265
2463,85.7891096334143,31.1319609966062,SSP585,2050,0.000537356924080523
2464,86.6874249175338,31.1319609966062,SSP585,2050,0.00151698650814724
2465,87.5857402016533,31.1319609966062,SSP585,2050,0.000445929346641338
2466,88.4840554857729,31.1319609966062,SSP585,2050,0.000413222009192804
2467,89.3823707698924,31.1319609966062,SSP585,2050,0.000428429925166451
2468,90.2806860540119,31.1319609966062,SSP585,2050,0.00147877670658059
2469,91.1790013381314,31.1319609966062,SSP585,2050,0.00675233202319436
2470,92.077316622251,31.1319609966062,SSP585,2050,0.00159807720741512
2471,92.9756319063705,31.1319609966062,SSP585,2050,0.000519129612413183
2472,93.87394719049,31.1319609966062,SSP585,2050,0.00170928715278917
2473,94.7722624746095,31.1319609966062,SSP585,2050,0.00123192089977375
2474,95.670577758729,31.1319609966062,SSP585,2050,0.00266424788956032
2475,96.5688930428486,31.1319609966062,SSP585,2050,0.00375427430958819
2476,97.4672083269681,31.1319609966062,SSP585,2050,0.0009451768027674
2477,98.3655236110876,31.1319609966062,SSP585,2050,0.000800554427294875
2478,99.2638388952071,31.1319609966062,SSP585,2050,0.00133324952778935
2479,100.162154179327,31.1319609966062,SSP585,2050,0.00141432015423848
2480,101.060469463446,31.1319609966062,SSP585,2050,0.00224799697143263
2481,101.958784747566,31.1319609966062,SSP585,2050,0.00295983530431787
2482,102.857100031685,31.1319609966062,SSP585,2050,0.440039626882185
2483,103.755415315805,31.1319609966062,SSP585,2050,0.812757265638926
2484,104.653730599924,31.1319609966062,SSP585,2050,0.493074570973362
2485,105.552045884044,31.1319609966062,SSP585,2050,0.0013595580546617
2486,106.450361168163,31.1319609966062,SSP585,2050,0.00989411318779487
2487,107.348676452283,31.1319609966062,SSP585,2050,0.012691160830599
2488,108.246991736402,31.1319609966062,SSP585,2050,0.0342506198362087
2489,109.145307020522,31.1319609966062,SSP585,2050,0.0100260500092061
2490,110.043622304641,31.1319609966062,SSP585,2050,0.581216776344367
2491,110.941937588761,31.1319609966062,SSP585,2050,0.345299386009126
2492,111.84025287288,31.1319609966062,SSP585,2050,0.041507812884048
2493,112.738568157,31.1319609966062,SSP585,2050,0.0652803538604296
2494,113.636883441119,31.1319609966062,SSP585,2050,0.0409591410245008
2495,114.535198725239,31.1319609966062,SSP585,2050,0.645442737282254
2496,115.433514009359,31.1319609966062,SSP585,2050,0.0623806891425798
2497,116.331829293478,31.1319609966062,SSP585,2050,0.0414600476663936
2498,117.230144577598,31.1319609966062,SSP585,2050,0.0784254262777013
2499,118.128459861717,31.1319609966062,SSP585,2050,0.0934893713721039
2500,119.026775145836,31.1319609966061,SSP585,2050,0.193997272304938
2501,119.925090429956,31.1319609966062,SSP585,2050,0.854434631645227
2502,120.823306314776,31.1318771084974,SSP585,2050,0.999997001201142
2503,121.534465366301,31.1003950863884,SSP585,2050,0.999996607039379
2504,122.660193100527,30.8377341745891,SSP585,2050,
2529,80.5290580079123,30.6245470088143,SSP585,2050,0.00103900927915923
2530,81.2600458606445,30.493018136216,SSP585,2050,0.00478813472048956
2531,82.272282138723,30.444751404294,SSP585,2050,0.000665919093556622
2532,83.0941637810557,30.359938109442,SSP585,2050,0.00103951420193804
2533,83.9924790651753,30.359938109442,SSP585,2050,0.000770429798941152
2534,84.8907943492948,30.359938109442,SSP585,2050,0.000365219510502501
2535,85.7891096334143,30.359938109442,SSP585,2050,0.000419569025353561
2536,86.6874249175338,30.359938109442,SSP585,2050,0.000372171282849165
2537,87.5857402016533,30.359938109442,SSP585,2050,0.000442627769137949
2538,88.4840554857729,30.359938109442,SSP585,2050,0.000251826851927039
2539,89.3823707698924,30.359938109442,SSP585,2050,0.000530416088518337
2540,90.2806860540119,30.359938109442,SSP585,2050,0.000963349846061723
2541,91.1790013381314,30.359938109442,SSP585,2050,0.00178029900009058
2542,92.077316622251,30.359938109442,SSP585,2050,0.00111950411795103
2543,92.9756319063705,30.359938109442,SSP585,2050,0.0010049692194265
2544,93.87394719049,30.359938109442,SSP585,2050,0.0101506317406639
2545,94.7722624746095,30.359938109442,SSP585,2050,0.0153768742144206
2546,95.670577758729,30.359938109442,SSP585,2050,0.00361774775712331
2547,96.5688930428485,30.359938109442,SSP585,2050,0.00113287121211481
2548,97.4672083269681,30.359938109442,SSP585,2050,0.00267823020493496
2549,98.3655236110876,30.359938109442,SSP585,2050,0.000802212246015621
2550,99.2638388952071,30.359938109442,SSP585,2050,0.000737547005828398
2551,100.162154179327,30.359938109442,SSP585,2050,0.00255409359934744
2552,101.060469463446,30.359938109442,SSP585,2050,0.0175434791061228
2553,101.958784747566,30.359938109442,SSP585,2050,0.0512923727048503
2554,102.857100031685,30.359938109442,SSP585,2050,0.283452590217408
2555,103.755415315805,30.359938109442,SSP585,2050,0.988534313393289
2556,104.653730599924,30.359938109442,SSP585,2050,0.706433782294107
2557,105.552045884044,30.359938109442,SSP585,2050,0.0126275065171805
2558,106.450361168163,30.359938109442,SSP585,2050,0.0074675797692898
2559,107.348676452283,30.359938109442,SSP585,2050,0.0305972508903052
2560,108.246991736402,30.359938109442,SSP585,2050,0.00791425747083541
2561,109.145307020522,30.359938109442,SSP585,2050,0.035302073964235
2562,110.043622304641,30.359938109442,SSP585,2050,0.00853103953560486
2563,110.941937588761,30.359938109442,SSP585,2050,0.53412844925015
2564,111.84025287288,30.359938109442,SSP585,2050,0.299745625221992
2565,112.738568157,30.359938109442,SSP585,2050,0.0504723498189513
2566,113.636883441119,30.359938109442,SSP585,2050,0.408880068643174
2567,114.535198725239,30.359938109442,SSP585,2050,0.999836283508189
2568,115.433514009359,30.359938109442,SSP585,2050,0.049223410327693
2569,116.331829293478,30.359938109442,SSP585,2050,0.0343984748369186
2570,117.230144577598,30.359938109442,SSP585,2050,0.0606215732111707
2571,118.128459861717,30.359938109442,SSP585,2050,0.185836275481132
2572,119.026775145837,30.359938109442,SSP585,2050,0.76052438857336
2573,119.922323669823,30.3605647242723,SSP585,2050,0.999999999945736
2574,120.77452717431,30.3574019611609,SSP585,2050,
2575,121.639401002142,30.1205790517231,SSP585,2050,
2576,122.305678335048,30.2726493835941,SSP585,2050,
2603,82.6280026972768,29.9375101085613,SSP585,2050,0.000799208596484746
2604,83.2042845437638,29.7694639660965,SSP585,2050,0.00119328449112965
2605,83.9991049880704,29.6156110947249,SSP585,2050,0.00115399154866869
2606,84.8907943492948,29.5817737872574,SSP585,2050,0.00111271711552385
2607,85.7891096334143,29.5817737872574,SSP585,2050,0.00141890939871092
2608,86.6874249175338,29.5817737872574,SSP585,2050,0.000605292722590245
2609,87.5857402016533,29.5817737872574,SSP585,2050,0.00101455384639282
2610,88.4840554857729,29.5817737872574,SSP585,2050,0.0130522107096872
2611,89.3823707698924,29.5817737872574,SSP585,2050,0.0098164547749372
2612,90.2806860540119,29.5817737872574,SSP585,2050,0.00746371787158473
2613,91.1790013381314,29.5817737872574,SSP585,2050,0.288457746709125
2614,92.077316622251,29.5817737872574,SSP585,2050,0.0100962588409642
2615,92.9756319063705,29.5817737872574,SSP585,2050,0.00187264375061924
2616,93.87394719049,29.5817737872574,SSP585,2050,0.010147305855548
2617,94.7722624746095,29.5817737872574,SSP585,2050,0.315956117506969
2618,95.670577758729,29.5817737872574,SSP585,2050,0.47729641860741
2619,96.5688930428486,29.5817737872574,SSP585,2050,0.00629876023318443
2620,97.4672083269681,29.5817737872574,SSP585,2050,0.00226616643397048
2621,98.3655236110876,29.5817737872574,SSP585,2050,0.0101984024285107
2622,99.2638388952071,29.5817737872574,SSP585,2050,0.00180112591338411
2623,100.162154179327,29.5817737872574,SSP585,2050,0.00284793402058159
2624,101.060469463446,29.5817737872574,SSP585,2050,0.00626972817453442
2625,101.958784747566,29.5817737872574,SSP585,2050,0.0800271819826067
2626,102.857100031685,29.5817737872574,SSP585,2050,0.911390966536071
2627,103.755415315805,29.5817737872574,SSP585,2050,0.126967097742469
2628,104.653730599924,29.5817737872574,SSP585,2050,0.082584807126447
2629,105.552045884044,29.5817737872574,SSP585,2050,0.0475910203183367
2630,106.450361168163,29.5817737872574,SSP585,2050,0.99734320486337
2631,107.348676452283,29.5817737872574,SSP585,2050,0.0209957242857378
2632,108.246991736402,29.5817737872574,SSP585,2050,0.0127246444554932
2633,109.145307020522,29.5817737872574,SSP585,2050,0.0107910478249136
2634,110.043622304641,29.5817737872574,SSP585,2050,0.0638859379885893
2635,110.941937588761,29.5817737872574,SSP585,2050,0.311218013051944
2636,111.84025287288,29.5817737872574,SSP585,2050,0.234876392634954
2637,112.738568157,29.5817737872574,SSP585,2050,0.217598430348969
2638,113.636883441119,29.5817737872574,SSP585,2050,0.0238905988037329
2639,114.535198725239,29.5817737872574,SSP585,2050,0.0191375860812913
2640,115.433514009359,29.5817737872574,SSP585,2050,0.13133901304342
2641,116.331829293478,29.5817737872574,SSP585,2050,0.158509887060055
2642,117.230144577598,29.5817737872574,SSP585,2050,0.0495970805533975
2643,118.128459861717,29.5817737872574,SSP585,2050,0.748261219945572
2644,119.026775145837,29.5817737872574,SSP585,2050,0.152862302209095
2645,119.925090429956,29.5817737872574,SSP585,2050,0.241873433272047
2646,120.823405714076,29.5817737872574,SSP585,2050,0.274655405623412
2647,121.603046556683,29.5997257634977,SSP585,2050,0.435388927120728
2648,122.281324351433,29.842985990063,SSP585,2050,
2677,84.3429806097434,29.0529250558093,SSP585,2050,0.00165239741222822
2678,84.9441195618522,28.900901289775,SSP585,2050,0.0259297177966478
2679,85.7891096334143,28.7975638405778,SSP585,2050,0.0274172956373731
2680,86.6874249175338,28.7975638405778,SSP585,2050,0.00960059725542461
2681,87.5857402016533,28.7975638405778,SSP585,2050,0.00525857591894685
2682,88.4840554857729,28.7975638405778,SSP585,2050,0.00141850327344328
2683,89.3823707698924,28.7975638405778,SSP585,2050,0.00185288392173255
2684,90.2806860540119,28.7975638405778,SSP585,2050,0.0189006287012427
2685,91.1790013381314,28.7975638405778,SSP585,2050,0.00446485281229314
2686,92.077316622251,28.7975638405778,SSP585,2050,0.0119094624633395
2687,92.9756319063705,28.7975638405778,SSP585,2050,0.00397028897510421
2688,93.87394719049,28.7975638405778,SSP585,2050,0.00418188317876
2689,94.7722624746095,28.7975638405778,SSP585,2050,0.00274299284615964
2690,95.670577758729,28.7975638405778,SSP585,2050,0.00140563108642122
2691,96.5688930428486,28.7975638405778,SSP585,2050,0.00168029716536278
2692,97.4611744775053,28.8095677415172,SSP585,2050,0.00370711263482837
2693,98.3655236110876,28.7975638405778,SSP585,2050,0.00671863409652507
2694,99.2638388952071,28.7975638405778,SSP585,2050,0.00426336381957471
2695,100.162154179327,28.7975638405778,SSP585,2050,0.0174484792401115
2696,101.060469463446,28.7975638405778,SSP585,2050,0.00164535878424088
2697,101.958784747566,28.7975638405778,SSP585,2050,0.00422602543681327
2698,102.857100031685,28.7975638405778,SSP585,2050,0.00547739091869792
2699,103.755415315805,28.7975638405778,SSP585,2050,0.0746187334633335
2700,104.653730599924,28.7975638405778,SSP585,2050,0.0371818658759155
2701,105.552045884044,28.7975638405778,SSP585,2050,0.0551840968213472
2702,106.450361168163,28.7975638405778,SSP585,2050,0.1029805166161
2703,107.348676452283,28.7975638405778,SSP585,2050,0.057068800324636
2704,108.246991736402,28.7975638405778,SSP585,2050,0.00259664918506564
2705,109.145307020522,28.7975638405778,SSP585,2050,0.00921258467417618
2706,110.043622304641,28.7975638405778,SSP585,2050,0.0511174959945854
2707,110.941937588761,28.7975638405778,SSP585,2050,0.0318450455387874
2708,111.84025287288,28.7975638405778,SSP585,2050,0.0378617829993863
2709,112.738568157,28.7975638405778,SSP585,2050,0.169534198786052
2710,113.636883441119,28.7975638405778,SSP585,2050,0.0112587257968727
2711,114.535198725239,28.7975638405778,SSP585,2050,0.0270774792619772
2712,115.433514009358,28.7975638405778,SSP585,2050,0.640402507961489
2713,116.331829293478,28.7975638405778,SSP585,2050,0.931711657946011
2714,117.230144577598,28.7975638405778,SSP585,2050,0.00264940724205243
2715,118.128459861717,28.7975638405778,SSP585,2050,0.314478641453236
2716,119.026775145837,28.7975638405778,SSP585,2050,0.416266456034771
2717,119.925090429956,28.7975638405778,SSP585,2050,0.714194851654785
2718,120.823405714076,28.7975638405778,SSP585,2050,0.495617364644692
2719,121.456467798715,28.8198556761205,SSP585,2050,0.125933806714679
2750,85.2677621739188,28.3795009016026,SSP585,2050,0.0375554857833951
2751,85.951318224197,28.2515882288631,SSP585,2050,0.0343824706051855
2752,86.6908066449762,28.2070518418809,SSP585,2050,0.00688675690912466
2753,87.5750832987249,28.1394880788429,SSP585,2050,0.0123248492724112
2754,88.4791167905161,28.1733948054688,SSP585,2050,0.0035138495688295
2755,89.2531087399051,28.1052975903994,SSP585,2050,0.00718123849121466
2756,90.3407867191068,28.2769646691795,SSP585,2050,0.00265600663647236
2757,91.1929724321617,28.194285906939,SSP585,2050,0.0330862158507308
2758,92.0787371513601,28.0083311071685,SSP585,2050,0.0566709846891286
2759,92.9756319063705,28.0074093357378,SSP585,2050,0.00159945865560263
2760,93.87394719049,28.0074093357378,SSP585,2050,0.00168811757561527
2761,94.7321674667976,28.0614279812259,SSP585,2050,0.00204011692036832
2762,95.5837338655716,28.2753654913653,SSP585,2050,0.00185741976957465
2763,96.6525614962135,28.2130506523232,SSP585,2050,0.00145326145246993
2764,97.2256778531727,28.1449381212459,SSP585,2050,0.0014770515861714
2765,98.4718095257053,28.0515310005048,SSP585,2050,0.0115568926464854
2766,99.2638388952071,28.0074093357378,SSP585,2050,0.0427568049555193
2767,100.162154179327,28.0074093357378,SSP585,2050,0.00988885905399839
2768,101.060469463446,28.0074093357378,SSP585,2050,0.0114212396101997
2769,101.958784747566,28.0074093357378,SSP585,2050,0.0405870123523147
2770,102.857100031685,28.0074093357378,SSP585,2050,0.00190084644941679
2771,103.755415315805,28.0074093357378,SSP585,2050,0.000371686057078824
2772,104.653730599924,28.0074093357378,SSP585,2050,0.00111063748115747
2773,105.552045884044,28.0074093357378,SSP585,2050,0.00836229288320045
2774,106.450361168163,28.0074093357378,SSP585,2050,0.00845322817138716
2775,107.348676452283,28.0074093357378,SSP585,2050,0.152550049330027
2776,108.246991736402,28.0074093357378,SSP585,2050,0.011167458671385
2777,109.145307020522,28.0074093357378,SSP585,2050,0.0108317654890299
2778,110.043622304641,28.0074093357378,SSP585,2050,0.0338361467079638
2779,110.941937588761,28.0074093357378,SSP585,2050,0.00699226568463307
2780,111.84025287288,28.0074093357378,SSP585,2050,0.0178655069631348
2781,112.738568157,28.0074093357378,SSP585,2050,0.997290796262372
2782,113.636883441119,28.0074093357378,SSP585,2050,0.176958885358658
2783,114.535198725239,28.0074093357378,SSP585,2050,0.0182276487917873
2784,115.433514009358,28.0074093357378,SSP585,2050,0.0075671776289663
2785,116.331829293478,28.0074093357378,SSP585,2050,0.0441679639796346
2786,117.230144577598,28.0074093357378,SSP585,2050,0.0434041421228911
2787,118.128459861717,28.0074093357378,SSP585,2050,0.20629369668721
2788,119.026775145837,28.0074093357378,SSP585,2050,0.435955044985406
2789,119.925090429956,28.0074093357378,SSP585,2050,0.520917281503505
2790,120.710954697087,28.085676170264,SSP585,2050,0.642428833134113
2791,121.399924172141,28.3033034093586,SSP585,2050,
2799,128.726766097212,27.6525708840276,SSP585,2050,
2826,88.8777301058324,27.5170886065542,SSP585,2050,0.0122434631469909
2827,89.0443904318711,27.4652747864857,SSP585,2050,0.00283653697326625
2830,92.2493205344729,27.3016511754727,SSP585,2050,0.0023548237110762
2831,92.9813592120786,27.2665790729466,SSP585,2050,0.00239779189746669
2832,93.7259154437825,27.333528957722,SSP585,2050,0.00293203675499265
2833,94.3856358938791,27.6080097806127,SSP585,2050,0.00212399520564432
2837,98.7344411122203,27.315860917647,SSP585,2050,0.00166523648394756
2838,99.2638388952071,27.2114166090938,SSP585,2050,0.00879624522573985
2839,100.162154179327,27.2114166090938,SSP585,2050,0.0374048995559338
2840,101.060469463446,27.2114166090938,SSP585,2050,0.00601565428016959
2841,101.958784747566,27.2114166090938,SSP585,2050,0.00778132549772514
2842,102.857100031685,27.2114166090938,SSP585,2050,0.00598606268794033
2843,103.755415315805,27.2114166090938,SSP585,2050,0.00263422011602399
2844,104.653730599924,27.2114166090938,SSP585,2050,0.0216793114059866
2845,105.552045884044,27.2114166090938,SSP585,2050,0.0560771920738605
2846,106.450361168163,27.2114166090938,SSP585,2050,0.0104231482384796
2847,107.348676452283,27.2114166090938,SSP585,2050,0.00375837729612849
2848,108.246991736402,27.2114166090938,SSP585,2050,0.00495313722127955
2849,109.145307020522,27.2114166090938,SSP585,2050,0.00154211116835168
2850,110.043622304641,27.2114166090938,SSP585,2050,0.0915922111843782
2851,110.941937588761,27.2114166090938,SSP585,2050,0.0181926005768009
2852,111.84025287288,27.2114166090938,SSP585,2050,0.0225534266462312
2853,112.738568157,27.2114166090938,SSP585,2050,0.0736757697471432
2854,113.636883441119,27.2114166090938,SSP585,2050,0.00472801038601189
2855,114.535198725239,27.2114166090938,SSP585,2050,0.0224877651559364
2856,115.433514009358,27.2114166090938,SSP585,2050,0.013410929282649
2857,116.331829293478,27.2114166090938,SSP585,2050,0.00195564586816455
2858,117.230144577598,27.2114166090938,SSP585,2050,0.162835460538339
2859,118.128459861717,27.2114166090938,SSP585,2050,0.0289133212289399
2860,119.026775145837,27.2114166090938,SSP585,2050,0.0161523018522007
2861,119.898158829137,27.2338219897156,SSP585,2050,0.211611727926037
2862,120.491081450656,27.409030065604,SSP585,2050,0.040630807529906
2909,98.7482628837472,26.2497822361461,SSP585,2050,0.00151914777071882
2910,99.2638388952071,26.4096972720129,SSP585,2050,0.0114714455011979
2911,100.162154179327,26.4096972720129,SSP585,2050,0.0250213066831934
2912,101.060469463446,26.4096972720129,SSP585,2050,0.00438937186820099
2913,101.958784747566,26.4096972720129,SSP585,2050,0.0294590839177848
2914,102.857100031685,26.4096972720129,SSP585,2050,0.00487084536357474
2915,103.755415315805,26.4096972720129,SSP585,2050,0.000995784742608419
2916,104.653730599924,26.4096972720129,SSP585,2050,0.0116342395893139
2917,105.552045884044,26.4096972720129,SSP585,2050,0.00667628807148224
2918,106.450361168163,26.4096972720129,SSP585,2050,0.537586492983681
2919,107.348676452283,26.4096972720129,SSP585,2050,0.00904716308768716
2920,108.246991736402,26.4096972720129,SSP585,2050,0.0194316249564216
2921,109.145307020522,26.4096972720129,SSP585,2050,0.00246262455087176
2922,110.043622304641,26.4096972720129,SSP585,2050,0.00640016473207528
2923,110.941937588761,26.4096972720129,SSP585,2050,0.0125986065710211
2924,111.84025287288,26.4096972720129,SSP585,2050,0.0234595519089864
2925,112.738568157,26.4096972720129,SSP585,2050,0.0372968902206049
2926,113.636883441119,26.4096972720129,SSP585,2050,0.00624912919327048
2927,114.535198725239,26.4096972720129,SSP585,2050,0.00882121954674453
2928,115.433514009358,26.4096972720129,SSP585,2050,0.00190733676108501
2929,116.331829293478,26.4096972720129,SSP585,2050,0.0205347183423916
2930,117.230144577598,26.4096972720129,SSP585,2050,0.276609956145149
2931,118.128459861717,26.4096972720129,SSP585,2050,0.0760176899691757
2932,119.026775145837,26.4096972720129,SSP585,2050,0.999089767338014
2933,119.699784372173,26.4770996501751,SSP585,2050,
2980,97.8867117416,25.2265235360335,SSP585,2050,0.00183917512980314
2981,98.5007709162612,25.4824941548273,SSP585,2050,0.115448578047529
2982,99.2638388952071,25.6023682062936,SSP585,2050,0.0152657733565307
2983,100.162154179327,25.6023682062936,SSP585,2050,0.0987530570172727
2984,101.060469463446,25.6023682062936,SSP585,2050,0.00165879475606523
2985,101.958784747566,25.6023682062936,SSP585,2050,0.0012823175794181
2986,102.857100031685,25.6023682062936,SSP585,2050,0.0093866413112873
2987,103.755415315805,25.6023682062935,SSP585,2050,0.000795499548624234
2988,104.653730599924,25.6023682062936,SSP585,2050,0.00202764529770094
2989,105.552045884044,25.6023682062936,SSP585,2050,0.0197944230191173
2990,106.450361168163,25.6023682062936,SSP585,2050,0.00316471462785739
2991,107.348676452283,25.6023682062936,SSP585,2050,0.0231237014461209
2992,108.246991736402,25.6023682062936,SSP585,2050,0.0154367322020438
2993,109.145307020522,25.6023682062936,SSP585,2050,0.00571690607286923
2994,110.043622304641,25.6023682062936,SSP585,2050,0.0882798297339492
2995,110.941937588761,25.6023682062936,SSP585,2050,0.0189364452601661
2996,111.84025287288,25.6023682062935,SSP585,2050,0.0137135997235863
2997,112.738568157,25.6023682062935,SSP585,2050,0.0306112881037333
2998,113.636883441119,25.6023682062936,SSP585,2050,0.0068577180883479
2999,114.535198725239,25.6023682062935,SSP585,2050,0.10707015618013
3000,115.433514009358,25.6023682062936,SSP585,2050,0.0302141309847502
3001,116.331829293478,25.6023682062935,SSP585,2050,0.00785831057111308
3002,117.230144577598,25.6023682062936,SSP585,2050,0.0514022186314498
3003,118.128459861717,25.6023682062935,SSP585,2050,0.0468743286576663
3004,118.992956620772,25.631577071702,SSP585,2050,0.268407050446254
3005,119.619873555739,25.6797528327445,SSP585,2050,
3007,121.578657861701,25.2596176961329,SSP585,2050,
3052,97.7879505796289,24.7194255762163,SSP585,2050,0.0962491237832067
3053,98.3655236110876,24.7895515496951,SSP585,2050,0.0960468031425249
3054,99.2638388952071,24.7895515496951,SSP585,2050,0.0251804679924329
3055,100.162154179327,24.7895515496951,SSP585,2050,0.0119793845883592
3056,101.060469463446,24.7895515496951,SSP585,2050,0.028030895397177
3057,101.958784747566,24.7895515496951,SSP585,2050,0.00448172094230115
3058,102.857100031685,24.7895515496951,SSP585,2050,0.160486324111287
3059,103.755415315805,24.7895515496951,SSP585,2050,0.00145505411128943
3060,104.653730599924,24.7895515496952,SSP585,2050,0.0189965695662602
3061,105.552045884044,24.7895515496952,SSP585,2050,0.00506661985159085
3062,106.450361168163,24.7895515496952,SSP585,2050,0.00742544148381175
3063,107.348676452283,24.7895515496951,SSP585,2050,0.00103108445887778
3064,108.246991736402,24.7895515496951,SSP585,2050,0.00672339309534276
3065,109.145307020522,24.7895515496951,SSP585,2050,0.0099896431300196
3066,110.043622304641,24.7895515496951,SSP585,2050,0.0289973795232465
3067,110.941937588761,24.7895515496952,SSP585,2050,0.0243336412270121
3068,111.84025287288,24.7895515496952,SSP585,2050,0.00905421043018495
3069,112.738568157,24.7895515496951,SSP585,2050,0.1302725446903
3070,113.636883441119,24.7895515496951,SSP585,2050,0.0301987863966817
3071,114.535198725239,24.7895515496951,SSP585,2050,0.0264792270224247
3072,115.433514009359,24.7895515496952,SSP585,2050,0.00116096159721812
3073,116.331829293478,24.7895515496951,SSP585,2050,0.0224592963630486
3074,117.230144577598,24.7895515496951,SSP585,2050,0.0446711351190805
3075,118.103685005399,24.8335919626298,SSP585,2050,0.956392248198669
3076,118.770018251412,24.9604093153143,SSP585,2050,0.185780751099504
3077,119.529875381744,25.1645582018131,SSP585,2050,
3078,121.03556563845,24.6611293921698,SSP585,2050,0.00316643087302526
3079,121.56864199819,24.7835886413952,SSP585,2050,0.0322159142625488
3124,97.7970304358934,24.1256640633575,SSP585,2050,0.0257426344962595
3125,98.3749712442988,24.2095109068584,SSP585,2050,0.0163860930811423
3126,99.2743437523302,23.9744891188441,SSP585,2050,0.0015795866280921
3127,100.162154179327,23.9713746712774,SSP585,2050,0.00213748421400162
3128,101.060469463446,23.9713746712774,SSP585,2050,0.00142450630835655
3129,101.958784747566,23.9713746712774,SSP585,2050,0.00370546403452476
3130,102.857100031685,23.9713746712774,SSP585,2050,0.00355626957095145
3131,103.755415315805,23.9713746712774,SSP585,2050,0.00483837685923616
3132,104.653730599924,23.9713746712774,SSP585,2050,0.000794824289679141
3133,105.552045884044,23.9713746712774,SSP585,2050,0.00107575767012214
3134,106.450361168163,23.9713746712774,SSP585,2050,0.409756081964841
3135,107.348676452283,23.9713746712774,SSP585,2050,0.000692925717332371
3136,108.246991736402,23.9713746712774,SSP585,2050,0.00131124240075309
3137,109.145307020522,23.9713746712774,SSP585,2050,0.0511405480035205
3138,110.043622304641,23.9713746712774,SSP585,2050,0.022566143941764
3139,110.941937588761,23.9713746712774,SSP585,2050,0.0129510917239518
3140,111.84025287288,23.9713746712774,SSP585,2050,0.00214526015262273
3141,112.738568157,23.9713746712774,SSP585,2050,0.0229314502320813
3142,113.636883441119,23.9713746712774,SSP585,2050,0.156693577876677
3143,114.535198725239,23.9713746712774,SSP585,2050,0.00501686315077043
3144,115.433514009358,23.9713746712774,SSP585,2050,0.00454036389427392
3145,116.331829293478,23.9713746712774,SSP585,2050,0.0282743131979433
3146,117.191222728809,24.0222770833957,SSP585,2050,0.0468805096098443
3147,117.854883905339,24.2148744488918,SSP585,2050,0.0125622053399663
3149,120.221854614265,23.7097940313673,SSP585,2050,0.00113151949089518
3150,120.846137945521,23.9540851768199,SSP585,2050,0.0311876424431535
3151,121.458705062506,24.0222293246619,SSP585,2050,0.00404122562114662
3198,99.3818928735171,23.2595074386355,SSP585,2050,0.00210413826106848
3199,100.162154179327,23.1479701362804,SSP585,2050,0.0016425646518019
3200,101.060469463446,23.1479701362804,SSP585,2050,0.0105412014625458
3201,101.958784747566,23.1479701362804,SSP585,2050,0.00159752895339671
3202,102.859068188151,23.150331696772,SSP585,2050,0.00195361834726704
3203,103.752939554375,23.1591812276401,SSP585,2050,0.00943095221054857
3204,104.592306121855,23.2181102359245,SSP585,2050,0.00226584533259966
3205,105.637298913065,23.3359235141008,SSP585,2050,0.128915909455991
3206,106.475548226612,23.2271455875199,SSP585,2050,0.0263539224546302
3207,107.348676452283,23.1479701362804,SSP585,2050,0.00869491403301181
3208,108.246991736402,23.1479701362804,SSP585,2050,0.645980513015254
3209,109.145307020522,23.1479701362804,SSP585,2050,0.00801003214745244
3210,110.043622304641,23.1479701362804,SSP585,2050,0.0265580267779852
3211,110.941937588761,23.1479701362804,SSP585,2050,0.0324508654759622
3212,111.84025287288,23.1479701362804,SSP585,2050,0.00527337182639587
3213,112.738568157,23.1479701362804,SSP585,2050,0.320039444495433
3214,113.639285778782,23.1590943187585,SSP585,2050,0.98827135025429
3215,114.531984510007,23.153014596904,SSP585,2050,0.101911737068731
3216,115.427598084043,23.1823728619401,SSP585,2050,0.0190281791284592
3217,116.261286891506,23.2582140647182,SSP585,2050,0.0290398541303536
3218,116.927027748067,23.4499778619798,SSP585,2050,
3221,120.221142954146,23.1791573865647,SSP585,2050,0.0111526554509743
3222,120.816755431211,23.153579391231,SSP585,2050,0.00569044686056608
3223,121.363353115256,23.3288688416662,SSP585,2050,
3270,99.5091895514656,22.394686521223,SSP585,2050,0.00290688988592935
3271,100.182410647923,22.3419400992303,SSP585,2050,0.00945578480710729
3272,101.060469463446,22.3194756603065,SSP585,2050,0.149323860082119
3273,101.851914570071,22.4999659332882,SSP585,2050,0.00405316290629143
3274,102.999812049618,22.6383656852558,SSP585,2050,0.00090389651373679
3275,103.828465415847,22.6606829913289,SSP585,2050,0.00102626497600899
3276,104.348950652664,22.722767091343,SSP585,2050,0.000772418023717414
3278,106.782247985507,22.3665776705727,SSP585,2050,0.0441513363861171
3279,107.351531787224,22.3223862660348,SSP585,2050,0.440833101997831
3280,108.246922741308,22.3195653703174,SSP585,2050,0.150649778301957
3281,109.145307020522,22.3194756603065,SSP585,2050,0.00356273140454011
3282,110.043622304641,22.3194756603066,SSP585,2050,0.00741997919205628
3283,110.941937588761,22.3194756603065,SSP585,2050,0.00458256200352147
3284,111.84025287288,22.3194756603065,SSP585,2050,0.00512079130449028
3285,112.717104645741,22.3404322989481,SSP585,2050,0.0551605695781812
3286,113.537399181204,22.4349843153421,SSP585,2050,
3287,114.380911550424,22.552377428192,SSP585,2050,
3288,115.378089459572,22.7124266281378,SSP585,2050,0.000727059984791612
3293,120.320820294217,22.6300187239725,SSP585,2050,
3294,120.721261472319,22.4464503673936,SSP585,2050,0.00450191062202643
3343,100.335027314396,21.7203143463617,SSP585,2050,0.00215428736138046
3344,101.136271136014,21.6540831738014,SSP585,2050,0.0392028738152783
3345,101.651772131567,21.5469262642757,SSP585,2050,0.0185618097224505
3351,107.467093467528,21.789247955818,SSP585,2050,0.000960342395913694
3352,108.198178205548,21.7478314066419,SSP585,2050,0.0312633084738434
3353,109.196132495051,21.7053203815841,SSP585,2050,0.405210951540821
3354,110.082218872487,21.5190952770571,SSP585,2050,0.0720775874735393
3355,110.890736285408,21.6254148846067,SSP585,2050,0.0197118827957695
3356,111.74892674324,21.7484658164556,SSP585,2050,0.0180411153838249
3357,112.584667823715,21.7827317191694,SSP585,2050,
3366,120.843290592731,21.8933460897806,SSP585,2050,
3425,109.062996181376,21.0234111459488,SSP585,2050,
3426,110.092605600305,20.6701691550561,SSP585,2050,0.027806775212224
3497,109.324446468178,19.5856226832613,SSP585,2050,0.157766982467031
3498,110.0563915473,19.6851951804218,SSP585,2050,0.189623393195187
3499,110.734580573795,19.7239358643008,SSP585,2050,0.0715866963847304
3568,108.676978172325,19.0248936490551,SSP585,2050,0.0597849276472
3569,109.149109458957,18.9566394088086,SSP585,2050,0.469671078018101
3570,110.030552654776,18.9722941595042,SSP585,2050,0.187793028235788
3571,110.573927534664,19.1556759733639,SSP585,2050,
3641,109.256091828207,18.4105060800407,SSP585,2050,0.131393927212477
3642,109.813775472095,18.409118131092,SSP585,2050,
54,120.98934621946,53.1655657942916,SSP585,2080,3.34626382281211e-06
55,121.766597775951,53.2204133988419,SSP585,2080,3.14330288042619e-06
56,122.625962550526,53.2615170240288,SSP585,2080,7.80831047664243e-06
57,123.503872211582,53.2867806513094,SSP585,2080,2.31942952430009e-05
58,124.234533147575,53.1929084230386,SSP585,2080,4.14791166725159e-06
59,125.067534970276,53.1220547884351,SSP585,2080,5.03918106253831e-06
125,120.201065679812,52.686172327543,SSP585,2080,3.52205734011068e-06
126,120.844576434726,52.8132208818435,SSP585,2080,3.52166125561215e-06
127,121.721720998195,52.820390340621,SSP585,2080,3.19046487895491e-06
128,122.620036282315,52.820390340621,SSP585,2080,0.000120046227094939
129,123.518351566434,52.820390340621,SSP585,2080,1.22908752443474e-05
130,124.416446647668,52.8202403435421,SSP585,2080,8.84933176981129e-06
131,125.28164631535,52.8005737429746,SSP585,2080,4.99962145028565e-06
132,125.869886774161,52.6803504259881,SSP585,2080,7.71199088911434e-06
197,120.067097887072,52.5451834148273,SSP585,2080,3.58735893357665e-06
198,120.968340417924,52.2812213666407,SSP585,2080,6.10145634938331e-06
199,121.721720998195,52.274134035273,SSP585,2080,5.9024720123535e-05
200,122.620036282315,52.274134035273,SSP585,2080,4.96043324194062e-06
201,123.518351566434,52.274134035273,SSP585,2080,7.6406352226277e-06
202,124.416666850554,52.274134035273,SSP585,2080,6.37012357473932e-06
203,125.314982134673,52.274134035273,SSP585,2080,1.06983453618259e-05
204,126.039464540426,52.2416405198819,SSP585,2080,5.13912111099746e-06
269,120.217755654577,51.5814892348358,SSP585,2080,4.33553807843712e-06
270,120.848137852535,51.704730306573,SSP585,2080,0.000143259386473082
271,121.721720998195,51.7210618695902,SSP585,2080,5.98697229502454e-05
272,122.620036282315,51.7210618695902,SSP585,2080,1.34451584555828e-05
273,123.518351566434,51.7210618695902,SSP585,2080,8.6972036275057e-06
274,124.416666850554,51.7210618695902,SSP585,2080,1.71656842631318e-05
275,125.314982134673,51.7210618695902,SSP585,2080,6.55876938326916e-06
276,126.170400509542,51.7017618694339,SSP585,2080,1.04653196907334e-05
277,126.709879883934,51.4945263196956,SSP585,2080,6.79706137007852e-06
341,120.052672960567,51.1281229030947,SSP585,2080,0.000104153257084127
342,120.823405714076,51.1611409828537,SSP585,2080,4.95026510329844e-05
343,121.721720998195,51.1611409828537,SSP585,2080,0.000332338446275893
344,122.620036282315,51.1611409828537,SSP585,2080,8.9496439192871e-06
345,123.518351566434,51.1611409828537,SSP585,2080,1.01452364057453e-05
346,124.416666850554,51.1611409828537,SSP585,2080,6.71278396258135e-06
347,125.314982134673,51.1611409828537,SSP585,2080,5.19152283144919e-05
348,126.213297418793,51.1611409828537,SSP585,2080,7.22531734975718e-06
349,126.794002975364,51.1063729353377,SSP585,2080,7.15415463747871e-06
412,119.343388779203,50.476249202058,SSP585,2080,2.03931560955883e-05
413,119.925453215316,50.5941192066292,SSP585,2080,0.000100858278913707
414,120.823405714076,50.5943407078584,SSP585,2080,0.000541108326093998
415,121.721720998195,50.5943407078585,SSP585,2080,0.00738831708457133
416,122.620036282315,50.5943407078584,SSP585,2080,1.45685470820389e-05
417,123.518351566434,50.5943407078585,SSP585,2080,1.11557098142479e-05
418,124.416666850554,50.5943407078585,SSP585,2080,5.88042845066639e-05
419,125.314982134673,50.5943407078585,SSP585,2080,8.32322281929532e-06
420,126.213297418793,50.5943407078585,SSP585,2080,8.31393252420654e-06
421,126.964999554068,50.5798376124154,SSP585,2080,8.25949266525239e-06
481,116.711274531013,49.77390874873,SSP585,2080,4.42605372108496e-06
482,116.834034981637,49.7553445255093,SSP585,2080,4.34996020048928e-06
483,118.469695477319,49.7918715903298,SSP585,2080,4.98454413866423e-06
484,119.132454390713,49.9209814543472,SSP585,2080,0.0013832873948304
485,119.925090429956,50.0206326773674,SSP585,2080,0.00374261456017888
486,120.823405714076,50.0206326773673,SSP585,2080,1.07191416846009e-05
487,121.721720998195,50.0206326773674,SSP585,2080,6.01228105098217e-05
488,122.620036282315,50.0206326773673,SSP585,2080,6.70590324791665e-06
489,123.518351566434,50.0206326773674,SSP585,2080,9.06023316837867e-06
490,124.416666850554,50.0206326773673,SSP585,2080,8.50851834377497e-06
491,125.314982134673,50.0206326773674,SSP585,2080,9.56868353796381e-06
492,126.213297418793,50.0206326773673,SSP585,2080,8.59773176742351e-06
493,127.071793365452,50.0151123819584,SSP585,2080,8.76648271341818e-06
494,127.570463755481,49.7388191656239,SSP585,2080,8.33392174381942e-06
521,87.7091892693464,49.1515402210725,SSP585,2080,5.94201357373425e-06
553,116.572765545186,49.3853507424718,SSP585,2080,4.57152558341889e-06
554,117.198954478699,49.4001066010845,SSP585,2080,0.000990827873138977
555,118.165290837583,49.4066779423352,SSP585,2080,0.000406191964952951
556,119.026775145837,49.4399909322379,SSP585,2080,0.00116060980519206
557,119.925090429956,49.4399909322379,SSP585,2080,0.0949193385216905
558,120.823405714076,49.4399909322379,SSP585,2080,0.000337143594698719
559,121.721720998195,49.4399909322379,SSP585,2080,0.969773863560296
560,122.620036282315,49.4399909322379,SSP585,2080,9.16136712295623e-05
561,123.518351566434,49.4399909322379,SSP585,2080,4.48117860528674e-05
562,124.416666850554,49.4399909322379,SSP585,2080,9.78918982341703e-06
563,125.314982134673,49.4399909322379,SSP585,2080,0.000134528544737389
564,126.213297418793,49.4399909322379,SSP585,2080,8.39235488026002e-06
565,127.111612702912,49.4399909322379,SSP585,2080,8.22098209873889e-06
566,127.98718532064,49.3623581966388,SSP585,2080,8.1847542526825e-06
567,128.831379265101,49.3034455231243,SSP585,2080,6.43863585314541e-06
568,129.488923343649,49.2420104228533,SSP585,2080,6.73559731256823e-06
592,86.9202945882899,48.8163648995094,SSP585,2080,0.0486643588003158
593,87.5175865543879,48.8189026350264,SSP585,2080,0.00423607195098807
624,115.85369488121,48.5865829278789,SSP585,2080,4.44987593972712e-06
625,116.39445686148,48.831778041997,SSP585,2080,1.15082301435088e-05
626,117.230144577598,48.8523920310858,SSP585,2080,0.000901917452061252
627,118.128459861717,48.8523920310858,SSP585,2080,1.0928514030728e-05
628,119.026775145837,48.8523920310858,SSP585,2080,0.000369756044030778
629,119.925090429956,48.8523920310858,SSP585,2080,0.00150459066968756
630,120.823405714076,48.8523920310858,SSP585,2080,0.000711428153669091
631,121.721720998195,48.8523920310858,SSP585,2080,1.58287663243328e-05
632,122.620036282315,48.8523920310858,SSP585,2080,1.19176464775661e-05
633,123.518351566434,48.8523920310858,SSP585,2080,1.25987796639748e-05
634,124.416666850554,48.8523920310858,SSP585,2080,1.61770102223846e-05
635,125.314982134673,48.8523920310858,SSP585,2080,6.98247505093175e-05
636,126.213297418793,48.8523920310858,SSP585,2080,3.03285846957602e-05
637,127.111612702912,48.8523920310858,SSP585,2080,8.44143764722194e-06
638,128.009927987032,48.8523920310858,SSP585,2080,7.34726683848663e-06
639,128.908243271151,48.8523920310858,SSP585,2080,6.97422078865806e-06
640,129.75001917565,48.8148712474288,SSP585,2080,0.000111319370474594
641,130.410048953189,48.71833618111,SSP585,2080,7.17649048331825e-06
663,85.9139404436413,48.1661656374963,SSP585,2080,0.00118702821065875
664,86.7048538340238,48.24460805052,SSP585,2080,0.910837590298354
665,87.5854669535804,48.2576294146869,SSP585,2080,0.0202631450581761
666,88.3705260671709,48.1766476271419,SSP585,2080,0.00128499888237721
667,89.2463380726373,47.9857316877949,SSP585,2080,4.69285408510878e-06
696,115.740599914767,48.1790012201688,SSP585,2080,1.07952859988991e-05
697,116.331829293478,48.2578151613334,SSP585,2080,5.04535078549306e-06
698,117.230144577598,48.2578151613334,SSP585,2080,0.000150203005525817
699,118.13011213289,48.2733226343002,SSP585,2080,8.01364549412043e-05
700,119.026775145837,48.2578151613334,SSP585,2080,9.17573414038753e-06
701,119.925090429956,48.2578151613334,SSP585,2080,1.53409454940467e-05
702,120.823405714076,48.2578151613334,SSP585,2080,1.22525313641653e-05
703,121.721720998195,48.2578151613334,SSP585,2080,7.62658591302312e-06
704,122.620036282315,48.2578151613334,SSP585,2080,5.03543216446856e-05
705,123.518351566434,48.2578151613334,SSP585,2080,4.43059702320836e-05
706,124.416666850554,48.2578151613334,SSP585,2080,5.76772392898439e-05
707,125.314982134673,48.2578151613334,SSP585,2080,8.13512446939946e-06
708,126.213297418793,48.2578151613334,SSP585,2080,1.36582850284173e-05
709,127.111612702912,48.2578151613334,SSP585,2080,7.21659873148539e-06
710,128.009927987032,48.2578151613334,SSP585,2080,4.35638518563319e-05
711,128.908243271151,48.2578151613334,SSP585,2080,0.000561327721243732
712,129.806558555271,48.2578151613334,SSP585,2080,9.4095286972351e-05
713,130.477617167769,48.2559764356194,SSP585,2080,7.29408671851228e-06
715,132.899793063143,47.9733221656625,SSP585,2080,7.46224384251537e-06
716,133.481662555861,48.0495881915785,SSP585,2080,1.85946285327088e-05
717,134.264868847672,48.1579412262461,SSP585,2080,5.99658224936794e-05
718,134.863543647366,48.3538447960947,SSP585,2080,7.25644386123658e-06
735,85.9058128763012,47.6648905617173,SSP585,2080,0.00236895128565062
736,86.6874249175338,47.6562422514796,SSP585,2080,0.506088661737299
737,87.5857402016534,47.6562422514796,SSP585,2080,0.199985069603229
738,88.4840554857729,47.6562422514796,SSP585,2080,0.768489989454494
739,89.3688027335583,47.6470389607416,SSP585,2080,4.24989649228102e-06
740,90.0896256775331,47.5522301592798,SSP585,2080,4.92487355485682e-06
768,115.742960922916,47.8573574112534,SSP585,2080,7.80818536005867e-06
769,116.242724460058,47.8813254246438,SSP585,2080,5.43594510715728e-06
770,117.253385819125,47.8491485644781,SSP585,2080,5.02580444172729e-06
771,118.234383493322,47.9444967142522,SSP585,2080,5.71099500379368e-06
772,119.144935197998,47.7461877501696,SSP585,2080,0.000118043112907751
773,119.925090429956,47.6562422514796,SSP585,2080,4.70996398075352e-05
774,120.823405714076,47.6562422514796,SSP585,2080,3.42116962877004e-05
775,121.721720998195,47.6562422514796,SSP585,2080,2.91732376481724e-05
776,122.620036282315,47.6562422514796,SSP585,2080,4.57566210250171e-05
777,123.518351566434,47.6562422514796,SSP585,2080,0.0129789490949481
778,124.416666850554,47.6562422514796,SSP585,2080,5.47128483905368e-05
779,125.314982134673,47.6562422514796,SSP585,2080,8.76975535579749e-06
780,126.213297418793,47.6562422514796,SSP585,2080,8.88391841580294e-06
781,127.111612702912,47.6562422514796,SSP585,2080,1.04349682403804e-05
782,128.009927987032,47.6562422514796,SSP585,2080,6.20000062145909e-06
783,128.908243271151,47.6562422514796,SSP585,2080,8.15035055773405e-05
784,129.806558555271,47.6562422514796,SSP585,2080,2.08515207598126e-05
785,130.648852643266,47.6230947207924,SSP585,2080,8.36625071776176e-06
786,131.589570707117,47.5189403775607,SSP585,2080,8.53664591859982e-06
787,132.560679800733,47.5906497215057,SSP585,2080,1.86604796764689e-05
788,133.399819691749,47.6562422514796,SSP585,2080,7.8089922523894e-06
789,134.22058328802,47.671576188675,SSP585,2080,7.69866198235825e-06
804,83.1954396533843,46.9248112568598,SSP585,2080,0.0119322867311774
805,83.9825645471563,46.8576473432864,SSP585,2080,0.0369933459219649
806,84.9135394220077,46.8595437220095,SSP585,2080,0.000201375057457653
807,85.8462850827722,47.0177993100224,SSP585,2080,0.0791704558973738
808,86.6874249175338,47.0476580844109,SSP585,2080,0.0242519971785947
809,87.5857402016533,47.0476580844109,SSP585,2080,0.897540718010696
810,88.4840554857729,47.0476580844109,SSP585,2080,0.0230127958178081
811,89.3823707698924,47.0476580844109,SSP585,2080,0.00109684756119732
812,90.2402545961506,47.02754482209,SSP585,2080,0.000124838761949464
813,90.821609325153,46.839788193661,SSP585,2080,4.1631029602085e-05
844,119.417442796296,47.2978021972506,SSP585,2080,7.60135520094796e-06
845,120.035341980555,47.0853409027756,SSP585,2080,0.000577602159504975
846,120.823405714076,47.0476580844109,SSP585,2080,1.88199935668987e-05
847,121.721720998195,47.0476580844109,SSP585,2080,1.04542693567522e-05
848,122.620036282315,47.0476580844109,SSP585,2080,1.17816412164018e-05
849,123.518351566434,47.0476580844109,SSP585,2080,0.00191956180712516
850,124.416666850554,47.0476580844109,SSP585,2080,0.0554611923299611
851,125.314982134673,47.0476580844109,SSP585,2080,2.63055674571966e-05
852,126.213297418793,47.0476580844109,SSP585,2080,9.99112554611603e-06
853,127.111612702912,47.0476580844109,SSP585,2080,8.1787263017663e-06
854,128.009927987032,47.0476580844109,SSP585,2080,1.3026101947311e-05
855,128.908243271151,47.0476580844109,SSP585,2080,0.0045279690352964
856,129.806558555271,47.0476580844109,SSP585,2080,2.52952056593037e-05
857,130.70487383939,47.0476580844109,SSP585,2080,5.86131116339095e-05
858,131.60318912351,47.0476580844109,SSP585,2080,2.69558238070733e-05
859,132.501504407629,47.0476580844109,SSP585,2080,6.9517457998991e-06
860,133.399819691749,47.0476580844109,SSP585,2080,1.64991279782978e-05
861,133.976514896106,47.0990881560482,SSP585,2080,6.98586190583939e-06
875,82.5864580400594,46.2200896094133,SSP585,2080,6.13617411882039e-06
876,83.1104393169426,46.424295443549,SSP585,2080,0.0384471124085437
877,83.9924790651753,46.4320504115606,SSP585,2080,0.160593449578136
878,84.8907943492948,46.4320504115606,SSP585,2080,3.87781042688884e-05
879,85.7891096334143,46.4320504115606,SSP585,2080,0.145251488996871
880,86.6874249175338,46.4320504115606,SSP585,2080,3.33597339274849e-06
881,87.5857402016533,46.4320504115606,SSP585,2080,2.06335983357064e-05
882,88.4840554857729,46.4320504115606,SSP585,2080,1.02921182834059e-05
883,89.3823707698924,46.4320504115606,SSP585,2080,0.000139407544555104
884,90.2806860540119,46.4320504115606,SSP585,2080,0.000830775048825894
885,90.8529326169999,46.4570364332891,SSP585,2080,0.00707315438944212
913,116.624950112389,46.2109749385944,SSP585,2080,5.75437339267459e-06
914,117.298604040098,46.2912349368042,SSP585,2080,6.1393463552939e-06
915,118.159114464416,46.3879039558282,SSP585,2080,6.94862495365101e-06
916,119.008821423464,46.3971338258893,SSP585,2080,5.31847030410537e-05
917,119.949979796371,46.409367537793,SSP585,2080,2.36428647768516e-05
918,120.823405714076,46.4320504115606,SSP585,2080,2.66539745078509e-05
919,121.721720998195,46.4320504115606,SSP585,2080,8.66233077878587e-06
920,122.620036282315,46.4320504115606,SSP585,2080,0.000100170666617383
921,123.518351566434,46.4320504115606,SSP585,2080,0.000111626696083111
922,124.416666850554,46.4320504115606,SSP585,2080,0.00072566318289502
923,125.314982134673,46.4320504115606,SSP585,2080,0.00447400441094525
924,126.213297418793,46.4320504115606,SSP585,2080,8.78746971555433e-06
925,127.111612702912,46.4320504115606,SSP585,2080,8.92303920962956e-06
926,128.009927987032,46.4320504115606,SSP585,2080,8.76295839380425e-06
927,128.908243271151,46.4320504115606,SSP585,2080,4.3163039947558e-05
928,129.806558555271,46.4320504115606,SSP585,2080,7.34513669331527e-06
929,130.70487383939,46.4320504115606,SSP585,2080,1.72793803391302e-05
930,131.60318912351,46.4320504115606,SSP585,2080,2.00848091211903e-05
931,132.501504407629,46.4320504115606,SSP585,2080,3.21738565959295e-05
932,133.389053099742,46.4374325074708,SSP585,2080,7.30283498273643e-06
933,133.896669596222,46.6427376126053,SSP585,2080,7.26625586788821e-06
947,82.489698890592,45.7739902536515,SSP585,2080,4.74390743068209e-05
948,83.0941637810557,45.8094100677068,SSP585,2080,0.000113498592605565
949,83.9924790651753,45.8094100677068,SSP585,2080,5.98677386457469e-05
950,84.8907943492948,45.8094100677068,SSP585,2080,0.101814161182733
951,85.7891096334143,45.8094100677068,SSP585,2080,0.0292273787299763
952,86.6874249175338,45.8094100677068,SSP585,2080,3.11688089760231e-06
953,87.5857402016533,45.8094100677068,SSP585,2080,2.66891007553172e-05
954,88.4840554857729,45.8094100677068,SSP585,2080,2.70242036248813e-06
955,89.3823707698924,45.8094100677068,SSP585,2080,1.70329053627016e-05
956,90.2695569077331,45.814686522634,SSP585,2080,1.27098430987571e-05
957,90.8288417443276,45.9987771619666,SSP585,2080,3.16169318437254e-06
984,115.809621293604,45.5400507832078,SSP585,2080,8.0069369300384e-06
985,116.434159903514,45.7684662849873,SSP585,2080,7.72462127274221e-06
986,117.230144577598,45.8094100677068,SSP585,2080,4.03890931829354e-05
987,118.128459861717,45.8094100677068,SSP585,2080,2.51665685468971e-05
988,119.026775145837,45.8094100677068,SSP585,2080,2.85022393268219e-05
989,119.925090429956,45.8094100677068,SSP585,2080,6.06342504866353e-05
990,120.823405714076,45.8094100677068,SSP585,2080,8.12895659230151e-06
991,121.721720998195,45.8094100677068,SSP585,2080,0.000109339101093564
992,122.620036282315,45.8094100677068,SSP585,2080,9.73078846194797e-05
993,123.518351566434,45.8094100677068,SSP585,2080,6.21292056165457e-05
994,124.416666850554,45.8094100677068,SSP585,2080,2.80213315235756e-05
995,125.314982134673,45.8094100677068,SSP585,2080,2.58742677492485e-05
996,126.213297418793,45.8094100677068,SSP585,2080,0.955977841287678
997,127.111612702912,45.8094100677068,SSP585,2080,0.060725772656319
998,128.009927987032,45.8094100677068,SSP585,2080,8.59712261680468e-06
999,128.908243271151,45.8094100677068,SSP585,2080,1.2189038889332e-05
1000,129.806558555271,45.8094100677068,SSP585,2080,8.04053395031534e-06
1001,130.70487383939,45.8094100677068,SSP585,2080,0.000466438834277883
1002,131.60318912351,45.8094100677068,SSP585,2080,8.08546283126432e-06
1003,132.501504407629,45.8094100677068,SSP585,2080,8.01514069925791e-06
1004,133.233182127971,45.8607042493194,SSP585,2080,4.83053839073211e-06
1016,79.9363938972813,44.9066047477668,SSP585,2080,8.68960944711006e-06
1017,80.4564404704518,44.9712759932945,SSP585,2080,8.64564383629141e-06
1018,81.3471555017718,45.0528063060372,SSP585,2080,8.24664906751149e-05
1019,82.2140548287345,45.0946694965179,SSP585,2080,0.000661982174367193
1020,83.0941637810557,45.1797310861844,SSP585,2080,8.07311336592509e-06
1021,83.9924790651753,45.1797310861844,SSP585,2080,0.000153317130983099
1022,84.8907943492948,45.1797310861844,SSP585,2080,0.0947066048462599
1023,85.7891096334143,45.1797310861844,SSP585,2080,7.7945023477799e-06
1024,86.6874249175338,45.1797310861844,SSP585,2080,4.35945061660892e-06
1025,87.5857402016533,45.1797310861844,SSP585,2080,0.00013100570054092
1026,88.4840554857729,45.1797310861844,SSP585,2080,3.58090552687873e-06
1027,89.3823707698924,45.1797310861844,SSP585,2080,0.000424106733222907
1028,90.2800829501215,45.1793106464764,SSP585,2080,1.7405571498319e-05
1029,91.1194345968524,45.0364794852579,SSP585,2080,1.73902908349177e-05
1030,92.0417781335629,44.9627999803671,SSP585,2080,3.21031756711498e-06
1031,92.9584517272128,44.9452867559723,SSP585,2080,3.3596655879542e-06
1032,93.5464982617403,44.9115270827412,SSP585,2080,3.78421750057978e-06
1052,112.010960226976,44.9572125033315,SSP585,2080,1.08787881426542e-05
1053,112.434486393606,44.939557062824,SSP585,2080,1.16747990648314e-05
1054,113.990734958105,44.9006753118312,SSP585,2080,1.41077426691894e-05
1055,114.618557263157,45.0954099368791,SSP585,2080,3.58847718340272e-05
1056,115.452379275369,45.1497868782039,SSP585,2080,8.84755624730449e-06
1057,116.331829293478,45.1797310861844,SSP585,2080,9.74950375932648e-05
1058,117.230144577598,45.1797310861844,SSP585,2080,3.71816451133489e-05
1059,118.128459861717,45.1797310861844,SSP585,2080,7.84365565398293e-06
1060,119.026775145837,45.1797310861844,SSP585,2080,9.44320898643713e-06
1061,119.925090429956,45.1797310861844,SSP585,2080,1.03314447775782e-05
1062,120.823405714076,45.1797310861844,SSP585,2080,8.57229818862493e-06
1063,121.721720998195,45.1797310861844,SSP585,2080,3.21683404801432e-05
1064,122.620036282315,45.1797310861844,SSP585,2080,0.00432066985115809
1065,123.518351566434,45.1797310861844,SSP585,2080,8.07334429679951e-05
1066,124.416666850554,45.1797310861844,SSP585,2080,0.00378358401243029
1067,125.314982134673,45.1797310861844,SSP585,2080,7.84344238502488e-06
1068,126.213297418793,45.1797310861844,SSP585,2080,0.000211712117333285
1069,127.111612702912,45.1797310861844,SSP585,2080,0.000202268935154293
1070,128.009927987032,45.1797310861844,SSP585,2080,0.000432074383758474
1071,128.908243271151,45.1797310861844,SSP585,2080,9.09011189154096e-06
1072,129.806558555271,45.1797310861844,SSP585,2080,9.04733833984039e-06
1073,130.699693229755,45.1837349789964,SSP585,2080,3.25355623842505e-05
1074,131.511355856558,45.2733694799337,SSP585,2080,4.67749830224129e-06
1075,132.539464402326,45.3003609509092,SSP585,2080,2.37094479740296e-05
1076,133.015704468497,45.2952727602257,SSP585,2080,4.52417083074419e-06
1088,79.9436488587448,44.8526351994795,SSP585,2080,8.68960944711006e-06
1089,80.5706542667929,44.5815399614433,SSP585,2080,2.31342280483382e-05
1090,81.2975332128167,44.5430108142727,SSP585,2080,0.0372095596744649
1091,82.1958484969362,44.5430108142727,SSP585,2080,3.31358359354494e-05
1092,83.0941637810557,44.5430108142727,SSP585,2080,0.000338318402501647
1093,83.9924790651753,44.5430108142727,SSP585,2080,5.58645562500626e-05
1094,84.8907943492948,44.5430108142727,SSP585,2080,0.271924906855035
1095,85.7891096334143,44.5430108142727,SSP585,2080,0.778211784775228
1096,86.6874249175338,44.5430108142727,SSP585,2080,0.00179878457303817
1097,87.5857402016533,44.5430108142727,SSP585,2080,0.189527188709065
1098,88.4840554857729,44.5430108142727,SSP585,2080,3.6884470663856e-05
1099,89.3823707698924,44.5430108142727,SSP585,2080,8.55546795031081e-06
1100,90.2806860540119,44.5430108142727,SSP585,2080,7.61552818706601e-06
1101,91.1790013381314,44.5430108142727,SSP585,2080,6.30775827259456e-06
1102,92.077316622251,44.5430108142727,SSP585,2080,2.99683201487877e-06
1103,92.9756319063705,44.5430108142727,SSP585,2080,8.4429562325905e-06
1104,93.8402729088573,44.513471030713,SSP585,2080,3.85309771155917e-06
1105,94.6153384661333,44.3328496760139,SSP585,2080,4.04750560956124e-06
1106,95.30953572512,44.2619661087531,SSP585,2080,4.03486035538414e-06
1124,111.895110475411,44.5287576899889,SSP585,2080,7.72213977295877e-06
1125,112.72877469682,44.533244994128,SSP585,2080,1.85297508317195e-05
1126,113.652927758688,44.5158677912215,SSP585,2080,2.24653570659594e-05
1127,114.535198725239,44.5430108142727,SSP585,2080,5.73619294709227e-05
1128,115.433514009359,44.5430108142727,SSP585,2080,4.0191573472681e-05
1129,116.331829293478,44.5430108142727,SSP585,2080,2.01745540764353e-05
1130,117.230144577598,44.5430108142727,SSP585,2080,2.89783810334399e-05
1131,118.128459861717,44.5430108142727,SSP585,2080,2.0874246165925e-05
1132,119.026775145837,44.5430108142727,SSP585,2080,2.4475053908124e-05
1133,119.925090429956,44.5430108142727,SSP585,2080,1.61671065643798e-05
1134,120.823405714076,44.5430108142727,SSP585,2080,1.10020667083433e-05
1135,121.721720998195,44.5430108142727,SSP585,2080,9.84813564997022e-06
1136,122.620036282315,44.5430108142727,SSP585,2080,1.48097950153359e-05
1137,123.518351566434,44.5430108142727,SSP585,2080,1.91979257807562e-05
1138,124.416666850554,44.5430108142727,SSP585,2080,0.000459984993773643
1139,125.314982134673,44.5430108142727,SSP585,2080,7.96185747187206e-05
1140,126.213297418793,44.5430108142727,SSP585,2080,3.7662890709167e-05
1141,127.111612702912,44.5430108142727,SSP585,2080,1.78564175578044e-05
1142,128.009927987032,44.5430108142727,SSP585,2080,3.11314421154174e-05
1143,128.908243271151,44.5430108142727,SSP585,2080,0.000130401634096944
1144,129.806558555271,44.5430108142727,SSP585,2080,0.000651657571590136
1145,130.672759861699,44.5283973535412,SSP585,2080,1.24737749164217e-05
1146,131.172650604186,44.2763016588904,SSP585,2080,4.93292654069055e-06
1161,80.6755289831368,43.9406838257672,SSP585,2080,0.00501956248976931
1162,81.2975332128167,43.8992500285015,SSP585,2080,0.0440543470514415
1163,82.1958484969362,43.8992500285015,SSP585,2080,0.000693584300063277
1164,83.0941637810557,43.8992500285015,SSP585,2080,0.00251123758051097
1165,83.9924790651753,43.8992500285015,SSP585,2080,0.00978239318690521
1166,84.8907943492948,43.8992500285015,SSP585,2080,0.00793006269209928
1167,85.7891096334143,43.8992500285015,SSP585,2080,0.481215617688298
1168,86.6874249175338,43.8992500285015,SSP585,2080,0.000499077549360183
1169,87.5857402016533,43.8992500285015,SSP585,2080,0.999976817389167
1170,88.4840554857729,43.8992500285015,SSP585,2080,0.00256622307625687
1171,89.3823707698924,43.8992500285015,SSP585,2080,5.9125471988386e-05
1172,90.2806860540119,43.8992500285015,SSP585,2080,1.64046419833808e-05
1173,91.1790013381314,43.8992500285015,SSP585,2080,3.43386031254056e-06
1174,92.077316622251,43.8992500285015,SSP585,2080,3.75493707072128e-06
1175,92.9756319063705,43.8992500285015,SSP585,2080,0.000172315757232866
1176,93.87394719049,43.8992500285015,SSP585,2080,3.05832875469037e-06
1177,94.7722624746095,43.8992500285015,SSP585,2080,3.31664332386961e-06
1178,95.4144637873526,43.8172689954224,SSP585,2080,3.4585187572711e-06
1196,111.997167349209,43.9341148912802,SSP585,2080,3.41742815282986e-05
1197,112.738568157,43.8992500285015,SSP585,2080,1.50780867393951e-05
1198,113.636883441119,43.8992500285015,SSP585,2080,1.68042930096535e-05
1199,114.535198725239,43.8992500285015,SSP585,2080,0.00224285708003591
1200,115.433514009358,43.8992500285015,SSP585,2080,0.000156763436333973
1201,116.331829293478,43.8992500285015,SSP585,2080,0.00575634999518992
1202,117.230144577598,43.8992500285015,SSP585,2080,0.00143120618226156
1203,118.128459861717,43.8992500285015,SSP585,2080,7.75420979043373e-05
1204,119.026775145837,43.8992500285015,SSP585,2080,2.84779182379014e-05
1205,119.925090429956,43.8992500285015,SSP585,2080,0.000151217351416433
1206,120.823405714076,43.8992500285015,SSP585,2080,2.39685810543566e-05
1207,121.721720998195,43.8992500285015,SSP585,2080,1.80169321364332e-05
1208,122.620036282315,43.8992500285015,SSP585,2080,7.54330186859553e-05
1209,123.518351566434,43.8992500285015,SSP585,2080,0.000125780604163905
1210,124.416666850554,43.8992500285015,SSP585,2080,9.23580269769353e-05
1211,125.314982134673,43.8992500285015,SSP585,2080,0.99050803824292
1212,126.213297418793,43.8992500285015,SSP585,2080,0.0746026490750458
1213,127.111612702912,43.8992500285015,SSP585,2080,0.000881144249639476
1214,128.009927987032,43.8992500285015,SSP585,2080,3.18069427545087e-05
1215,128.908243271151,43.8992500285015,SSP585,2080,0.000498861531160855
1216,129.806558555271,43.8992500285015,SSP585,2080,9.70211170214785e-06
1217,130.704582630247,43.8993103095403,SSP585,2080,5.0662910463517e-06
1218,131.186676988833,44.0503076834506,SSP585,2080,4.89777100021183e-06
1233,80.7030751081177,43.1562486557851,SSP585,2080,1.23538692027303e-05
1234,81.2975332128167,43.248453049607,SSP585,2080,0.00764083830786821
1235,82.1958484969362,43.248453049607,SSP585,2080,0.0115716906300576
1236,83.0941637810557,43.248453049607,SSP585,2080,0.0553490344963412
1237,83.9924790651753,43.248453049607,SSP585,2080,0.0589894636035602
1238,84.8907943492948,43.248453049607,SSP585,2080,0.00077828886972986
1239,85.7891096334143,43.248453049607,SSP585,2080,4.13846817136632e-05
1240,86.6874249175338,43.248453049607,SSP585,2080,0.000277722013055315
1241,87.5857402016533,43.248453049607,SSP585,2080,0.611706703155051
1242,88.4840554857729,43.248453049607,SSP585,2080,0.000593555525378653
1243,89.3823707698924,43.248453049607,SSP585,2080,0.000181925435683405
1244,90.2806860540119,43.248453049607,SSP585,2080,1.30564317696313e-05
1245,91.1790013381314,43.248453049607,SSP585,2080,8.62219324115898e-06
1246,92.077316622251,43.248453049607,SSP585,2080,1.38236275906145e-05
1247,92.9756319063705,43.248453049607,SSP585,2080,8.49456658114089e-06
1248,93.87394719049,43.248453049607,SSP585,2080,9.37472538654616e-05
1249,94.7722624746095,43.248453049607,SSP585,2080,1.91708887513631e-05
1250,95.5933874791401,43.2155213017952,SSP585,2080,3.48350823708987e-06
1251,96.1858805876544,42.9701353819985,SSP585,2080,3.57853664090246e-06
1267,111.07658365322,43.1252903048484,SSP585,2080,1.19840755041789e-05
1268,111.851925386763,43.2390308010058,SSP585,2080,4.82297875339377e-05
1269,112.738568157,43.248453049607,SSP585,2080,1.71814349436694e-05
1270,113.636883441119,43.248453049607,SSP585,2080,1.72737931017908e-05
1271,114.535198725239,43.248453049607,SSP585,2080,0.00143316418163719
1272,115.433514009359,43.248453049607,SSP585,2080,0.00080776163454499
1273,116.331829293478,43.248453049607,SSP585,2080,0.0042982019694251
1274,117.230144577598,43.248453049607,SSP585,2080,0.00100648608964959
1275,118.128459861717,43.248453049607,SSP585,2080,5.41677694496645e-05
1276,119.026775145837,43.248453049607,SSP585,2080,0.000288305561176982
1277,119.925090429956,43.248453049607,SSP585,2080,1.31376444300058e-05
1278,120.823405714076,43.248453049607,SSP585,2080,1.0018153689284e-05
1279,121.721720998195,43.248453049607,SSP585,2080,1.33903778171129e-05
1280,122.620036282315,43.248453049607,SSP585,2080,1.19164251963788e-05
1281,123.518351566434,43.248453049607,SSP585,2080,0.0112652862962864
1282,124.416666850554,43.2484530496071,SSP585,2080,0.000202942157630726
1283,125.314982134673,43.248453049607,SSP585,2080,0.00127998283964503
1284,126.213297418793,43.248453049607,SSP585,2080,7.39759320993461e-05
1285,127.111612702912,43.248453049607,SSP585,2080,1.50440472751479e-05
1286,128.009927987032,43.248453049607,SSP585,2080,5.4382245934459e-05
1287,128.908243271151,43.248453049607,SSP585,2080,6.57453763464044e-06
1288,129.802811080537,43.2568013608888,SSP585,2080,5.22154714202028e-05
1289,130.689203399301,43.25753161573,SSP585,2080,0.00278446794270115
1290,131.180801633405,43.3955850213517,SSP585,2080,5.55840021487786e-06
1305,80.5331240840171,42.570150221232,SSP585,2080,0.00153936462631155
1306,81.2975332128167,42.5906278568488,SSP585,2080,8.83137852829563e-05
1307,82.1958484969362,42.5906278568488,SSP585,2080,5.21911690353205e-05
1308,83.0941637810557,42.5906278568488,SSP585,2080,0.000186590586966906
1309,83.9924790651753,42.5906278568488,SSP585,2080,0.00293203271979003
1310,84.8907943492948,42.5906278568488,SSP585,2080,9.0304792529361e-06
1311,85.7891096334143,42.5906278568488,SSP585,2080,8.9146654932426e-06
1312,86.6874249175338,42.5906278568488,SSP585,2080,1.6212718441988e-05
1313,87.5857402016533,42.5906278568488,SSP585,2080,0.00107851819984117
1314,88.4840554857729,42.5906278568488,SSP585,2080,0.000507729283980241
1315,89.3823707698924,42.5906278568488,SSP585,2080,0.000120329715588507
1316,90.2806860540119,42.5906278568488,SSP585,2080,0.000100244868564303
1317,91.1790013381314,42.5906278568488,SSP585,2080,2.57575161433099e-06
1318,92.0773166222509,42.5906278568488,SSP585,2080,7.18692582157843e-06
1319,92.9756319063705,42.5906278568488,SSP585,2080,3.48636130007574e-05
1320,93.87394719049,42.5906278568488,SSP585,2080,0.000225324679241412
1321,94.7722624746095,42.5906278568488,SSP585,2080,4.51767605184061e-05
1322,95.670577758729,42.5906278568489,SSP585,2080,1.49796381616607e-05
1323,96.5427021819796,42.5312882153912,SSP585,2080,4.14008045968028e-06
1324,97.4502289847477,42.5031340987946,SSP585,2080,3.92335560384094e-06
1325,98.3526296825811,42.4483079839519,SSP585,2080,4.14945880622408e-06
1326,99.2565830108415,42.4190381688162,SSP585,2080,4.48812918285579e-06
1327,100.178702434497,42.4533079720676,SSP585,2080,5.38422854878817e-06
1328,101.023852221463,42.4373705560413,SSP585,2080,0.000256146304725258
1329,101.70268984272,42.3688234486571,SSP585,2080,4.50897943293782e-06
1334,106.887424536544,42.2624944487364,SSP585,2080,1.0999142747159e-05
1335,107.441645799222,42.3202655678622,SSP585,2080,8.5272298887551e-06
1336,108.247241899994,42.3323011677378,SSP585,2080,1.46168146722969e-05
1337,109.178153777824,42.3428442277352,SSP585,2080,1.57812954115766e-05
1338,110.098759691491,42.4796242238723,SSP585,2080,1.51509292172225e-05
1339,110.942232477379,42.5904115404423,SSP585,2080,2.20968512548714e-05
1340,111.84025287288,42.5906278568488,SSP585,2080,3.02343804193805e-05
1341,112.738568157,42.5906278568488,SSP585,2080,3.75779338940285e-05
1342,113.636883441119,42.5906278568488,SSP585,2080,3.09169617143112e-05
1343,114.535198725239,42.5906278568488,SSP585,2080,1.07844648367106e-05
1344,115.433514009358,42.5906278568488,SSP585,2080,1.83550540950872e-05
1345,116.331829293478,42.5906278568488,SSP585,2080,0.000586098389345646
1346,117.230144577598,42.5906278568488,SSP585,2080,0.00809742226800403
1347,118.128459861717,42.5906278568489,SSP585,2080,1.63272159603434e-05
1348,119.026775145837,42.5906278568488,SSP585,2080,0.0014794791975723
1349,119.925090429956,42.5906278568489,SSP585,2080,2.1237061437307e-05
1350,120.823405714076,42.5906278568489,SSP585,2080,2.37428146707686e-05
1351,121.721720998195,42.5906278568488,SSP585,2080,1.79283663905849e-05
1352,122.620036282315,42.5906278568488,SSP585,2080,0.000559581514746776
1353,123.518351566434,42.5906278568489,SSP585,2080,0.0028517020105765
1354,124.416666850554,42.5906278568488,SSP585,2080,0.000118376194393255
1355,125.314982134673,42.5906278568489,SSP585,2080,2.19597750908962e-05
1356,126.213297418793,42.5906278568488,SSP585,2080,8.52502851489412e-06
1357,127.111612702912,42.5906278568488,SSP585,2080,9.80368949383692e-05
1358,128.009927987032,42.5906278568488,SSP585,2080,0.00217564094992861
1359,128.893704673033,42.6008141799495,SSP585,2080,0.000748191455832603
1360,129.585860189338,42.6862388789742,SSP585,2080,0.0118554132661561
1361,130.482257284338,42.7738508614804,SSP585,2080,0.236658943032997
1375,78.9813123858114,41.6228380678697,SSP585,2080,1.25710800574774e-05
1376,79.5959340595915,41.7445482896672,SSP585,2080,1.33496563899937e-05
1377,80.4251775731921,41.9070144310611,SSP585,2080,0.000168745047915531
1378,81.2975332128167,41.9257862013885,SSP585,2080,1.43828523547773e-05
1379,82.1958484969362,41.9257862013885,SSP585,2080,0.0003574040372194
1380,83.0941637810557,41.9257862013885,SSP585,2080,0.00104221654677639
1381,83.9924790651753,41.9257862013885,SSP585,2080,2.25440418201162e-05
1382,84.8907943492948,41.9257862013885,SSP585,2080,3.76209129726579e-05
1383,85.7891096334143,41.9257862013885,SSP585,2080,0.00791445873458585
1384,86.6874249175338,41.9257862013885,SSP585,2080,0.00113445480941088
1385,87.5857402016533,41.9257862013885,SSP585,2080,1.8081894257338e-05
1386,88.4840554857729,41.9257862013885,SSP585,2080,7.11925351615239e-06
1387,89.3823707698924,41.9257862013885,SSP585,2080,3.61158444894816e-06
1388,90.2806860540119,41.9257862013885,SSP585,2080,4.8461523735055e-06
1389,91.1790013381314,41.9257862013885,SSP585,2080,4.52849451360038e-06
1390,92.077316622251,41.9257862013885,SSP585,2080,4.86063491822453e-06
1391,92.9756319063705,41.9257862013885,SSP585,2080,4.39201933077893e-06
1392,93.87394719049,41.9257862013885,SSP585,2080,7.39986769326961e-06
1393,94.7722624746095,41.9257862013885,SSP585,2080,6.93765841253136e-06
1394,95.670577758729,41.9257862013885,SSP585,2080,4.62864385941675e-06
1395,96.5688930428485,41.9257862013885,SSP585,2080,5.17922162257545e-06
1396,97.4672083269681,41.9257862013885,SSP585,2080,5.08098573814841e-06
1397,98.3655236110876,41.9257862013885,SSP585,2080,4.57333582848385e-06
1398,99.2638388952071,41.9257862013885,SSP585,2080,4.89483341981067e-06
1399,100.162154179327,41.9257862013885,SSP585,2080,4.77340858129338e-06
1400,101.060469463446,41.9257862013885,SSP585,2080,0.000520159029619771
1401,101.942646001794,41.9095453364348,SSP585,2080,7.79069752976369e-06
1402,102.812601119577,41.831065132166,SSP585,2080,5.30156156175465e-06
1403,103.72746780193,41.7013626400191,SSP585,2080,7.64156937449467e-06
1404,104.431859190234,41.6928070641039,SSP585,2080,8.95393240052389e-06
1405,105.660821468978,41.7409076712434,SSP585,2080,9.60583025311212e-06
1406,106.48529662286,41.8786923088043,SSP585,2080,1.02472770888706e-05
1407,107.348676452283,41.9257862013885,SSP585,2080,1.24805734560418e-05
1408,108.246991736402,41.9257862013885,SSP585,2080,1.44606117326029e-05
1409,109.145307020522,41.9257862013885,SSP585,2080,1.62552467938282e-05
1410,110.043622304641,41.9257862013885,SSP585,2080,1.72188229927706e-05
1411,110.941937588761,41.9257862013885,SSP585,2080,1.81184239602672e-05
1412,111.84025287288,41.9257862013885,SSP585,2080,3.64085899262623e-05
1413,112.738568157,41.9257862013885,SSP585,2080,0.00101222991232619
1414,113.636883441119,41.9257862013885,SSP585,2080,1.57441562156357e-05
1415,114.535198725239,41.9257862013885,SSP585,2080,0.00182178242628317
1416,115.433514009359,41.9257862013885,SSP585,2080,0.00328745339760828
1417,116.331829293478,41.9257862013885,SSP585,2080,0.00167879904673696
1418,117.230144577598,41.9257862013885,SSP585,2080,0.00057663943933528
1419,118.128459861717,41.9257862013885,SSP585,2080,0.000132157063143623
1420,119.026775145837,41.9257862013885,SSP585,2080,0.000184285121686556
1421,119.925090429956,41.9257862013885,SSP585,2080,2.3480884214e-05
1422,120.823405714076,41.9257862013885,SSP585,2080,0.00809820047992804
1423,121.721720998195,41.9257862013885,SSP585,2080,0.00117467445901787
1424,122.620036282315,41.9257862013885,SSP585,2080,0.00342518419963422
1425,123.518351566434,41.9257862013885,SSP585,2080,0.999999999999998
1426,124.416666850554,41.9257862013885,SSP585,2080,0.0230271436763602
1427,125.314982134673,41.9257862013885,SSP585,2080,0.00039160552269335
1428,126.212413105333,41.9264251636035,SSP585,2080,0.000342459438318232
1429,127.131530251111,41.9497474286265,SSP585,2080,0.0031644783800352
1430,127.926487556897,41.9602354870851,SSP585,2080,0.00806626601630001
1431,128.757660683326,42.1461834407202,SSP585,2080,9.67731381873449e-06
1445,77.0314363164389,40.9712350645775,SSP585,2080,1.29107951458707e-05
1446,77.8144746348776,41.0199114750087,SSP585,2080,1.25251423324091e-05
1447,78.6404396109219,41.2081229775401,SSP585,2080,2.12916008386355e-05
1448,79.5009026445776,41.2539437184118,SSP585,2080,5.3587981111658e-05
1449,80.3992179286972,41.2539437184118,SSP585,2080,0.0022084955167927
1450,81.2975332128167,41.2539437184118,SSP585,2080,2.45785559074285e-05
1451,82.1958484969362,41.2539437184118,SSP585,2080,9.65324289503577e-06
1452,83.0941637810557,41.2539437184118,SSP585,2080,5.46189207277781e-05
1453,83.9924790651753,41.2539437184118,SSP585,2080,0.00111280901848976
1454,84.8907943492948,41.2539437184118,SSP585,2080,9.99297361947704e-06
1455,85.7891096334143,41.2539437184118,SSP585,2080,0.000406805625936202
1456,86.6874249175338,41.2539437184118,SSP585,2080,0.000856952414817647
1457,87.5857402016533,41.2539437184118,SSP585,2080,7.36235147269504e-06
1458,88.4840554857729,41.2539437184118,SSP585,2080,4.7965447212972e-06
1459,89.3823707698924,41.2539437184118,SSP585,2080,4.69909101552535e-06
1460,90.2806860540119,41.2539437184118,SSP585,2080,3.74078604215011e-06
1461,91.1790013381314,41.2539437184118,SSP585,2080,9.98795034723443e-06
1462,92.077316622251,41.2539437184118,SSP585,2080,1.48305967045959e-05
1463,92.9756319063705,41.2539437184118,SSP585,2080,3.84385193663572e-06
1464,93.87394719049,41.2539437184118,SSP585,2080,5.4744753250624e-06
1465,94.7722624746095,41.2539437184118,SSP585,2080,5.10965521505202e-06
1466,95.670577758729,41.2539437184118,SSP585,2080,1.13199269202724e-05
1467,96.5688930428485,41.2539437184118,SSP585,2080,6.78055327618665e-06
1468,97.4672083269681,41.2539437184118,SSP585,2080,1.05472187280631e-05
1469,98.3655236110876,41.2539437184118,SSP585,2080,6.4218125302995e-06
1470,99.2638388952071,41.2539437184118,SSP585,2080,5.9771469655967e-06
1471,100.162154179327,41.2539437184118,SSP585,2080,0.000825543146495189
1472,101.060469463446,41.2539437184118,SSP585,2080,5.11738099251424e-06
1473,101.958784747566,41.2539437184118,SSP585,2080,5.14734897483216e-06
1474,102.857100031685,41.2539437184118,SSP585,2080,7.98474685670403e-06
1475,103.755415315805,41.2539437184118,SSP585,2080,8.88415049071778e-06
1476,104.653021784128,41.2532779088603,SSP585,2080,4.44217854203011e-05
1477,105.552045884044,41.2539437184118,SSP585,2080,1.06085152411506e-05
1478,106.450361168163,41.2539437184118,SSP585,2080,9.14625722803208e-06
1479,107.348676452283,41.2539437184118,SSP585,2080,2.67478365604257e-05
1480,108.246991736402,41.2539437184118,SSP585,2080,3.24756847472907e-05
1481,109.145307020522,41.2539437184118,SSP585,2080,0.000160755627255371
1482,110.043622304641,41.2539437184118,SSP585,2080,2.46256697663538e-05
1483,110.941937588761,41.2539437184118,SSP585,2080,8.95649472928417e-05
1484,111.84025287288,41.2539437184118,SSP585,2080,0.00961486524974364
1485,112.738568157,41.2539437184118,SSP585,2080,0.00103652835371282
1486,113.636883441119,41.2539437184118,SSP585,2080,0.000508375177662557
1487,114.535198725239,41.2539437184118,SSP585,2080,0.000484006633000522
1488,115.433514009359,41.2539437184118,SSP585,2080,0.259106030819495
1489,116.331829293478,41.2539437184118,SSP585,2080,0.0182047734956593
1490,117.230144577598,41.2539437184118,SSP585,2080,1.94419312042893e-05
1491,118.128459861717,41.2539437184118,SSP585,2080,0.00178571558532437
1492,119.026775145837,41.2539437184118,SSP585,2080,0.000134394348394684
1493,119.925090429956,41.2539437184118,SSP585,2080,0.00479161240146919
1494,120.822163757095,41.2550195371267,SSP585,2080,0.0171304787932652
1495,121.719972632914,41.2642875298532,SSP585,2080,0.331964180346839
1496,122.620036282315,41.2539437184118,SSP585,2080,0.0173487755330247
1497,123.518351566434,41.2539437184118,SSP585,2080,0.195851832451087
1498,124.416666850554,41.2539437184118,SSP585,2080,0.00197682681381983
1499,125.314982134673,41.2539437184118,SSP585,2080,2.71663458827343e-05
1500,126.084041655184,41.3199422813251,SSP585,2080,7.91983545966879e-05
1501,127.372353444627,41.5264493227708,SSP585,2080,9.29599761134714e-06
1502,127.895481934282,41.4968124141756,SSP585,2080,1.67747955083231e-05
1515,75.1271582199641,40.3521889033288,SSP585,2080,1.63836832147712e-05
1516,75.8227459082286,40.3569746511942,SSP585,2080,1.63599083244925e-05
1517,76.9010004417236,40.5382763445894,SSP585,2080,1.22825967883156e-05
1518,77.7042720763386,40.5751200376639,SSP585,2080,2.62155627303029e-05
1519,78.6025873604581,40.5751200376639,SSP585,2080,1.15533456384043e-05
1520,79.5009026445776,40.5751200376639,SSP585,2080,4.87837984499695e-05
1521,80.3992179286972,40.5751200376639,SSP585,2080,4.42568979579505e-05
1522,81.2975332128167,40.5751200376639,SSP585,2080,0.000191583089016123
1523,82.1958484969362,40.5751200376639,SSP585,2080,1.39774938566761e-05
1524,83.0941637810557,40.5751200376639,SSP585,2080,7.75216353854358e-06
1525,83.9924790651753,40.5751200376639,SSP585,2080,6.44440108887867e-06
1526,84.8907943492948,40.5751200376639,SSP585,2080,7.87650305733578e-06
1527,85.7891096334143,40.5751200376639,SSP585,2080,7.05900361885892e-06
1528,86.6874249175338,40.5751200376639,SSP585,2080,2.72221376791393e-05
1529,87.5857402016533,40.5751200376639,SSP585,2080,8.51329988360572e-06
1530,88.4840554857729,40.5751200376639,SSP585,2080,5.20942241233335e-06
1531,89.3823707698924,40.5751200376639,SSP585,2080,5.65472727442895e-06
1532,90.2806860540119,40.5751200376639,SSP585,2080,1.15949635036694e-05
1533,91.1790013381314,40.5751200376639,SSP585,2080,5.13373796179328e-05
1534,92.0773166222509,40.5751200376639,SSP585,2080,8.98486237410623e-06
1535,92.9756319063705,40.5751200376639,SSP585,2080,2.94329930544679e-05
1536,93.87394719049,40.5751200376639,SSP585,2080,7.65143752317066e-05
1537,94.7722624746095,40.5751200376639,SSP585,2080,8.74917585813595e-06
1538,95.670577758729,40.5751200376639,SSP585,2080,0.000161428976716782
1539,96.5688930428486,40.5751200376639,SSP585,2080,2.93593131381886e-05
1540,97.4672083269681,40.5751200376639,SSP585,2080,6.85528480176556e-05
1541,98.3655236110876,40.5751200376639,SSP585,2080,8.562914121657e-06
1542,99.2638388952071,40.5751200376639,SSP585,2080,7.95452396795682e-05
1543,100.162154179327,40.5751200376639,SSP585,2080,8.29914905631224e-06
1544,101.060469463446,40.5751200376639,SSP585,2080,6.71541113206331e-06
1545,101.958784747566,40.5751200376639,SSP585,2080,6.61252550160363e-06
1546,102.857100031685,40.5751200376639,SSP585,2080,8.82056816509103e-06
1547,103.755415315805,40.5751200376639,SSP585,2080,8.96227904556568e-06
1548,104.653730599924,40.5751200376639,SSP585,2080,8.78876204979395e-06
1549,105.552045884044,40.5751200376639,SSP585,2080,1.51467411354522e-05
1550,106.450361168163,40.5751200376639,SSP585,2080,0.000602293848426805
1551,107.348676452283,40.5751200376639,SSP585,2080,0.00224021187631929
1552,108.246991736402,40.5751200376639,SSP585,2080,8.45982228488973e-05
1553,109.145307020522,40.5751200376639,SSP585,2080,0.00197628587547849
1554,110.043622304641,40.5751200376639,SSP585,2080,0.00575501238367526
1555,110.941937588761,40.5751200376639,SSP585,2080,0.000748330021541843
1556,111.84025287288,40.5751200376639,SSP585,2080,0.60626604820768
1557,112.738568157,40.5751200376639,SSP585,2080,0.000405586688444259
1558,113.636883441119,40.5751200376639,SSP585,2080,0.00167527378633847
1559,114.535198725239,40.5751200376638,SSP585,2080,0.000723111614163052
1560,115.433514009359,40.5751200376639,SSP585,2080,1
1561,116.331829293478,40.5751200376639,SSP585,2080,1
1562,117.230144577598,40.5751200376639,SSP585,2080,0.999999165173849
1563,118.128459861717,40.5751200376639,SSP585,2080,0.000116289769868216
1564,119.026775145837,40.5751200376639,SSP585,2080,0.00149993799493586
1565,119.925090429956,40.5751200376639,SSP585,2080,0.00352775702323283
1566,120.612123422316,40.684860817085,SSP585,2080,0.00132899383952667
1567,122.026119896069,40.7249288576241,SSP585,2080,
1568,122.625492920489,40.5762521857515,SSP585,2080,0.00268468992643045
1569,123.518351566434,40.5751200376639,SSP585,2080,6.27076738681787e-05
1570,124.393809583038,40.5932873981844,SSP585,2080,0.00554131828733695
1571,125.202784575777,40.7466398157893,SSP585,2080,4.07003698773556e-05
1572,125.872694377099,40.9009174161831,SSP585,2080,8.44733130889175e-06
1586,74.2592843866313,39.8369351596155,SSP585,2080,0.000118694302605582
1587,75.0093738458061,39.8893022926001,SSP585,2080,0.000164996320756394
1588,75.9076415080996,39.8893388920514,SSP585,2080,0.000178715023410714
1589,76.8059567922191,39.8893388920514,SSP585,2080,3.97130728605477e-05
1590,77.7042720763386,39.8893388920514,SSP585,2080,0.000144451945436552
1591,78.6025873604581,39.8893388920514,SSP585,2080,0.0002561378847874
1592,79.5009026445777,39.8893388920514,SSP585,2080,5.68412056830558e-05
1593,80.3992179286972,39.8893388920514,SSP585,2080,1.95530003674893e-05
1594,81.2975332128167,39.8893388920514,SSP585,2080,2.46805771390024e-05
1595,82.1958484969362,39.8893388920514,SSP585,2080,7.34255683987328e-06
1596,83.0941637810557,39.8893388920514,SSP585,2080,9.56158217380043e-06
1597,83.9924790651753,39.8893388920514,SSP585,2080,1.5093754596629e-05
1598,84.8907943492948,39.8893388920514,SSP585,2080,1.03710122392187e-05
1599,85.7891096334143,39.8893388920514,SSP585,2080,1.36434227164806e-05
1600,86.6874249175338,39.8893388920514,SSP585,2080,1.93814339715104e-05
1601,87.5857402016533,39.8893388920514,SSP585,2080,8.11255754062934e-06
1602,88.4840554857729,39.8893388920514,SSP585,2080,1.13346239772882e-05
1603,89.3823707698924,39.8893388920514,SSP585,2080,8.68869478454215e-06
1604,90.2806860540119,39.8893388920514,SSP585,2080,1.39026812718823e-05
1605,91.1790013381314,39.8893388920514,SSP585,2080,1.33199547467378e-05
1606,92.077316622251,39.8893388920514,SSP585,2080,1.14460319604603e-05
1607,92.9756319063705,39.8893388920514,SSP585,2080,2.5718668791086e-05
1608,93.87394719049,39.8893388920514,SSP585,2080,0.000247180451020901
1609,94.7722624746095,39.8893388920514,SSP585,2080,0.00830999331729043
1610,95.670577758729,39.8893388920514,SSP585,2080,0.00016402978063168
1611,96.5688930428485,39.8893388920514,SSP585,2080,1.99438918090378e-05
1612,97.4672083269681,39.8893388920514,SSP585,2080,8.62473727205604e-05
1613,98.3655236110876,39.8893388920514,SSP585,2080,0.000843515213227897
1614,99.2638388952071,39.8893388920514,SSP585,2080,0.000168308557771169
1615,100.162154179327,39.8893388920514,SSP585,2080,1.61010358785685e-05
1616,101.060469463446,39.8893388920514,SSP585,2080,1.59140779545375e-05
1617,101.958784747566,39.8893388920514,SSP585,2080,1.40740792132776e-05
1618,102.857100031685,39.8893388920514,SSP585,2080,1.59006214033308e-05
1619,103.755415315805,39.8893388920514,SSP585,2080,2.01966667782161e-05
1620,104.653730599924,39.8893388920514,SSP585,2080,0.000132826304063638
1621,105.552045884044,39.8893388920514,SSP585,2080,1.90512213763538e-05
1622,106.450361168163,39.8893388920514,SSP585,2080,0.0126537623907109
1623,107.348676452283,39.8893388920514,SSP585,2080,3.35139955569552e-05
1624,108.246991736402,39.8893388920514,SSP585,2080,3.14507807935849e-05
1625,109.145307020522,39.8893388920514,SSP585,2080,0.000101311686580008
1626,110.043622304641,39.8893388920514,SSP585,2080,0.000659789816074952
1627,110.941937588761,39.8893388920514,SSP585,2080,0.000165490998133011
1628,111.84025287288,39.8893388920514,SSP585,2080,3.04273175900649e-05
1629,112.738568157,39.8893388920514,SSP585,2080,0.00904131130807684
1630,113.636883441119,39.8893388920514,SSP585,2080,0.0751562291323472
1631,114.535198725239,39.8893388920514,SSP585,2080,0.00131220515709229
1632,115.433514009358,39.8893388920514,SSP585,2080,0.999999999419072
1633,116.331829293478,39.8893388920515,SSP585,2080,1
1634,117.230144577598,39.8893388920514,SSP585,2080,0.999429525910451
1635,118.128459861717,39.8893388920514,SSP585,2080,0.00860829411727571
1636,119.000638569385,39.9070696693149,SSP585,2080,0.0182860489070074
1637,119.780247113583,40.1004167779105,SSP585,2080,0.445676785815328
1639,121.854415223062,39.8013716911971,SSP585,2080,0.00247607610951983
1640,122.604872547557,39.9030267522865,SSP585,2080,0.00159785188314365
1641,123.487156775072,40.0086656775236,SSP585,2080,0.000696253351517684
1642,124.150922411075,40.0667953665598,SSP585,2080,0.00292501859557803
1657,73.6141100326944,39.3423035398834,SSP585,2080,1.14227432879144e-05
1658,74.147814595318,39.1994595351786,SSP585,2080,7.10247046479262e-05
1659,75.00932622398,39.1966282239535,SSP585,2080,0.00155819665391244
1660,75.9076415080996,39.1966282239535,SSP585,2080,0.054416205685074
1661,76.8059567922191,39.1966282239535,SSP585,2080,2.27470542016883e-05
1662,77.7042720763386,39.1966282239535,SSP585,2080,0.000349400938101097
1663,78.6025873604581,39.1966282239535,SSP585,2080,1.25895734940373e-05
1664,79.5009026445776,39.1966282239535,SSP585,2080,1.04116249990405e-05
1665,80.3992179286972,39.1966282239535,SSP585,2080,8.49258171653489e-06
1666,81.2975332128167,39.1966282239535,SSP585,2080,4.8852959232959e-05
1667,82.1958484969362,39.1966282239535,SSP585,2080,8.53156389657439e-06
1668,83.0941637810558,39.1966282239535,SSP585,2080,1.06606909948681e-05
1669,83.9924790651753,39.1966282239535,SSP585,2080,0.000104483399584798
1670,84.8907943492948,39.1966282239535,SSP585,2080,1.67796809946719e-05
1671,85.7891096334143,39.1966282239535,SSP585,2080,1.38146265855621e-05
1672,86.6874249175338,39.1966282239535,SSP585,2080,6.55923351959853e-05
1673,87.5857402016533,39.1966282239535,SSP585,2080,1.51421629773774e-05
1674,88.4840554857729,39.1966282239535,SSP585,2080,0.000142153107691612
1675,89.3823707698924,39.1966282239535,SSP585,2080,2.3476397168376e-05
1676,90.2806860540119,39.1966282239535,SSP585,2080,9.99923241400413e-05
1677,91.1790013381314,39.1966282239535,SSP585,2080,3.68921124745958e-05
1678,92.077316622251,39.1966282239535,SSP585,2080,5.19005194340449e-05
1679,92.9756319063705,39.1966282239535,SSP585,2080,3.39439501954031e-05
1680,93.87394719049,39.1966282239535,SSP585,2080,0.000543637548581111
1681,94.7722624746095,39.1966282239535,SSP585,2080,7.23730589746729e-05
1682,95.670577758729,39.1966282239535,SSP585,2080,1.8759016024994e-05
1683,96.5688930428485,39.1966282239535,SSP585,2080,2.24810798529207e-05
1684,97.4672083269681,39.1966282239535,SSP585,2080,4.14563239948818e-05
1685,98.3655236110876,39.1966282239535,SSP585,2080,0.000224592709747506
1686,99.2638388952071,39.1966282239535,SSP585,2080,0.00039539832043356
1687,100.162154179327,39.1966282239535,SSP585,2080,0.0243663841933602
1688,101.060469463446,39.1966282239535,SSP585,2080,0.000143998635246612
1689,101.958784747566,39.1966282239535,SSP585,2080,8.97788245100006e-05
1690,102.857100031685,39.1966282239535,SSP585,2080,1.49722902182958e-05
1691,103.755415315805,39.1966282239535,SSP585,2080,1.68927664655483e-05
1692,104.653730599924,39.1966282239535,SSP585,2080,8.64487579562701e-05
1693,105.552045884044,39.1966282239535,SSP585,2080,0.0395452500467228
1694,106.450361168163,39.1966282239535,SSP585,2080,0.00615031334625205
1695,107.348676452283,39.1966282239535,SSP585,2080,0.000350939327778632
1696,108.246991736402,39.1966282239535,SSP585,2080,4.82511816753961e-05
1697,109.145307020522,39.1966282239535,SSP585,2080,1.76678456127455e-05
1698,110.043622304641,39.1966282239535,SSP585,2080,0.000696281766351503
1699,110.941937588761,39.1966282239535,SSP585,2080,0.000179874562082349
1700,111.84025287288,39.1966282239535,SSP585,2080,0.000283236732288583
1701,112.738568157,39.1966282239535,SSP585,2080,0.000836328451614077
1702,113.63688344112,39.1966282239535,SSP585,2080,0.00387745771282499
1703,114.535198725239,39.1966282239535,SSP585,2080,0.00130128470420166
1704,115.433514009359,39.1966282239535,SSP585,2080,0.00738967737663054
1705,116.331829293478,39.1966282239535,SSP585,2080,0.0972604230707345
1706,117.228110076583,39.1981868654922,SSP585,2080,1
1707,118.144855633027,39.3184915352931,SSP585,2080,
1708,118.859705174687,39.3561311640381,SSP585,2080,0.00697819628673913
1710,121.194863599229,39.0069158277496,SSP585,2080,
1711,121.7477690923,39.2514299701734,SSP585,2080,
1712,122.407887035842,39.4091472251908,SSP585,2080,
1713,123.138929147052,39.0683825545945,SSP585,2080,
1730,74.1455915283951,38.7408234252086,SSP585,2080,1.15574316633671e-05
1731,75.0831386667765,38.527938273115,SSP585,2080,0.00596540376099553
1732,75.9076415080996,38.4970202888683,SSP585,2080,0.00011902352661286
1733,76.8059567922191,38.4970202888683,SSP585,2080,0.000436488038307648
1734,77.7042720763386,38.4970202888683,SSP585,2080,0.000356675261889539
1735,78.6025873604581,38.4970202888683,SSP585,2080,1.51526757186105e-05
1736,79.5009026445777,38.4970202888683,SSP585,2080,1.69069298983082e-05
1737,80.3992179286972,38.4970202888683,SSP585,2080,2.41734228138002e-05
1738,81.2975332128167,38.4970202888683,SSP585,2080,2.04444760533162e-05
1739,82.1958484969362,38.4970202888683,SSP585,2080,2.63816781612691e-05
1740,83.0941637810557,38.4970202888683,SSP585,2080,1.50646861162285e-05
1741,83.9924790651753,38.4970202888683,SSP585,2080,1.24662382667839e-05
1742,84.8907943492948,38.4970202888683,SSP585,2080,1.89641954696507e-05
1743,85.7891096334143,38.4970202888683,SSP585,2080,0.00023408379636658
1744,86.6874249175338,38.4970202888683,SSP585,2080,1.88036055395191e-05
1745,87.5857402016533,38.4970202888683,SSP585,2080,2.25240812460337e-05
1746,88.4840554857729,38.4970202888683,SSP585,2080,3.58949360612648e-05
1747,89.3823707698924,38.4970202888683,SSP585,2080,2.45001117539223e-05
1748,90.2806860540119,38.4970202888683,SSP585,2080,0.000234794535386662
1749,91.1790013381314,38.4970202888683,SSP585,2080,0.000281511644794952
1750,92.077316622251,38.4970202888683,SSP585,2080,7.30306777878553e-05
1751,92.9756319063705,38.4970202888683,SSP585,2080,5.39820116102208e-05
1752,93.87394719049,38.4970202888683,SSP585,2080,4.10504639087872e-05
1753,94.7722624746095,38.4970202888683,SSP585,2080,5.23017965690098e-05
1754,95.670577758729,38.4970202888683,SSP585,2080,3.71644129096849e-05
1755,96.5688930428485,38.4970202888683,SSP585,2080,2.91441616948607e-05
1756,97.4672083269681,38.4970202888683,SSP585,2080,9.05865261383587e-05
1757,98.3655236110876,38.4970202888683,SSP585,2080,0.0010425506395485
1758,99.2638388952071,38.4970202888683,SSP585,2080,0.00378201302702796
1759,100.162154179327,38.4970202888683,SSP585,2080,0.0412472858914966
1760,101.060469463446,38.4970202888683,SSP585,2080,0.000917913970959749
1761,101.958784747566,38.4970202888683,SSP585,2080,0.00116812277915868
1762,102.857100031685,38.4970202888683,SSP585,2080,0.000521322313502215
1763,103.755415315805,38.4970202888683,SSP585,2080,1.97410563306244e-05
1764,104.653730599924,38.4970202888683,SSP585,2080,0.000166669598743896
1765,105.552045884044,38.4970202888683,SSP585,2080,0.641847031466529
1766,106.450361168163,38.4970202888683,SSP585,2080,0.554835040173594
1767,107.348676452283,38.4970202888683,SSP585,2080,0.0202623265111261
1768,108.246991736402,38.4970202888683,SSP585,2080,1.67868583804687e-05
1769,109.145307020522,38.4970202888683,SSP585,2080,0.000286004289068109
1770,110.043622304641,38.4970202888683,SSP585,2080,0.000921007365779936
1771,110.941937588761,38.4970202888683,SSP585,2080,3.59864193315573e-05
1772,111.84025287288,38.4970202888683,SSP585,2080,0.00183027891245136
1773,112.738568157,38.4970202888683,SSP585,2080,0.00338449304878119
1774,113.63688344112,38.4970202888683,SSP585,2080,0.000733721727671388
1775,114.535198725239,38.4970202888683,SSP585,2080,0.0167776036170884
1776,115.433514009359,38.4970202888683,SSP585,2080,0.00105910564308598
1777,116.331829293478,38.4970202888683,SSP585,2080,0.000512239277927207
1778,117.196139258734,38.4835575410924,SSP585,2080,0.470085171170862
1779,117.761311898238,38.221306391133,SSP585,2080,3.44108555933031e-05
1780,118.736262627272,38.1540804093516,SSP585,2080,2.42910779718608e-05
1782,121.096646092899,38.6961608297162,SSP585,2080,
1783,121.374439562356,38.8310120491465,SSP585,2080,
1803,75.2102399988028,37.8147391426785,SSP585,2080,0.00691923837404851
1804,75.9076415080996,37.790551756013,SSP585,2080,0.000342964901990595
1805,76.8059567922191,37.790551756013,SSP585,2080,0.000421392297228818
1806,77.7042720763386,37.790551756013,SSP585,2080,0.00201629637184553
1807,78.6025873604581,37.790551756013,SSP585,2080,6.93941908141982e-05
1808,79.5009026445777,37.790551756013,SSP585,2080,0.000107916753292581
1809,80.3992179286972,37.790551756013,SSP585,2080,0.000125516423223337
1810,81.2975332128167,37.790551756013,SSP585,2080,4.39009507638977e-05
1811,82.1958484969362,37.790551756013,SSP585,2080,1.87977853129961e-05
1812,83.0941637810557,37.790551756013,SSP585,2080,1.51406860834369e-05
1813,83.9924790651753,37.790551756013,SSP585,2080,1.53106095810429e-05
1814,84.8907943492948,37.790551756013,SSP585,2080,2.95110039064683e-05
1815,85.7891096334143,37.790551756013,SSP585,2080,4.55605020244221e-05
1816,86.6874249175338,37.790551756013,SSP585,2080,7.99116873614336e-05
1817,87.5857402016533,37.790551756013,SSP585,2080,2.84214843845332e-05
1818,88.4840554857729,37.790551756013,SSP585,2080,3.94093720604838e-05
1819,89.3823707698924,37.790551756013,SSP585,2080,0.000177958999824424
1820,90.2806860540119,37.790551756013,SSP585,2080,0.000478335589784162
1821,91.1790013381314,37.790551756013,SSP585,2080,0.00025405321574834
1822,92.077316622251,37.790551756013,SSP585,2080,8.19134454205228e-05
1823,92.9756319063705,37.790551756013,SSP585,2080,0.000507828018798562
1824,93.87394719049,37.790551756013,SSP585,2080,0.0015507925995033
1825,94.7722624746095,37.790551756013,SSP585,2080,7.92600630923346e-05
1826,95.670577758729,37.790551756013,SSP585,2080,0.0028484444264516
1827,96.5688930428485,37.790551756013,SSP585,2080,7.3496710455756e-05
1828,97.4672083269681,37.790551756013,SSP585,2080,0.000560715209564799
1829,98.3655236110876,37.790551756013,SSP585,2080,0.000140109816443634
1830,99.2638388952071,37.790551756013,SSP585,2080,5.54284857494647e-05
1831,100.162154179327,37.790551756013,SSP585,2080,0.00267133589031154
1832,101.060469463446,37.790551756013,SSP585,2080,0.104745726599014
1833,101.958784747566,37.790551756013,SSP585,2080,0.0075841669179102
1834,102.857100031685,37.790551756013,SSP585,2080,0.00120913421302993
1835,103.755415315805,37.790551756013,SSP585,2080,8.40462875550951e-05
1836,104.653730599924,37.790551756013,SSP585,2080,0.00385485037875388
1837,105.552045884044,37.790551756013,SSP585,2080,0.00373013471982786
1838,106.450361168163,37.790551756013,SSP585,2080,0.00301879568637342
1839,107.348676452283,37.790551756013,SSP585,2080,0.00195296557390701
1840,108.246991736402,37.790551756013,SSP585,2080,0.000348922271672825
1841,109.145307020522,37.790551756013,SSP585,2080,0.000243700951177428
1842,110.043622304641,37.790551756013,SSP585,2080,5.30743013927859e-05
1843,110.941937588761,37.790551756013,SSP585,2080,0.000479135985275492
1844,111.84025287288,37.790551756013,SSP585,2080,0.00905754856961227
1845,112.738568157,37.790551756013,SSP585,2080,0.876677795239295
1846,113.636883441119,37.7905517560129,SSP585,2080,0.00510656780439955
1847,114.535198725239,37.790551756013,SSP585,2080,0.849319438675283
1848,115.433514009358,37.790551756013,SSP585,2080,0.00365940083130156
1849,116.331829293478,37.790551756013,SSP585,2080,0.00131832792233622
1850,117.230144577598,37.790551756013,SSP585,2080,0.00642382369157946
1851,118.119567463375,37.7571696681828,SSP585,2080,0.0050067449900395
1852,118.811831921606,37.7754752517988,SSP585,2080,0.869114767111773
1853,120.275669528152,37.5419396020678,SSP585,2080,
1854,120.773406251066,37.6038103092886,SSP585,2080,0.00123384327651088
1855,121.656260598116,37.4984798900351,SSP585,2080,
1856,122.198048399983,37.4475999943582,SSP585,2080,
1874,74.5383597066917,37.182238201356,SSP585,2080,1.82528315071373e-05
1875,75.09449886685,37.1836695308115,SSP585,2080,0.000266878202230147
1876,75.916306373446,37.0868802121126,SSP585,2080,0.000133052304974179
1877,76.8059567922191,37.0772638054809,SSP585,2080,0.000280280904727537
1878,77.7042720763386,37.0772638054809,SSP585,2080,3.66491873853292e-05
1879,78.6025873604581,37.0772638054809,SSP585,2080,7.61303967325988e-05
1880,79.5009026445776,37.0772638054809,SSP585,2080,0.00464914240900327
1881,80.3992179286972,37.0772638054809,SSP585,2080,0.00180537958901483
1882,81.2975332128167,37.0772638054809,SSP585,2080,0.000446974157799374
1883,82.1958484969362,37.0772638054809,SSP585,2080,2.48779994092008e-05
1884,83.0941637810557,37.0772638054809,SSP585,2080,0.000308156471973353
1885,83.9924790651753,37.0772638054809,SSP585,2080,2.07466811210644e-05
1886,84.8907943492948,37.0772638054809,SSP585,2080,3.65542482165804e-05
1887,85.7891096334143,37.0772638054809,SSP585,2080,3.86676480748083e-05
1888,86.6874249175338,37.0772638054809,SSP585,2080,2.98241903003982e-05
1889,87.5857402016533,37.0772638054809,SSP585,2080,5.71263251818444e-05
1890,88.4840554857729,37.0772638054809,SSP585,2080,5.1355551828447e-05
1891,89.3823707698924,37.0772638054809,SSP585,2080,5.45426469946708e-05
1892,90.2806860540119,37.0772638054809,SSP585,2080,0.000407951428042619
1893,91.1790013381314,37.0772638054809,SSP585,2080,0.000105100990547724
1894,92.077316622251,37.0772638054809,SSP585,2080,9.43756039362142e-05
1895,92.9756319063705,37.0772638054809,SSP585,2080,0.000183137967283198
1896,93.87394719049,37.0772638054809,SSP585,2080,7.91854375236101e-05
1897,94.7722624746095,37.0772638054809,SSP585,2080,0.00017285271901879
1898,95.670577758729,37.0772638054809,SSP585,2080,6.77730366870355e-05
1899,96.5688930428486,37.0772638054809,SSP585,2080,0.0268527875521759
1900,97.4672083269681,37.0772638054809,SSP585,2080,0.0027959577414256
1901,98.3655236110876,37.0772638054809,SSP585,2080,0.0535097058751295
1902,99.2638388952071,37.0772638054809,SSP585,2080,0.365355159845499
1903,100.162154179327,37.0772638054809,SSP585,2080,0.46429326306697
1904,101.060469463446,37.0772638054809,SSP585,2080,0.0316614550246376
1905,101.958784747566,37.0772638054809,SSP585,2080,0.716019762036422
1906,102.857100031685,37.0772638054809,SSP585,2080,0.0938268550798272
1907,103.755415315805,37.0772638054809,SSP585,2080,0.00020293000406002
1908,104.653730599924,37.0772638054809,SSP585,2080,0.000293532433779387
1909,105.552045884044,37.0772638054809,SSP585,2080,0.000222629734065616
1910,106.450361168163,37.0772638054809,SSP585,2080,0.000108397844645336
1911,107.348676452283,37.0772638054809,SSP585,2080,2.7544234231125e-05
1912,108.246991736402,37.0772638054809,SSP585,2080,0.00496510726355437
1913,109.145307020522,37.0772638054809,SSP585,2080,5.19824848209671e-05
1914,110.043622304641,37.0772638054809,SSP585,2080,0.000371847714704887
1915,110.941937588761,37.0772638054809,SSP585,2080,0.000132462998468919
1916,111.84025287288,37.0772638054809,SSP585,2080,0.0390359202059494
1917,112.738568157,37.0772638054809,SSP585,2080,0.0938896055514015
1918,113.636883441119,37.0772638054809,SSP585,2080,0.00199192690574701
1919,114.535198725239,37.0772638054809,SSP585,2080,0.0231906210819686
1920,115.433514009359,37.0772638054809,SSP585,2080,0.000846667454192596
1921,116.331829293478,37.0772638054809,SSP585,2080,0.00212169126381889
1922,117.230144577598,37.0772638054809,SSP585,2080,0.138173292109985
1923,118.128459861717,37.0772638054809,SSP585,2080,0.103631306116113
1924,118.965149080216,37.0064569511871,SSP585,2080,0.164197114785211
1925,119.980692553906,37.0290900784476,SSP585,2080,0.00418022469542545
1926,120.823405714076,37.0772638054809,SSP585,2080,0.0151405022893925
1927,121.688522248746,37.132552678032,SSP585,2080,0.00537342959596721
1928,122.3472028895,37.1393174513548,SSP585,2080,0.0289841770199814
1948,76.1682950065795,36.3725667307127,SSP585,2080,2.48945375509457e-05
1949,76.8059567922191,36.3572022215529,SSP585,2080,2.61889345837263e-05
1950,77.7042720763386,36.3572022215529,SSP585,2080,4.91486002867081e-05
1951,78.6025873604581,36.3572022215529,SSP585,2080,4.08428022484753e-05
1952,79.5009026445776,36.3572022215529,SSP585,2080,5.04236610597841e-05
1953,80.3992179286972,36.3572022215529,SSP585,2080,0.000129174426038436
1954,81.2975332128167,36.3572022215529,SSP585,2080,0.00028372693794565
1955,82.1958484969362,36.3572022215529,SSP585,2080,7.45355451725605e-05
1956,83.0941637810557,36.3572022215529,SSP585,2080,2.38922653954532e-05
1957,83.9924790651753,36.3572022215529,SSP585,2080,5.36777542341493e-05
1958,84.8907943492948,36.3572022215529,SSP585,2080,2.77473029773878e-05
1959,85.7891096334143,36.3572022215529,SSP585,2080,2.15398241460996e-05
1960,86.6874249175338,36.3572022215529,SSP585,2080,3.80601758025456e-05
1961,87.5857402016533,36.3572022215529,SSP585,2080,3.6319022516107e-05
1962,88.4840554857729,36.3572022215529,SSP585,2080,3.26928601767085e-05
1963,89.3823707698924,36.3572022215529,SSP585,2080,0.000133405181859669
1964,90.2806860540119,36.3572022215529,SSP585,2080,0.000145905304988259
1965,91.1790013381314,36.3572022215529,SSP585,2080,9.91670662056077e-05
1966,92.077316622251,36.3572022215529,SSP585,2080,8.53335286170598e-05
1967,92.9756319063705,36.3572022215529,SSP585,2080,0.000331973023440346
1968,93.87394719049,36.3572022215529,SSP585,2080,0.000259063298129303
1969,94.7722624746095,36.3572022215529,SSP585,2080,0.0184454667252357
1970,95.670577758729,36.3572022215529,SSP585,2080,0.000158338115910261
1971,96.5688930428486,36.3572022215529,SSP585,2080,9.84303182929303e-05
1972,97.4672083269681,36.3572022215529,SSP585,2080,0.00052606942465061
1973,98.3655236110876,36.3572022215529,SSP585,2080,0.0351449770166822
1974,99.2638388952071,36.3572022215529,SSP585,2080,0.0138466423126238
1975,100.162154179327,36.3572022215529,SSP585,2080,0.0703868605687967
1976,101.060469463446,36.3572022215529,SSP585,2080,0.315930048622616
1977,101.958784747566,36.3572022215529,SSP585,2080,0.603165145031516
1978,102.857100031685,36.3572022215529,SSP585,2080,0.00175479093501529
1979,103.755415315805,36.3572022215529,SSP585,2080,0.780615113294001
1980,104.653730599924,36.3572022215529,SSP585,2080,7.38330310013913e-05
1981,105.552045884044,36.3572022215529,SSP585,2080,0.00037952047947154
1982,106.450361168163,36.3572022215529,SSP585,2080,0.00102880874456757
1983,107.348676452283,36.3572022215529,SSP585,2080,0.000121467271807951
1984,108.246991736402,36.3572022215529,SSP585,2080,0.00251694161540206
1985,109.145307020522,36.3572022215529,SSP585,2080,0.0205229127222561
1986,110.043622304641,36.3572022215529,SSP585,2080,0.00430860455423232
1987,110.941937588761,36.3572022215529,SSP585,2080,0.000156811933186951
1988,111.84025287288,36.3572022215529,SSP585,2080,0.110499676801943
1989,112.738568157,36.3572022215529,SSP585,2080,0.0565274621543808
1990,113.63688344112,36.3572022215529,SSP585,2080,0.0196479991996553
1991,114.535198725239,36.3572022215529,SSP585,2080,0.0622443302761052
1992,115.433514009359,36.357202221553,SSP585,2080,0.000307658591064963
1993,116.331829293478,36.3572022215529,SSP585,2080,0.0150305897423986
1994,117.230144577598,36.3572022215529,SSP585,2080,0.83855248679812
1995,118.128459861717,36.3572022215529,SSP585,2080,0.0130339542287214
1996,119.026775145837,36.3572022215529,SSP585,2080,0.137293902833606
1997,119.904223353102,36.375017714134,SSP585,2080,0.951349574070473
1998,120.634986151713,36.4644828997828,SSP585,2080,0.958718354769851
1999,121.346122541522,36.7061750168915,SSP585,2080,
2020,76.2441451848537,35.9175050300443,SSP585,2080,2.20860009515489e-05
2021,76.9100707783439,35.827204814307,SSP585,2080,2.66341739330045e-05
2022,77.7261771263695,35.7324022219012,SSP585,2080,3.19155608141664e-05
2023,78.6025873604581,35.6304174817484,SSP585,2080,2.77126419465645e-05
2024,79.5009026445776,35.6304174817484,SSP585,2080,3.42989639399161e-05
2025,80.3992179286972,35.6304174817484,SSP585,2080,5.96895688765864e-05
2026,81.2975332128167,35.6304174817484,SSP585,2080,7.31475815702876e-05
2027,82.1958484969362,35.6304174817484,SSP585,2080,3.79353144109862e-05
2028,83.0941637810557,35.6304174817484,SSP585,2080,7.44038488793564e-05
2029,83.9924790651753,35.6304174817484,SSP585,2080,5.53723685137175e-05
2030,84.8907943492948,35.6304174817484,SSP585,2080,1.9872737393567e-05
2031,85.7891096334143,35.6304174817484,SSP585,2080,2.0988552884238e-05
2032,86.6874249175338,35.6304174817484,SSP585,2080,2.98512193133149e-05
2033,87.5857402016533,35.6304174817484,SSP585,2080,5.39531474349486e-05
2034,88.4840554857729,35.6304174817484,SSP585,2080,4.28274821139274e-05
2035,89.3823707698924,35.6304174817484,SSP585,2080,8.33187909418109e-05
2036,90.2806860540119,35.6304174817484,SSP585,2080,4.45286005308354e-05
2037,91.1790013381314,35.6304174817484,SSP585,2080,6.81447490153975e-05
2038,92.077316622251,35.6304174817484,SSP585,2080,0.000121773988048357
2039,92.9756319063705,35.6304174817484,SSP585,2080,0.00798512922142247
2040,93.87394719049,35.6304174817484,SSP585,2080,0.0172731157568843
2041,94.7722624746095,35.6304174817484,SSP585,2080,0.00685277183136723
2042,95.670577758729,35.6304174817484,SSP585,2080,6.96943941725925e-05
2043,96.5688930428485,35.6304174817484,SSP585,2080,5.8873725092945e-05
2044,97.4672083269681,35.6304174817484,SSP585,2080,0.00114925656597908
2045,98.3655236110876,35.6304174817484,SSP585,2080,0.0203106609768369
2046,99.2638388952071,35.6304174817484,SSP585,2080,0.0552498200405834
2047,100.162154179327,35.6304174817484,SSP585,2080,0.0112634311907487
2048,101.060469463446,35.6304174817484,SSP585,2080,0.00100419003128427
2049,101.958784747566,35.6304174817484,SSP585,2080,0.00269276701861243
2050,102.857100031685,35.6304174817484,SSP585,2080,0.0115568152091377
2051,103.755415315805,35.6304174817484,SSP585,2080,0.883020797831702
2052,104.653730599924,35.6304174817484,SSP585,2080,0.0101103541588671
2053,105.552045884044,35.6304174817484,SSP585,2080,4.68025901616542e-05
2054,106.450361168163,35.6304174817484,SSP585,2080,0.111943594913569
2055,107.348676452283,35.6304174817484,SSP585,2080,0.014289302879179
2056,108.246991736402,35.6304174817484,SSP585,2080,0.21483541547755
2057,109.145307020522,35.6304174817484,SSP585,2080,0.00014432698413025
2058,110.043622304641,35.6304174817484,SSP585,2080,0.000121733415568426
2059,110.941937588761,35.6304174817484,SSP585,2080,0.00421134199794182
2060,111.84025287288,35.6304174817484,SSP585,2080,0.00903632087333595
2061,112.738568157,35.6304174817484,SSP585,2080,0.253294667094438
2062,113.636883441119,35.6304174817484,SSP585,2080,0.00834400773288402
2063,114.535198725239,35.6304174817484,SSP585,2080,0.155644432905254
2064,115.433514009359,35.6304174817485,SSP585,2080,0.000412474815942643
2065,116.331829293478,35.6304174817484,SSP585,2080,0.0193053048503079
2066,117.230144577598,35.6304174817484,SSP585,2080,0.0905726639471988
2067,118.128459861717,35.6304174817484,SSP585,2080,0.104646732570942
2068,119.025928273074,35.6311170409294,SSP585,2080,0.262042921584122
2069,119.73502507067,35.7726726436646,SSP585,2080,0.93548992839961
2094,78.1112076251138,35.2114043263818,SSP585,2080,2.93310093884003e-05
2095,78.6403388427137,34.9233891274439,SSP585,2080,1.99213234921558e-05
2096,79.5009026445777,34.896964841197,SSP585,2080,2.59636074343428e-05
2097,80.3992179286972,34.896964841197,SSP585,2080,3.10987394928075e-05
2098,81.2975332128167,34.896964841197,SSP585,2080,2.80248523616411e-05
2099,82.1958484969362,34.896964841197,SSP585,2080,5.39661740603936e-05
2100,83.0941637810557,34.896964841197,SSP585,2080,3.86404529009177e-05
2101,83.9924790651753,34.896964841197,SSP585,2080,3.53818746411383e-05
2102,84.8907943492948,34.896964841197,SSP585,2080,2.94032266787703e-05
2103,85.7891096334143,34.896964841197,SSP585,2080,2.11647529392289e-05
2104,86.6874249175338,34.896964841197,SSP585,2080,3.85472256724251e-05
2105,87.5857402016533,34.896964841197,SSP585,2080,4.21790475559902e-05
2106,88.4840554857729,34.896964841197,SSP585,2080,3.85048308383373e-05
2107,89.3823707698924,34.896964841197,SSP585,2080,3.87984444023548e-05
2108,90.2806860540119,34.896964841197,SSP585,2080,6.14927140240029e-05
2109,91.1790013381314,34.896964841197,SSP585,2080,7.92112075037599e-05
2110,92.077316622251,34.896964841197,SSP585,2080,0.000171492122331918
2111,92.9756319063705,34.896964841197,SSP585,2080,9.48970777359115e-05
2112,93.87394719049,34.896964841197,SSP585,2080,0.00335255871277396
2113,94.7722624746095,34.896964841197,SSP585,2080,0.000993450107392935
2114,95.670577758729,34.896964841197,SSP585,2080,0.000128913039906586
2115,96.5688930428486,34.896964841197,SSP585,2080,6.66088485297145e-05
2116,97.4672083269681,34.896964841197,SSP585,2080,8.02327707520867e-05
2117,98.3655236110876,34.896964841197,SSP585,2080,0.0181723215903707
2118,99.2638388952071,34.896964841197,SSP585,2080,0.00063121706243241
2119,100.162154179327,34.896964841197,SSP585,2080,0.000108039528753934
2120,101.060469463446,34.896964841197,SSP585,2080,0.000364036096572873
2121,101.958784747566,34.896964841197,SSP585,2080,0.000567725055788726
2122,102.857100031685,34.896964841197,SSP585,2080,0.0311728697041525
2123,103.755415315805,34.896964841197,SSP585,2080,0.100916297491282
2124,104.653730599924,34.896964841197,SSP585,2080,0.000216501438573435
2125,105.552045884044,34.896964841197,SSP585,2080,0.00371382157418698
2126,106.450361168163,34.896964841197,SSP585,2080,0.00147858042291094
2127,107.348676452283,34.896964841197,SSP585,2080,0.000170358074277899
2128,108.246991736402,34.896964841197,SSP585,2080,0.000390122050017983
2129,109.145307020522,34.896964841197,SSP585,2080,0.0124400281642956
2130,110.043622304641,34.896964841197,SSP585,2080,0.0152509539617354
2131,110.941937588761,34.896964841197,SSP585,2080,0.768059766298919
2132,111.84025287288,34.896964841197,SSP585,2080,0.00372523446461892
2133,112.738568157,34.896964841197,SSP585,2080,0.741512370190574
2134,113.636883441119,34.896964841197,SSP585,2080,0.999999999999991
2135,114.535198725239,34.8969648411969,SSP585,2080,0.202750523179411
2136,115.433514009359,34.896964841197,SSP585,2080,0.0029408094880724
2137,116.331829293478,34.8969648411969,SSP585,2080,0.00622194912722984
2138,117.230144577598,34.896964841197,SSP585,2080,0.0385109013825249
2139,118.128459861717,34.896964841197,SSP585,2080,0.010210620933888
2140,118.960405580646,34.8858763711916,SSP585,2080,0.364343097705812
2167,78.9220448563581,34.1045227382353,SSP585,2080,1.69469998828609e-05
2168,79.5009026445776,34.1569044119049,SSP585,2080,2.07226860781118e-05
2169,80.3992179286972,34.1569044119048,SSP585,2080,2.00666219521972e-05
2170,81.2975332128167,34.1569044119048,SSP585,2080,4.78579188577522e-05
2171,82.1958484969362,34.1569044119048,SSP585,2080,4.7694706967305e-05
2172,83.0941637810557,34.1569044119048,SSP585,2080,5.34492235750861e-05
2173,83.9924790651753,34.1569044119048,SSP585,2080,5.99840712229849e-05
2174,84.8907943492948,34.1569044119048,SSP585,2080,5.47429237632846e-05
2175,85.7891096334143,34.1569044119048,SSP585,2080,2.69169826162541e-05
2176,86.6874249175338,34.1569044119048,SSP585,2080,4.46278096629671e-05
2177,87.5857402016533,34.1569044119048,SSP585,2080,5.65223541670878e-05
2178,88.4840554857729,34.1569044119048,SSP585,2080,3.74162074890938e-05
2179,89.3823707698924,34.1569044119048,SSP585,2080,4.83723804791669e-05
2180,90.2806860540119,34.1569044119048,SSP585,2080,6.07491436231955e-05
2181,91.1790013381314,34.1569044119048,SSP585,2080,0.000165959171976371
2182,92.077316622251,34.1569044119048,SSP585,2080,0.000857865677044822
2183,92.9756319063705,34.1569044119048,SSP585,2080,0.000106496010910173
2184,93.87394719049,34.1569044119048,SSP585,2080,0.00013158329269658
2185,94.7722624746095,34.1569044119048,SSP585,2080,7.66061360107928e-05
2186,95.670577758729,34.1569044119048,SSP585,2080,0.00685364532223343
2187,96.5688930428485,34.1569044119048,SSP585,2080,0.000134466267957767
2188,97.4672083269681,34.1569044119049,SSP585,2080,0.000945618303801354
2189,98.3655236110876,34.1569044119048,SSP585,2080,0.000207978785207064
2190,99.2638388952071,34.1569044119048,SSP585,2080,7.50076234304897e-05
2191,100.162154179327,34.1569044119048,SSP585,2080,0.000571325022912017
2192,101.060469463446,34.1569044119048,SSP585,2080,8.65727125313187e-05
2193,101.958784747566,34.1569044119048,SSP585,2080,0.0337040346438591
2194,102.857100031685,34.1569044119048,SSP585,2080,0.282987812857676
2195,103.755415315805,34.1569044119048,SSP585,2080,0.00179898267401524
2196,104.653730599924,34.1569044119048,SSP585,2080,0.00268010229535043
2197,105.552045884044,34.1569044119048,SSP585,2080,0.0246805679792423
2198,106.450361168163,34.1569044119048,SSP585,2080,0.00518393656860583
2199,107.348676452283,34.1569044119048,SSP585,2080,0.00692167195823712
2200,108.246991736402,34.1569044119048,SSP585,2080,0.616355740358442
2201,109.145307020522,34.1569044119048,SSP585,2080,0.994145202363981
2202,110.043622304641,34.1569044119048,SSP585,2080,0.00558104394213477
2203,110.941937588761,34.1569044119048,SSP585,2080,0.068083371801403
2204,111.84025287288,34.1569044119048,SSP585,2080,0.21691681522638
2205,112.738568157,34.1569044119048,SSP585,2080,0.197186529552187
2206,113.636883441119,34.1569044119048,SSP585,2080,0.0265554128949204
2207,114.535198725239,34.1569044119048,SSP585,2080,0.000593894616675028
2208,115.433514009359,34.1569044119048,SSP585,2080,0.00520949098227685
2209,116.331829293478,34.1569044119048,SSP585,2080,0.0123990434263294
2210,117.230144577598,34.1569044119049,SSP585,2080,0.942281506847446
2211,118.128459861717,34.1569044119048,SSP585,2080,0.00649033383176523
2212,119.026775145837,34.1569044119048,SSP585,2080,0.00787412407097299
2213,119.882857408409,34.1106117558621,SSP585,2080,0.00183115636197917
2214,120.409908475428,33.8702854675797,SSP585,2080,
2239,78.9286670562435,33.6056066422668,SSP585,2080,1.77233818507982e-05
2240,79.5159394618932,33.4204008418773,SSP585,2080,0.000198809908525055
2241,80.3992179286972,33.4103012364864,SSP585,2080,0.000100860096266087
2242,81.2975332128167,33.4103012364864,SSP585,2080,4.31631697674906e-05
2243,82.1958484969362,33.4103012364864,SSP585,2080,3.51314596248598e-05
2244,83.0941637810557,33.4103012364864,SSP585,2080,4.05535497799425e-05
2245,83.9924790651753,33.4103012364864,SSP585,2080,4.56027106267021e-05
2246,84.8907943492948,33.4103012364864,SSP585,2080,3.63840333613696e-05
2247,85.7891096334143,33.4103012364864,SSP585,2080,5.14483600475568e-05
2248,86.6874249175338,33.4103012364864,SSP585,2080,6.58355791555154e-05
2249,87.5857402016533,33.4103012364864,SSP585,2080,5.24412547272535e-05
2250,88.4840554857729,33.4103012364864,SSP585,2080,9.14884794872561e-05
2251,89.3823707698924,33.4103012364864,SSP585,2080,7.01504267844877e-05
2252,90.2806860540119,33.4103012364864,SSP585,2080,7.15442386450826e-05
2253,91.1790013381314,33.4103012364864,SSP585,2080,0.000106817212155996
2254,92.077316622251,33.4103012364864,SSP585,2080,0.000150052228200304
2255,92.9756319063705,33.4103012364864,SSP585,2080,0.000175219384934922
2256,93.87394719049,33.4103012364864,SSP585,2080,6.18120279154422e-05
2257,94.7722624746095,33.4103012364864,SSP585,2080,0.000188093666497857
2258,95.670577758729,33.4103012364864,SSP585,2080,0.000421563703919992
2259,96.5688930428486,33.4103012364864,SSP585,2080,0.0119350791468806
2260,97.4672083269681,33.4103012364864,SSP585,2080,0.0124601187555875
2261,98.3655236110876,33.4103012364864,SSP585,2080,0.000868525246822682
2262,99.2638388952071,33.4103012364864,SSP585,2080,0.000116304471398321
2263,100.162154179327,33.4103012364864,SSP585,2080,9.0192779581999e-05
2264,101.060469463446,33.4103012364864,SSP585,2080,0.00237072072076927
2265,101.958784747566,33.4103012364864,SSP585,2080,0.00337465026748229
2266,102.857100031685,33.4103012364864,SSP585,2080,0.218773379916813
2267,103.755415315805,33.4103012364864,SSP585,2080,0.114279527959483
2268,104.653730599924,33.4103012364864,SSP585,2080,0.00147275911230627
2269,105.552045884044,33.4103012364864,SSP585,2080,0.000778833004155266
2270,106.450361168163,33.4103012364864,SSP585,2080,0.00903690550364122
2271,107.348676452283,33.4103012364864,SSP585,2080,0.883593068282755
2272,108.246991736402,33.4103012364864,SSP585,2080,0.0691084450835485
2273,109.145307020522,33.4103012364864,SSP585,2080,0.0019544936803032
2274,110.043622304641,33.4103012364864,SSP585,2080,0.000160273461557003
2275,110.941937588761,33.4103012364864,SSP585,2080,0.000704368329157989
2276,111.84025287288,33.4103012364864,SSP585,2080,0.0438324675405505
2277,112.738568157,33.4103012364864,SSP585,2080,0.00777670466920755
2278,113.636883441119,33.4103012364864,SSP585,2080,0.0317845889463095
2279,114.535198725239,33.4103012364864,SSP585,2080,0.00299076445989788
2280,115.433514009358,33.4103012364864,SSP585,2080,0.000717849407233739
2281,116.331829293478,33.4103012364864,SSP585,2080,0.00189781849759951
2282,117.230144577598,33.4103012364864,SSP585,2080,0.00214453856826191
2283,118.128459861717,33.4103012364864,SSP585,2080,0.00384469857848224
2284,119.026775145837,33.4103012364864,SSP585,2080,0.546714401561009
2285,119.925090429956,33.4103012364864,SSP585,2080,0.115219654308927
2286,120.514169036521,33.3339283464613,SSP585,2080,
2311,78.7118206954573,32.445517343661,SSP585,2080,2.79017340066856e-05
2312,79.5804942430139,32.6409765745574,SSP585,2080,4.43932219751364e-05
2313,80.3992179286972,32.6572253559297,SSP585,2080,0.000287204657263285
2314,81.2975332128167,32.6572253559297,SSP585,2080,3.64322988744004e-05
2315,82.1958484969362,32.6572253559297,SSP585,2080,3.3838612754522e-05
2316,83.0941637810557,32.6572253559297,SSP585,2080,3.1103619063555e-05
2317,83.9924790651753,32.6572253559297,SSP585,2080,3.62424293469665e-05
2318,84.8907943492948,32.6572253559297,SSP585,2080,5.19833248837642e-05
2319,85.7891096334143,32.6572253559297,SSP585,2080,6.31559609214349e-05
2320,86.6874249175338,32.6572253559297,SSP585,2080,6.8900646081338e-05
2321,87.5857402016533,32.6572253559297,SSP585,2080,5.88197036558436e-05
2322,88.4840554857729,32.6572253559297,SSP585,2080,4.48128734849007e-05
2323,89.3823707698924,32.6572253559297,SSP585,2080,8.47594625242865e-05
2324,90.2806860540119,32.6572253559297,SSP585,2080,9.19263525929193e-05
2325,91.1790013381314,32.6572253559297,SSP585,2080,6.5324039474679e-05
2326,92.077316622251,32.6572253559297,SSP585,2080,0.000235197481122773
2327,92.9756319063705,32.6572253559297,SSP585,2080,0.000517921334452387
2328,93.87394719049,32.6572253559297,SSP585,2080,8.96348578945938e-05
2329,94.7722624746095,32.6572253559297,SSP585,2080,0.000238624251117869
2330,95.670577758729,32.6572253559297,SSP585,2080,0.00559019791139526
2331,96.5688930428486,32.6572253559297,SSP585,2080,0.321655435334514
2332,97.4672083269681,32.6572253559297,SSP585,2080,0.117629268326502
2333,98.3655236110876,32.6572253559297,SSP585,2080,0.00177817951451686
2334,99.2638388952071,32.6572253559297,SSP585,2080,0.000113902161198665
2335,100.162154179327,32.6572253559297,SSP585,2080,0.0006065696005082
2336,101.060469463446,32.6572253559297,SSP585,2080,0.00186546692227563
2337,101.958784747566,32.6572253559297,SSP585,2080,0.0054443601249814
2338,102.857100031685,32.6572253559297,SSP585,2080,0.00717375246747409
2339,103.755415315805,32.6572253559297,SSP585,2080,0.159702311491841
2340,104.653730599924,32.6572253559297,SSP585,2080,0.925834807817773
2341,105.552045884044,32.6572253559297,SSP585,2080,0.0194358302351993
2342,106.450361168163,32.6572253559297,SSP585,2080,0.00093438683861935
2343,107.348676452283,32.6572253559297,SSP585,2080,0.00736682491857776
2344,108.246991736402,32.6572253559297,SSP585,2080,0.000975151580823397
2345,109.145307020522,32.6572253559297,SSP585,2080,0.000844212465492822
2346,110.043622304641,32.6572253559297,SSP585,2080,0.000249637859921159
2347,110.941937588761,32.6572253559297,SSP585,2080,0.0194922532474561
2348,111.84025287288,32.6572253559297,SSP585,2080,0.00702474295029287
2349,112.738568157,32.6572253559297,SSP585,2080,0.010958582628652
2350,113.636883441119,32.6572253559297,SSP585,2080,0.00291444512442118
2351,114.535198725239,32.6572253559297,SSP585,2080,0.000281928685096799
2352,115.433514009359,32.6572253559297,SSP585,2080,0.00359299383789591
2353,116.331829293478,32.6572253559297,SSP585,2080,0.0107631729794145
2354,117.230144577598,32.6572253559297,SSP585,2080,0.0425572717618541
2355,118.128459861717,32.6572253559297,SSP585,2080,0.043141344642224
2356,119.026775145837,32.6572253559298,SSP585,2080,0.298756787274332
2357,119.925090429956,32.6572253559297,SSP585,2080,0.0423660935883474
2358,120.704558764307,32.606414031906,SSP585,2080,0.073214714102685
2359,121.316815002923,32.3464053235734,SSP585,2080,
2383,78.8602929849942,31.9680059820801,SSP585,2080,4.97020944629778e-05
2384,79.5009026445776,31.897751870965,SSP585,2080,0.000196737795604918
2385,80.3992179286972,31.897751870965,SSP585,2080,8.79615705864367e-05
2386,81.2975332128167,31.897751870965,SSP585,2080,4.12806423750745e-05
2387,82.1958484969362,31.897751870965,SSP585,2080,3.64177630605145e-05
2388,83.0941637810557,31.897751870965,SSP585,2080,2.58783487928627e-05
2389,83.9924790651753,31.897751870965,SSP585,2080,3.03404169216259e-05
2390,84.8907943492948,31.897751870965,SSP585,2080,5.68447672699701e-05
2391,85.7891096334143,31.897751870965,SSP585,2080,4.45878098888075e-05
2392,86.6874249175338,31.897751870965,SSP585,2080,0.000112841721810919
2393,87.5857402016533,31.897751870965,SSP585,2080,0.000100894649178618
2394,88.4840554857729,31.897751870965,SSP585,2080,6.94359566414393e-05
2395,89.3823707698924,31.897751870965,SSP585,2080,0.000119965632822683
2396,90.2806860540119,31.897751870965,SSP585,2080,5.20669205049673e-05
2397,91.1790013381314,31.897751870965,SSP585,2080,0.000108958083891331
2398,92.0773166222509,31.897751870965,SSP585,2080,0.000145761561179736
2399,92.9756319063705,31.897751870965,SSP585,2080,0.000118311047131336
2400,93.87394719049,31.897751870965,SSP585,2080,0.00037182255133017
2401,94.7722624746095,31.897751870965,SSP585,2080,0.00069465153484316
2402,95.670577758729,31.897751870965,SSP585,2080,0.00226465151826527
2403,96.5688930428486,31.897751870965,SSP585,2080,0.21746631418971
2404,97.4672083269681,31.897751870965,SSP585,2080,7.89371204817924e-05
2405,98.3655236110876,31.897751870965,SSP585,2080,0.000131608571111497
2406,99.2638388952071,31.897751870965,SSP585,2080,0.000276033529325037
2407,100.162154179327,31.897751870965,SSP585,2080,0.00157916067645669
2408,101.060469463446,31.897751870965,SSP585,2080,0.000246621161689942
2409,101.958784747566,31.897751870965,SSP585,2080,0.0190311082182443
2410,102.857100031685,31.897751870965,SSP585,2080,0.0120047393884979
2411,103.755415315805,31.897751870965,SSP585,2080,0.0169186448204999
2412,104.653730599924,31.897751870965,SSP585,2080,0.0750823180929779
2413,105.552045884044,31.897751870965,SSP585,2080,0.00843061557912461
2414,106.450361168163,31.897751870965,SSP585,2080,0.000501894462113683
2415,107.348676452283,31.897751870965,SSP585,2080,0.00206902355344063
2416,108.246991736402,31.897751870965,SSP585,2080,0.00108672015684563
2417,109.145307020522,31.897751870965,SSP585,2080,0.000661253970556164
2418,110.043622304641,31.897751870965,SSP585,2080,0.317699233285514
2419,110.941937588761,31.897751870965,SSP585,2080,0.995734422336121
2420,111.84025287288,31.897751870965,SSP585,2080,0.0677748816003736
2421,112.738568157,31.897751870965,SSP585,2080,0.00086999049314973
2422,113.636883441119,31.897751870965,SSP585,2080,0.0609235143486998
2423,114.535198725239,31.897751870965,SSP585,2080,0.882719354167397
2424,115.433514009358,31.897751870965,SSP585,2080,0.00476410149937734
2425,116.331829293478,31.897751870965,SSP585,2080,0.0285049240454708
2426,117.230144577598,31.897751870965,SSP585,2080,0.999991196678798
2427,118.128459861717,31.897751870965,SSP585,2080,0.798628511910041
2428,119.026775145837,31.897751870965,SSP585,2080,1
2429,119.922395539987,31.8973397755042,SSP585,2080,0.999999999985026
2430,120.812489926211,31.9066116065137,SSP585,2080,0.962137759303091
2431,121.533726301119,31.8495223492286,SSP585,2080,0.0280458911266835
2455,78.9536485416294,31.3916622099499,SSP585,2080,6.39668929740545e-05
2456,79.5243009845641,31.2642176928874,SSP585,2080,0.000560312327955836
2457,80.4006590749733,31.1331130681935,SSP585,2080,0.000140833241652039
2458,81.2975332128167,31.1319609966062,SSP585,2080,0.000525230007614286
2459,82.1958484969362,31.1319609966062,SSP585,2080,6.24542286301599e-05
2460,83.0941637810557,31.1319609966062,SSP585,2080,0.000127849315719408
2461,83.9924790651753,31.1319609966062,SSP585,2080,7.20228559120129e-05
2462,84.8907943492948,31.1319609966062,SSP585,2080,7.25928988363211e-05
2463,85.7891096334143,31.1319609966062,SSP585,2080,5.07252022386995e-05
2464,86.6874249175338,31.1319609966062,SSP585,2080,0.000236146921166691
2465,87.5857402016533,31.1319609966062,SSP585,2080,3.37193029548155e-05
2466,88.4840554857729,31.1319609966062,SSP585,2080,3.63124464192177e-05
2467,89.3823707698924,31.1319609966062,SSP585,2080,3.49520658936564e-05
2468,90.2806860540119,31.1319609966062,SSP585,2080,0.000210145426960184
2469,91.1790013381314,31.1319609966062,SSP585,2080,0.00285369601202157
2470,92.077316622251,31.1319609966062,SSP585,2080,0.000309647837042681
2471,92.9756319063705,31.1319609966062,SSP585,2080,6.07331162104652e-05
2472,93.87394719049,31.1319609966062,SSP585,2080,0.000333014217383409
2473,94.7722624746095,31.1319609966062,SSP585,2080,0.000197025571407772
2474,95.670577758729,31.1319609966062,SSP585,2080,0.000717713204921311
2475,96.5688930428486,31.1319609966062,SSP585,2080,0.00116025054321645
2476,97.4672083269681,31.1319609966062,SSP585,2080,0.000148527906957074
2477,98.3655236110876,31.1319609966062,SSP585,2080,0.000112130385042541
2478,99.2638388952071,31.1319609966062,SSP585,2080,0.000226231650620301
2479,100.162154179327,31.1319609966062,SSP585,2080,0.000369727912141182
2480,101.060469463446,31.1319609966062,SSP585,2080,0.000687470032810222
2481,101.958784747566,31.1319609966062,SSP585,2080,0.00103496264162362
2482,102.857100031685,31.1319609966062,SSP585,2080,0.935356236129811
2483,103.755415315805,31.1319609966062,SSP585,2080,0.999998922577583
2484,104.653730599924,31.1319609966062,SSP585,2080,0.960666422135376
2485,105.552045884044,31.1319609966062,SSP585,2080,0.000263406338986028
2486,106.450361168163,31.1319609966062,SSP585,2080,0.00580950757122267
2487,107.348676452283,31.1319609966062,SSP585,2080,0.00846850032498681
2488,108.246991736402,31.1319609966062,SSP585,2080,0.0363480031999968
2489,109.145307020522,31.1319609966062,SSP585,2080,0.00552650246639286
2490,110.043622304641,31.1319609966062,SSP585,2080,0.984157412699251
2491,110.941937588761,31.1319609966062,SSP585,2080,0.745167766732177
2492,111.84025287288,31.1319609966062,SSP585,2080,0.0480495997415671
2493,112.738568157,31.1319609966062,SSP585,2080,0.0928677068331498
2494,113.636883441119,31.1319609966062,SSP585,2080,0.0469587356948857
2495,114.535198725239,31.1319609966062,SSP585,2080,0.99576566360075
2496,115.433514009359,31.1319609966062,SSP585,2080,0.08713613016115
2497,116.331829293478,31.1319609966062,SSP585,2080,0.0477447023647625
2498,117.230144577598,31.1319609966062,SSP585,2080,0.119250832915521
2499,118.128459861717,31.1319609966062,SSP585,2080,0.150254853333525
2500,119.026775145836,31.1319609966061,SSP585,2080,0.395484184966075
2501,119.925090429956,31.1319609966062,SSP585,2080,0.999983633386167
2502,120.823306314776,31.1318771084974,SSP585,2080,1
2503,121.534465366301,31.1003950863884,SSP585,2080,1
2504,122.660193100527,30.8377341745891,SSP585,2080,
2529,80.5290580079123,30.6245470088143,SSP585,2080,9.86962165362426e-05
2530,81.2600458606445,30.493018136216,SSP585,2080,0.00138665483739309
2531,82.272282138723,30.444751404294,SSP585,2080,6.32454395836923e-05
2532,83.0941637810557,30.359938109442,SSP585,2080,0.000105427420699411
2533,83.9924790651753,30.359938109442,SSP585,2080,6.78231373397731e-05
2534,84.8907943492948,30.359938109442,SSP585,2080,2.97943840824599e-05
2535,85.7891096334143,30.359938109442,SSP585,2080,4.5695124267775e-05
2536,86.6874249175338,30.359938109442,SSP585,2080,4.1139674824997e-05
2537,87.5857402016533,30.359938109442,SSP585,2080,4.5350951216494e-05
2538,88.4840554857729,30.359938109442,SSP585,2080,2.2163793415575e-05
2539,89.3823707698924,30.359938109442,SSP585,2080,7.17131518023217e-05
2540,90.2806860540119,30.359938109442,SSP585,2080,0.000156350623341628
2541,91.1790013381314,30.359938109442,SSP585,2080,0.000326612046599339
2542,92.077316622251,30.359938109442,SSP585,2080,0.000165408947209511
2543,92.9756319063705,30.359938109442,SSP585,2080,0.000144963333208903
2544,93.87394719049,30.359938109442,SSP585,2080,0.00564284286563654
2545,94.7722624746095,30.359938109442,SSP585,2080,0.0102927784171621
2546,95.670577758729,30.359938109442,SSP585,2080,0.00108282938458992
2547,96.5688930428485,30.359938109442,SSP585,2080,0.000181176650311921
2548,97.4672083269681,30.359938109442,SSP585,2080,0.000725124372696784
2549,98.3655236110876,30.359938109442,SSP585,2080,0.000123421638939414
2550,99.2638388952071,30.359938109442,SSP585,2080,0.000106376416259213
2551,100.162154179327,30.359938109442,SSP585,2080,0.000858868951855274
2552,101.060469463446,30.359938109442,SSP585,2080,0.0133380133374472
2553,101.958784747566,30.359938109442,SSP585,2080,0.0678004239108192
2554,102.857100031685,30.359938109442,SSP585,2080,0.637225015573146
2555,103.755415315805,30.359938109442,SSP585,2080,1
2556,104.653730599924,30.359938109442,SSP585,2080,0.998131554558096
2557,105.552045884044,30.359938109442,SSP585,2080,0.00883471668449909
2558,106.450361168163,30.359938109442,SSP585,2080,0.00428898738372074
2559,107.348676452283,30.359938109442,SSP585,2080,0.0306562948150625
2560,108.246991736402,30.359938109442,SSP585,2080,0.00445099661339177
2561,109.145307020522,30.359938109442,SSP585,2080,0.038178337963333
2562,110.043622304641,30.359938109442,SSP585,2080,0.00449706736814381
2563,110.941937588761,30.359938109442,SSP585,2080,0.963300757717248
2564,111.84025287288,30.359938109442,SSP585,2080,0.673076245841365
2565,112.738568157,30.359938109442,SSP585,2080,0.0640865371311324
2566,113.636883441119,30.359938109442,SSP585,2080,0.844257019632433
2567,114.535198725239,30.359938109442,SSP585,2080,1
2568,115.433514009359,30.359938109442,SSP585,2080,0.0615587005933741
2569,116.331829293478,30.359938109442,SSP585,2080,0.036355503802321
2570,117.230144577598,30.359938109442,SSP585,2080,0.0813218704149974
2571,118.128459861717,30.359938109442,SSP585,2080,0.371582621489512
2572,119.026775145837,30.359938109442,SSP585,2080,0.998910440100959
2573,119.922323669823,30.3605647242723,SSP585,2080,1
2574,120.77452717431,30.3574019611609,SSP585,2080,
2575,121.639401002142,30.1205790517231,SSP585,2080,
2576,122.305678335048,30.2726493835941,SSP585,2080,
2603,82.6280026972768,29.9375101085613,SSP585,2080,8.83609947016639e-05
2604,83.2042845437638,29.7694639660965,SSP585,2080,0.000122303284006087
2605,83.9991049880704,29.6156110947249,SSP585,2080,0.000127606161719585
2606,84.8907943492948,29.5817737872574,SSP585,2080,0.00016440566009468
2607,85.7891096334143,29.5817737872574,SSP585,2080,0.000213916706731765
2608,86.6874249175338,29.5817737872574,SSP585,2080,6.91733480132628e-05
2609,87.5857402016533,29.5817737872574,SSP585,2080,0.000177810357115948
2610,88.4840554857729,29.5817737872574,SSP585,2080,0.00810231973509634
2611,89.3823707698924,29.5817737872574,SSP585,2080,0.0053055089198113
2612,90.2806860540119,29.5817737872574,SSP585,2080,0.00363989591146918
2613,91.1790013381314,29.5817737872574,SSP585,2080,0.674634520239268
2614,92.077316622251,29.5817737872574,SSP585,2080,0.00556529290188446
2615,92.9756319063705,29.5817737872574,SSP585,2080,0.000362888815193974
2616,93.87394719049,29.5817737872574,SSP585,2080,0.0054706444814896
2617,94.7722624746095,29.5817737872574,SSP585,2080,0.79916173716435
2618,95.670577758729,29.5817737872574,SSP585,2080,0.976181277049227
2619,96.5688930428486,29.5817737872574,SSP585,2080,0.00259645665617314
2620,97.4672083269681,29.5817737872574,SSP585,2080,0.000544045200888688
2621,98.3655236110876,29.5817737872574,SSP585,2080,0.00562172635934077
2622,99.2638388952071,29.5817737872574,SSP585,2080,0.000454935144863278
2623,100.162154179327,29.5817737872574,SSP585,2080,0.00101351881084866
2624,101.060469463446,29.5817737872574,SSP585,2080,0.00280906583283624
2625,101.958784747566,29.5817737872574,SSP585,2080,0.127429850404949
2626,102.857100031685,29.5817737872574,SSP585,2080,0.999999761268035
2627,103.755415315805,29.5817737872574,SSP585,2080,0.223193467455797
2628,104.653730599924,29.5817737872574,SSP585,2080,0.133750581817905
2629,105.552045884044,29.5817737872574,SSP585,2080,0.0578198031543774
2630,106.450361168163,29.5817737872574,SSP585,2080,1
2631,107.348676452283,29.5817737872574,SSP585,2080,0.0178719475834008
2632,108.246991736402,29.5817737872574,SSP585,2080,0.0085540949994779
2633,109.145307020522,29.5817737872574,SSP585,2080,0.00623941727792698
2634,110.043622304641,29.5817737872574,SSP585,2080,0.0900640826400788
2635,110.941937588761,29.5817737872574,SSP585,2080,0.715770441236031
2636,111.84025287288,29.5817737872574,SSP585,2080,0.519833314342652
2637,112.738568157,29.5817737872574,SSP585,2080,0.481008153471024
2638,113.636883441119,29.5817737872574,SSP585,2080,0.0212927338168269
2639,114.535198725239,29.5817737872574,SSP585,2080,0.0153932803842822
2640,115.433514009359,29.5817737872574,SSP585,2080,0.24639948848127
2641,116.331829293478,29.5817737872574,SSP585,2080,0.318344411548682
2642,117.230144577598,29.5817737872574,SSP585,2080,0.0610511639294035
2643,118.128459861717,29.5817737872574,SSP585,2080,0.999536227158292
2644,119.026775145837,29.5817737872574,SSP585,2080,0.277120743668973
2645,119.925090429956,29.5817737872574,SSP585,2080,0.50824295064365
2646,120.823405714076,29.5817737872574,SSP585,2080,0.581246033435498
2647,121.603046556683,29.5997257634977,SSP585,2080,0.839532014571491
2648,122.281324351433,29.842985990063,SSP585,2080,
2677,84.3429806097434,29.0529250558093,SSP585,2080,0.00021273688704837
2678,84.9441195618522,28.900901289775,SSP585,2080,0.0238117820489849
2679,85.7891096334143,28.7975638405778,SSP585,2080,0.02573838135134
2680,86.6874249175338,28.7975638405778,SSP585,2080,0.00521552192966412
2681,87.5857402016533,28.7975638405778,SSP585,2080,0.00182173411384923
2682,88.4840554857729,28.7975638405778,SSP585,2080,0.000237140061835395
2683,89.3823707698924,28.7975638405778,SSP585,2080,0.000401199956055587
2684,90.2806860540119,28.7975638405778,SSP585,2080,0.0145804438905532
2685,91.1790013381314,28.7975638405778,SSP585,2080,0.00140057342877098
2686,92.077316622251,28.7975638405778,SSP585,2080,0.0067960762228183
2687,92.9756319063705,28.7975638405778,SSP585,2080,0.00109526822254902
2688,93.87394719049,28.7975638405778,SSP585,2080,0.00116191038292979
2689,94.7722624746095,28.7975638405778,SSP585,2080,0.000552085900240584
2690,95.670577758729,28.7975638405778,SSP585,2080,0.000210627730529822
2691,96.5688930428486,28.7975638405778,SSP585,2080,0.000288534200241775
2692,97.4611744775053,28.8095677415172,SSP585,2080,0.00106394159858259
2693,98.3655236110876,28.7975638405778,SSP585,2080,0.00283013721279757
2694,99.2638388952071,28.7975638405778,SSP585,2080,0.00153350063178914
2695,100.162154179327,28.7975638405778,SSP585,2080,0.0130107609286267
2696,101.060469463446,28.7975638405778,SSP585,2080,0.00035208167545675
2697,101.958784747566,28.7975638405778,SSP585,2080,0.0014683077736799
2698,102.857100031685,28.7975638405778,SSP585,2080,0.00254898035425366
2699,103.755415315805,28.7975638405778,SSP585,2080,0.11000916060891
2700,104.653730599924,28.7975638405778,SSP585,2080,0.0406562608751654
2701,105.552045884044,28.7975638405778,SSP585,2080,0.0728375596664539
2702,106.450361168163,28.7975638405778,SSP585,2080,0.174903783295779
2703,107.348676452283,28.7975638405778,SSP585,2080,0.0758717844075643
2704,108.246991736402,28.7975638405778,SSP585,2080,0.000847248230593123
2705,109.145307020522,28.7975638405778,SSP585,2080,0.00532495325742177
2706,110.043622304641,28.7975638405778,SSP585,2080,0.0651453069360993
2707,110.941937588761,28.7975638405778,SSP585,2080,0.0324337179090108
2708,111.84025287288,28.7975638405778,SSP585,2080,0.0418352179837438
2709,112.738568157,28.7975638405778,SSP585,2080,0.353273401616341
2710,113.636883441119,28.7975638405778,SSP585,2080,0.00738168853038801
2711,114.535198725239,28.7975638405778,SSP585,2080,0.0255767629144542
2712,115.433514009358,28.7975638405778,SSP585,2080,0.993830298732848
2713,116.331829293478,28.7975638405778,SSP585,2080,0.999999996536854
2714,117.230144577598,28.7975638405778,SSP585,2080,0.000926321812072195
2715,118.128459861717,28.7975638405778,SSP585,2080,0.663573265242168
2716,119.026775145837,28.7975638405778,SSP585,2080,0.781661247194034
2717,119.925090429956,28.7975638405778,SSP585,2080,0.99473428391366
2718,120.823405714076,28.7975638405778,SSP585,2080,0.890975173262792
2719,121.456467798715,28.8198556761205,SSP585,2080,0.212205162152764
2750,85.2677621739188,28.3795009016026,SSP585,2080,0.042101686629258
2751,85.951318224197,28.2515882288631,SSP585,2080,0.0374496081876534
2752,86.6908066449762,28.2070518418809,SSP585,2080,0.00261239143470526
2753,87.5750832987249,28.1394880788429,SSP585,2080,0.00685277496060499
2754,88.4791167905161,28.1733948054688,SSP585,2080,0.000929118967890163
2755,89.2531087399051,28.1052975903994,SSP585,2080,0.0028595690799974
2756,90.3407867191068,28.2769646691795,SSP585,2080,0.000502582249185868
2757,91.1929724321617,28.194285906939,SSP585,2080,0.0347251917992441
2758,92.0787371513601,28.0083311071685,SSP585,2080,0.0832754929620372
2759,92.9756319063705,28.0074093357378,SSP585,2080,0.000287539943602755
2760,93.87394719049,28.0074093357378,SSP585,2080,0.000272947748502173
2761,94.7321674667976,28.0614279812259,SSP585,2080,0.000355938655726695
2762,95.5837338655716,28.2753654913653,SSP585,2080,0.000300343167099815
2763,96.6525614962135,28.2130506523232,SSP585,2080,0.000234951253411664
2764,97.2256778531727,28.1449381212459,SSP585,2080,0.000238799742751095
2765,98.4718095257053,28.0515310005048,SSP585,2080,0.00674648256060084
2766,99.2638388952071,28.0074093357378,SSP585,2080,0.0520420153491852
2767,100.162154179327,28.0074093357378,SSP585,2080,0.00546868789701527
2768,101.060469463446,28.0074093357378,SSP585,2080,0.00675243099152245
2769,101.958784747566,28.0074093357378,SSP585,2080,0.0481915516614478
2770,102.857100031685,28.0074093357378,SSP585,2080,0.000410040512488052
2771,103.755415315805,28.0074093357378,SSP585,2080,5.38878101759011e-05
2772,104.653730599924,28.0074093357378,SSP585,2080,0.000227259273970049
2773,105.552045884044,28.0074093357378,SSP585,2080,0.00451386811888543
2774,106.450361168163,28.0074093357378,SSP585,2080,0.00452369817837384
2775,107.348676452283,28.0074093357378,SSP585,2080,0.309717049924327
2776,108.246991736402,28.0074093357378,SSP585,2080,0.00696224922325972
2777,109.145307020522,28.0074093357378,SSP585,2080,0.0066721555129049
2778,110.043622304641,28.0074093357378,SSP585,2080,0.03545191258328
2779,110.941937588761,28.0074093357378,SSP585,2080,0.00345736654226991
2780,111.84025287288,28.0074093357378,SSP585,2080,0.013675878481528
2781,112.738568157,28.0074093357378,SSP585,2080,1
2782,113.636883441119,28.0074093357378,SSP585,2080,0.369341176769248
2783,114.535198725239,28.0074093357378,SSP585,2080,0.0143092528970515
2784,115.433514009358,28.0074093357378,SSP585,2080,0.00402445662271256
2785,116.331829293478,28.0074093357378,SSP585,2080,0.0515296671329228
2786,117.230144577598,28.0074093357378,SSP585,2080,0.0492527401718698
2787,118.128459861717,28.0074093357378,SSP585,2080,0.390348452220447
2788,119.026775145837,28.0074093357378,SSP585,2080,0.835051021678703
2789,119.925090429956,28.0074093357378,SSP585,2080,0.91177264012442
2790,120.710954697087,28.085676170264,SSP585,2080,0.975857233928933
2791,121.399924172141,28.3033034093586,SSP585,2080,
2799,128.726766097212,27.6525708840276,SSP585,2080,
2826,88.8777301058324,27.5170886065542,SSP585,2080,0.00684290520441733
2827,89.0443904318711,27.4652747864857,SSP585,2080,0.000558054407861497
2830,92.2493205344729,27.3016511754727,SSP585,2080,0.000353002511403244
2831,92.9813592120786,27.2665790729466,SSP585,2080,0.00038780886374401
2832,93.7259154437825,27.333528957722,SSP585,2080,0.000439638702736778
2833,94.3856358938791,27.6080097806127,SSP585,2080,0.000370584658357487
2837,98.7344411122203,27.315860917647,SSP585,2080,0.000249556049701671
2838,99.2638388952071,27.2114166090938,SSP585,2080,0.00404078944303621
2839,100.162154179327,27.2114166090938,SSP585,2080,0.0421074535736367
2840,101.060469463446,27.2114166090938,SSP585,2080,0.00216500586567892
2841,101.958784747566,27.2114166090938,SSP585,2080,0.00334788923062224
2842,102.857100031685,27.2114166090938,SSP585,2080,0.00222550025344515
2843,103.755415315805,27.2114166090938,SSP585,2080,0.000632493566872228
2844,104.653730599924,27.2114166090938,SSP585,2080,0.0186610450301427
2845,105.552045884044,27.2114166090938,SSP585,2080,0.0740640773691842
2846,106.450361168163,27.2114166090938,SSP585,2080,0.00618515830255273
2847,107.348676452283,27.2114166090938,SSP585,2080,0.00149503612011048
2848,108.246991736402,27.2114166090938,SSP585,2080,0.00219456058039735
2849,109.145307020522,27.2114166090938,SSP585,2080,0.000407462850608553
2850,110.043622304641,27.2114166090938,SSP585,2080,0.149616039528297
2851,110.941937588761,27.2114166090938,SSP585,2080,0.0145156083172118
2852,111.84025287288,27.2114166090938,SSP585,2080,0.0198271194511379
2853,112.738568157,27.2114166090938,SSP585,2080,0.113246799334479
2854,113.636883441119,27.2114166090938,SSP585,2080,0.0020330919477406
2855,114.535198725239,27.2114166090938,SSP585,2080,0.0195991212258648
2856,115.433514009358,27.2114166090938,SSP585,2080,0.00921244814116162
2857,116.331829293478,27.2114166090938,SSP585,2080,0.000603267523035966
2858,117.230144577598,27.2114166090938,SSP585,2080,0.297585925167542
2859,118.128459861717,27.2114166090938,SSP585,2080,0.0283538884130344
2860,119.026775145837,27.2114166090938,SSP585,2080,0.0125877176342396
2861,119.898158829137,27.2338219897156,SSP585,2080,0.400033827722876
2862,120.491081450656,27.409030065604,SSP585,2080,0.0453286913293228
2909,98.7482628837472,26.2497822361461,SSP585,2080,0.00022764887761173
2910,99.2638388952071,26.4096972720129,SSP585,2080,0.00601471960064071
2911,100.162154179327,26.4096972720129,SSP585,2080,0.0218482543001454
2912,101.060469463446,26.4096972720129,SSP585,2080,0.00125067133093504
2913,101.958784747566,26.4096972720129,SSP585,2080,0.0288216030310304
2914,102.857100031685,26.4096972720129,SSP585,2080,0.00187313954211743
2915,103.755415315805,26.4096972720129,SSP585,2080,0.00017703427512783
2916,104.653730599924,26.4096972720129,SSP585,2080,0.00725260941632333
2917,105.552045884044,26.4096972720129,SSP585,2080,0.00330086245266692
2918,106.450361168163,26.4096972720129,SSP585,2080,0.973232196272032
2919,107.348676452283,26.4096972720129,SSP585,2080,0.00530309197039103
2920,108.246991736402,26.4096972720129,SSP585,2080,0.0158767663000883
2921,109.145307020522,26.4096972720129,SSP585,2080,0.000767044497500646
2922,110.043622304641,26.4096972720129,SSP585,2080,0.00311085760217311
2923,110.941937588761,26.4096972720129,SSP585,2080,0.00856685731253593
2924,111.84025287288,26.4096972720129,SSP585,2080,0.0209080571828335
2925,112.738568157,26.4096972720129,SSP585,2080,0.0404194374864508
2926,113.636883441119,26.4096972720129,SSP585,2080,0.00334272986630702
2927,114.535198725239,26.4096972720129,SSP585,2080,0.00539688510776559
2928,115.433514009358,26.4096972720129,SSP585,2080,0.000600092210260361
2929,116.331829293478,26.4096972720129,SSP585,2080,0.0175278493751471
2930,117.230144577598,26.4096972720129,SSP585,2080,0.550641905496509
2931,118.128459861717,26.4096972720129,SSP585,2080,0.109309329741798
2932,119.026775145837,26.4096972720129,SSP585,2080,1
2933,119.699784372173,26.4770996501751,SSP585,2080,
2980,97.8867117416,25.2265235360335,SSP585,2080,0.000255485974526404
2981,98.5007709162612,25.4824941548273,SSP585,2080,0.274140415206091
2982,99.2638388952071,25.6023682062936,SSP585,2080,0.00963329917112354
2983,100.162154179327,25.6023682062936,SSP585,2080,0.209548918364064
2984,101.060469463446,25.6023682062936,SSP585,2080,0.000248727656598224
2985,101.958784747566,25.6023682062936,SSP585,2080,0.000173147818639419
2986,102.857100031685,25.6023682062936,SSP585,2080,0.00460275513563502
2987,103.755415315805,25.6023682062935,SSP585,2080,9.48905694450053e-05
2988,104.653730599924,25.6023682062936,SSP585,2080,0.000510070235017701
2989,105.552045884044,25.6023682062936,SSP585,2080,0.015924135698754
2990,106.450361168163,25.6023682062936,SSP585,2080,0.00103279772689668
2991,107.348676452283,25.6023682062936,SSP585,2080,0.020188794205664
2992,108.246991736402,25.6023682062936,SSP585,2080,0.0110651259884057
2993,109.145307020522,25.6023682062936,SSP585,2080,0.00263285391360912
2994,110.043622304641,25.6023682062936,SSP585,2080,0.138819539653748
2995,110.941937588761,25.6023682062936,SSP585,2080,0.0154714596990899
2996,111.84025287288,25.6023682062935,SSP585,2080,0.00982996179283846
2997,112.738568157,25.6023682062935,SSP585,2080,0.0306624761063448
2998,113.636883441119,25.6023682062936,SSP585,2080,0.00386132982688492
2999,114.535198725239,25.6023682062935,SSP585,2080,0.18956296311658
3000,115.433514009358,25.6023682062936,SSP585,2080,0.0301010393718657
3001,116.331829293478,25.6023682062935,SSP585,2080,0.00458382067927532
3002,117.230144577598,25.6023682062936,SSP585,2080,0.064343695198797
3003,118.128459861717,25.6023682062935,SSP585,2080,0.0553953615194484
3004,118.992956620772,25.631577071702,SSP585,2080,0.546283013554788
3005,119.619873555739,25.6797528327445,SSP585,2080,
3007,121.578657861701,25.2596176961329,SSP585,2080,
3052,97.7879505796289,24.7194255762163,SSP585,2080,0.207136129654583
3053,98.3655236110876,24.7895515496951,SSP585,2080,0.215485863176355
3054,99.2638388952071,24.7895515496951,SSP585,2080,0.0218772223066486
3055,100.162154179327,24.7895515496951,SSP585,2080,0.00669866874303915
3056,101.060469463446,24.7895515496951,SSP585,2080,0.0266406407867738
3057,101.958784747566,24.7895515496951,SSP585,2080,0.00132473611353312
3058,102.857100031685,24.7895515496951,SSP585,2080,0.337515922197491
3059,103.755415315805,24.7895515496951,SSP585,2080,0.00029484408798619
3060,104.653730599924,24.7895515496952,SSP585,2080,0.0149067505848961
3061,105.552045884044,24.7895515496952,SSP585,2080,0.00204187718698445
3062,106.450361168163,24.7895515496952,SSP585,2080,0.00354779965435614
3063,107.348676452283,24.7895515496951,SSP585,2080,0.000207385684481531
3064,108.246991736402,24.7895515496951,SSP585,2080,0.00292103313288838
3065,109.145307020522,24.7895515496951,SSP585,2080,0.00607953944617923
3066,110.043622304641,24.7895515496951,SSP585,2080,0.0284141265761414
3067,110.941937588761,24.7895515496952,SSP585,2080,0.0222026657121299
3068,111.84025287288,24.7895515496952,SSP585,2080,0.00519921489652353
3069,112.738568157,24.7895515496951,SSP585,2080,0.230801786648402
3070,113.636883441119,24.7895515496951,SSP585,2080,0.0300900911304752
3071,114.535198725239,24.7895515496951,SSP585,2080,0.0247022614722827
3072,115.433514009359,24.7895515496952,SSP585,2080,0.000308503264323523
3073,116.331829293478,24.7895515496951,SSP585,2080,0.019549488824364
3074,117.230144577598,24.7895515496951,SSP585,2080,0.0531900085205457
3075,118.103685005399,24.8335919626298,SSP585,2080,0.999999999005622
3076,118.770018251412,24.9604093153143,SSP585,2080,0.369473760218223
3077,119.529875381744,25.1645582018131,SSP585,2080,
3078,121.03556563845,24.6611293921698,SSP585,2080,0.00121496567224011
3079,121.56864199819,24.7835886413952,SSP585,2080,0.0329542220837563
3124,97.7970304358934,24.1256640633575,SSP585,2080,0.0227434727890816
3125,98.3749712442988,24.2095109068584,SSP585,2080,0.0108693615613774
3126,99.2743437523302,23.9744891188441,SSP585,2080,0.000253453414849836
3127,100.162154179327,23.9713746712774,SSP585,2080,0.000374380467577984
3128,101.060469463446,23.9713746712774,SSP585,2080,0.000192359014655308
3129,101.958784747566,23.9713746712774,SSP585,2080,0.00101539558498021
3130,102.857100031685,23.9713746712774,SSP585,2080,0.00102059523261233
3131,103.755415315805,23.9713746712774,SSP585,2080,0.00174065101530929
3132,104.653730599924,23.9713746712774,SSP585,2080,9.48099934742208e-05
3133,105.552045884044,23.9713746712774,SSP585,2080,0.000188336168640002
3134,106.450361168163,23.9713746712774,SSP585,2080,0.859903631336361
3135,107.348676452283,23.9713746712774,SSP585,2080,0.000129381523732541
3136,108.246991736402,23.9713746712774,SSP585,2080,0.000315460341042795
3137,109.145307020522,23.9713746712774,SSP585,2080,0.0641240857420921
3138,110.043622304641,23.9713746712774,SSP585,2080,0.019933266638137
3139,110.941937588761,23.9713746712774,SSP585,2080,0.00880704524471332
3140,111.84025287288,23.9713746712774,SSP585,2080,0.000668121024356871
3141,112.738568157,23.9713746712774,SSP585,2080,0.0202231558751818
3142,113.636883441119,23.9713746712774,SSP585,2080,0.310771193352644
3143,114.535198725239,23.9713746712774,SSP585,2080,0.00234655254661531
3144,115.433514009358,23.9713746712774,SSP585,2080,0.00191704346151844
3145,116.331829293478,23.9713746712774,SSP585,2080,0.0273159447711178
3146,117.191222728809,24.0222770833957,SSP585,2080,0.0566273903698357
3147,117.854883905339,24.2148744488918,SSP585,2080,0.00858778774484503
3149,120.221854614265,23.7097940313673,SSP585,2080,0.000252050840049867
3150,120.846137945521,23.9540851768199,SSP585,2080,0.0315007046038956
3151,121.458705062506,24.0222293246619,SSP585,2080,0.00162008549061887
3198,99.3818928735171,23.2595074386355,SSP585,2080,0.000345499484685985
3199,100.162154179327,23.1479701362804,SSP585,2080,0.000196004988305631
3200,101.060469463446,23.1479701362804,SSP585,2080,0.00508255531236623
3201,101.958784747566,23.1479701362804,SSP585,2080,0.000200847752322764
3202,102.859068188151,23.150331696772,SSP585,2080,0.000347458424652225
3203,103.752939554375,23.1591812276401,SSP585,2080,0.00482098444109746
3204,104.592306121855,23.2181102359245,SSP585,2080,0.000629114799642228
3205,105.637298913065,23.3359235141008,SSP585,2080,0.269614363354285
3206,106.475548226612,23.2271455875199,SSP585,2080,0.0244993779004583
3207,107.348676452283,23.1479701362804,SSP585,2080,0.00485849291199358
3208,108.246991736402,23.1479701362804,SSP585,2080,0.993160812515161
3209,109.145307020522,23.1479701362804,SSP585,2080,0.00451129970322883
3210,110.043622304641,23.1479701362804,SSP585,2080,0.0249895187477173
3211,110.941937588761,23.1479701362804,SSP585,2080,0.0333739668826804
3212,111.84025287288,23.1479701362804,SSP585,2080,0.00248196198231154
3213,112.738568157,23.1479701362804,SSP585,2080,0.663206850197355
3214,113.639285778782,23.1590943187585,SSP585,2080,1
3215,114.531984510007,23.153014596904,SSP585,2080,0.168003596570097
3216,115.427598084043,23.1823728619401,SSP585,2080,0.0159353269828011
3217,116.261286891506,23.2582140647182,SSP585,2080,0.028409384663563
3218,116.927027748067,23.4499778619798,SSP585,2080,
3221,120.221142954146,23.1791573865647,SSP585,2080,0.00749953387008728
3222,120.816755431211,23.153579391231,SSP585,2080,0.00251523911695961
3223,121.363353115256,23.3288688416662,SSP585,2080,
3270,99.5091895514656,22.394686521223,SSP585,2080,0.000663362734878659
3271,100.182410647923,22.3419400992303,SSP585,2080,0.00464569233665291
3272,101.060469463446,22.3194756603065,SSP585,2080,0.385876554112954
3273,101.851914570071,22.4999659332882,SSP585,2080,0.00107193627925606
3274,102.999812049618,22.6383656852558,SSP585,2080,0.000125512858533572
3275,103.828465415847,22.6606829913289,SSP585,2080,0.000159866621377569
3276,104.348950652664,22.722767091343,SSP585,2080,0.00010724984551802
3278,106.782247985507,22.3665776705727,SSP585,2080,0.052970161908533
3279,107.351531787224,22.3223862660348,SSP585,2080,0.929216728131398
3280,108.246922741308,22.3195653703174,SSP585,2080,0.295041729919154
3281,109.145307020522,22.3194756603065,SSP585,2080,0.0013469081681351
3282,110.043622304641,22.3194756603066,SSP585,2080,0.00374470991705067
3283,110.941937588761,22.3194756603065,SSP585,2080,0.00218308108450849
3284,111.84025287288,22.3194756603065,SSP585,2080,0.00255991489890228
3285,112.717104645741,22.3404322989481,SSP585,2080,0.0703546860892371
3286,113.537399181204,22.4349843153421,SSP585,2080,
3287,114.380911550424,22.552377428192,SSP585,2080,
3288,115.378089459572,22.7124266281378,SSP585,2080,0.000159221318501657
3293,120.320820294217,22.6300187239725,SSP585,2080,
3294,120.721261472319,22.4464503673936,SSP585,2080,0.00173475597911166
3343,100.335027314396,21.7203143463617,SSP585,2080,0.000491931217986408
3344,101.136271136014,21.6540831738014,SSP585,2080,0.0458789208417501
3345,101.651772131567,21.5469262642757,SSP585,2080,0.0141139861601252
3351,107.467093467528,21.789247955818,SSP585,2080,0.000168122261503645
3352,108.198178205548,21.7478314066419,SSP585,2080,0.0316522897553948
3353,109.196132495051,21.7053203815841,SSP585,2080,0.889710833252827
3354,110.082218872487,21.5190952770571,SSP585,2080,0.0987534395111618
3355,110.890736285408,21.6254148846067,SSP585,2080,0.0160420908116683
3356,111.74892674324,21.7484658164556,SSP585,2080,0.0147127660513641
3357,112.584667823715,21.7827317191694,SSP585,2080,
3366,120.843290592731,21.8933460897806,SSP585,2080,
3425,109.062996181376,21.0234111459488,SSP585,2080,
3426,110.092605600305,20.6701691550561,SSP585,2080,0.026720979580196
3497,109.324446468178,19.5856226832613,SSP585,2080,0.328288448758012
3498,110.0563915473,19.6851951804218,SSP585,2080,0.394307603922429
3499,110.734580573795,19.7239358643008,SSP585,2080,0.110859623463787
3568,108.676978172325,19.0248936490551,SSP585,2080,0.0831690934875219
3569,109.149109458957,18.9566394088086,SSP585,2080,0.935677843273835
3570,110.030552654776,18.9722941595042,SSP585,2080,0.421435348327383
3571,110.573927534664,19.1556759733639,SSP585,2080,
3641,109.256091828207,18.4105060800407,SSP585,2080,0.258867005405378
3642,109.813775472095,18.409118131092,SSP585,2080,
