unit,lon,lat,ssp,year,hazard
PREF_0001,116.41228426717,40.18554306975,Current,2024,0.0303908367506126
PREF_0002,117.334038439083,39.2934261784069,Current,2024,0.0332982105414112
PREF_0003,114.439869046953,38.1312704711954,Current,2024,0.0306580621034261
PREF_0004,118.335893338026,39.721237129033,Current,2024,0.0337174142397829
PREF_0005,119.18504322806,40.0879714867578,Current,2024,0.0289194755966206
PREF_0006,114.542071716664,36.5529972394931,Current,2024,0.0278522598005991
PREF_0007,114.815897649124,37.2126414474834,Current,2024,0.0272738853195781
PREF_0008,115.170561809715,39.0212666741669,Current,2024,0.0315816632480572
PREF_0009,115.032446780788,40.8651179626447,Current,2024,0.0331949660809525
PREF_0010,117.548592960558,41.3476139006133,Current,2024,0.029174521346787
PREF_0011,116.753295617347,38.2667749970675,Current,2024,0.0218332618394037
PREF_0012,116.628047536647,39.2592148177462,Current,2024,0.0288878575502073
PREF_0013,115.823192787472,37.7625466130914,Current,2024,0.0146875719575214
PREF_0014,112.316082717194,37.959207330532,Current,2024,0.0305429369495537
PREF_0015,113.722311327971,39.8994625456914,Current,2024,0.0229684685891112
PREF_0016,113.498951100883,38.0635408679591,Current,2024,0.0285626968589241
PREF_0017,112.916777736781,36.4752960616079,Current,2024,0.0290672972723003
PREF_0018,112.707634484679,35.6106436714664,Current,2024,0.028497181965001
PREF_0019,112.641470912658,39.6172750013344,Current,2024,0.0267635506791163
PREF_0020,112.963178418287,37.3273359357114,Current,2024,0.0290404722163575
PREF_0021,111.063414501381,35.1866054090188,Current,2024,0.0303383518368842
PREF_0022,112.407411408649,38.881868940379,Current,2024,0.0298163752944213
PREF_0023,111.376944525406,36.2269282788253,Current,2024,0.0335065901105236
PREF_0024,111.263177184034,37.6784859107261,Current,2024,0.0273944772599319
PREF_0025,111.498141174348,40.5905792558338,Current,2024,0.0304429408872934
PREF_0026,110.256725283458,41.5509244549057,Current,2024,0.0616922718891496
PREF_0027,106.869226668268,39.4264852418261,Current,2024,0.0323979369304646
PREF_0028,118.871463718702,43.2215046345057,Current,2024,0.024557774298452
PREF_0029,121.570346028635,43.8159763824953,Current,2024,0.0214196615355935
PREF_0030,108.629234003992,39.4115750031708,Current,2024,0.0326704129367069
PREF_0031,121.19659210836,49.6614008345483,Current,2024,0.0305905927655503
PREF_0032,107.564831321024,41.4454323777836,Current,2024,0.0430401986635641
PREF_0033,112.443637083244,41.6818240218822,Current,2024,0.034890896530315
PREF_0034,121.336362650093,46.2252751297965,Current,2024,0.0337233053159527
PREF_0035,115.482393740881,44.1928695824004,Current,2024,0.0341154518966816
PREF_0036,102.447745283343,40.4974270881128,Current,2024,0.0302541726332689
PREF_0037,125.565936095502,40.6862713036231,Current,2024,0.0203297717937277
PREF_0038,123.137626299845,42.0939586473418,Current,2024,0.0304257453360888
PREF_0039,122.205323620304,39.5949540576238,Current,2024,0.0302828356813908
PREF_0040,123.011927242468,40.7139411863433,Current,2024,0.0317758600971606
PREF_0041,124.655739092978,41.8338385020899,Current,2024,0.0315628493297147
PREF_0042,124.569508663334,41.2285187216001,Current,2024,0.0167064095846402
PREF_0043,124.39803570562,40.5435782159099,Current,2024,0.0279198603078175
PREF_0044,121.614664282512,41.4630033296608,Current,2024,0.0303432025707932
PREF_0045,122.463826467916,40.3912799052404,Current,2024,0.0181551182926936
PREF_0046,121.955300047318,42.2792591285283,Current,2024,0.0300611898935446
PREF_0047,123.246473918431,41.1806799239703,Current,2024,0.0224043751342556
PREF_0048,121.999956338949,41.0775196761948,Current,2024,0.0303322361357794
PREF_0049,124.170649974772,42.6439464142152,Current,2024,0.0320734141961436
PREF_0050,120.015192643785,41.5112614252467,Current,2024,0.0301539813513134
PREF_0051,120.198412871611,40.6244485793518,Current,2024,0.0251873270625319
PREF_0052,125.767138904235,44.383844316748,Current,2024,0.0313018445563172
PREF_0053,126.843313105594,43.579780227955,Current,2024,0.0301086536613772
PREF_0054,124.467586594304,43.5707196443035,Current,2024,0.0356292829299543
PREF_0055,125.305555415586,42.8109020657527,Current,2024,0.0292487057412373
PREF_0056,125.94939040737,41.9556271070022,Current,2024,0.0331671383543786
PREF_0057,127.285140798257,42.0690338602398,Current,2024,0.0309699750360779
PREF_0058,124.475794410416,44.8009885538836,Current,2024,0.0321986384940748
PREF_0059,123.011895585646,45.3464495658839,Current,2024,0.0326668399430339
PREF_0060,129.123716698607,43.1419306829455,Current,2024,0.0306523071519187
PREF_0061,127.957475301674,45.6372933666836,Current,2024,0.0334845347102707
PREF_0062,124.545858548084,47.6998644899573,Current,2024,0.0367046345244152
PREF_0063,132.286221814204,45.6296122059588,Current,2024,0.0168386397998003
PREF_0064,130.79895397606,47.6388826442854,Current,2024,0.0446288388342834
PREF_0065,132.542684595686,46.6797924930002,Current,2024,0.0312296848042899
PREF_0066,124.699639357736,46.3468595798758,Current,2024,0.0329173005068031
PREF_0067,129.211501257341,47.8118250342385,Current,2024,0.0387564392676832
PREF_0068,132.259830962042,47.2672022437473,Current,2024,0.0322278670912081
PREF_0069,130.97359636323,45.9113972452748,Current,2024,0.0175378449306023
PREF_0070,129.888084713383,44.5962715724084,Current,2024,0.0177763116607177
PREF_0071,126.98590236696,49.2632238393858,Current,2024,0.0403861468152051
PREF_0072,126.645484892872,46.8934872676214,Current,2024,0.0461456292683729
PREF_0073,124.203632357947,52.3257719934708,Current,2024,0.0364001718653628
PREF_0074,121.469065179995,31.2400932603511,Current,2024,0.0358143839000648
PREF_0075,118.842533247822,31.9276363127488,Current,2024,0.0315950210680175
PREF_0076,120.075821213349,31.5263797043919,Current,2024,0.0319838785805482
PREF_0077,117.516635621497,34.3560882655161,Current,2024,0.0304819481987895
PREF_0078,119.637182577956,31.6253407214956,Current,2024,0.0311153268085065
PREF_0079,120.651600617082,31.3813326257149,Current,2024,0.0330522784642133
PREF_0080,121.021757383171,32.1859920652549,Current,2024,0.0335932982209261
PREF_0081,119.133600164008,34.5332041344831,Current,2024,0.0295835982507654
PREF_0082,118.963773723171,33.352905441794,Current,2024,0.0308873448432873
PREF_0083,120.182941259759,33.5090424499879,Current,2024,0.0286803418305042
PREF_0084,119.474172338863,32.7381748613515,Current,2024,0.0344889119297024
PREF_0085,119.453646392655,32.0166610377772,Current,2024,0.029027736302824
PREF_0086,120.056706940147,32.5713559147387,Current,2024,0.0361383489169821
PREF_0087,118.520188650619,33.7841542803303,Current,2024,0.0345941531921414
PREF_0088,119.470025342718,29.900285085159,Current,2024,0.0335008875133587
PREF_0089,121.460669165808,29.7424311496461,Current,2024,0.0316748881376069
PREF_0090,120.440431736298,27.9037166774901,Current,2024,0.0305302732781672
PREF_0091,120.803418395142,30.6165430813739,Current,2024,0.0322641340432858
PREF_0092,119.868729351977,30.7443515893504,Current,2024,0.0304691075508126
PREF_0093,120.636482898016,29.7351557799873,Current,2024,0.0305574561209804
PREF_0094,119.952132815189,29.1182566499995,Current,2024,0.0304222189251546
PREF_0095,118.674656457155,28.9345116941443,Current,2024,0.0294682165987177
PREF_0096,122.1858465645,30.094795665055,Current,2024,0.0300152271433726
PREF_0097,121.110784250137,28.7726851220614,Current,2024,0.0311202734845933
PREF_0098,119.511749600323,28.1993431788513,Current,2024,0.0324085121761996
PREF_0099,117.35580112481,31.763442092308,Current,2024,0.0301146955148869
PREF_0100,118.134645665742,31.1626738515048,Current,2024,0.0315527291693752
PREF_0101,117.325387506481,33.1085742062566,Current,2024,0.0459839716736351
PREF_0102,116.768425082043,32.4720014752,Current,2024,0.033427435138582
PREF_0103,118.365129022456,31.6370014190239,Current,2024,0.0311113878956224
PREF_0104,116.743475421296,33.7265585515633,Current,2024,0.0464452583097754
PREF_0105,117.556068147381,30.8841774126909,Current,2024,0.0323344317505341
PREF_0106,116.486727856145,30.5760492508359,Current,2024,0.0348814389970678
PREF_0107,118.071057832693,29.9066407089699,Current,2024,0.0305287662975644
PREF_0108,118.102551296158,32.5441558226879,Current,2024,0.0304070575585297
PREF_0109,115.703800824132,32.9173385608118,Current,2024,0.0352815971224164
PREF_0110,117.210821682996,33.8586764858289,Current,2024,0.0314855479247949
PREF_0111,116.229729649121,31.6600037112846,Current,2024,0.0317496880267788
PREF_0112,116.180668765281,33.4354585784111,Current,2024,0.0480640579266596
PREF_0113,117.365628813809,30.2837713476417,Current,2024,0.0314512922192898
PREF_0114,118.8522388918,30.6862406240494,Current,2024,0.0311794418520254
PREF_0115,119.180295391907,26.0497041797646,Current,2024,0.0484548296396031
PREF_0116,118.115775148551,24.6765311488191,Current,2024,0.0325348387824798
PREF_0117,118.889519919092,25.4508565510371,Current,2024,0.0291451989079305
PREF_0118,117.395920725057,26.2986789881343,Current,2024,0.0327397518354348
PREF_0119,118.257295817303,25.2001281731827,Current,2024,0.0300927009550609
PREF_0120,117.442971020029,24.3664148600507,Current,2024,0.0301260027748379
PREF_0121,118.142126484301,27.3390188826295,Current,2024,0.0247131113466156
PREF_0122,116.738691781547,25.2928390378304,Current,2024,0.0259076642864188
PREF_0123,119.473420606052,26.9749352500293,Current,2024,0.0278548265276362
PREF_0124,116.019035787737,28.6493141932215,Current,2024,0.0288580140876994
PREF_0125,117.269958487373,29.3072781509948,Current,2024,0.0295936613394027
PREF_0126,113.902531360959,27.5116244565766,Current,2024,0.0407345927584134
PREF_0127,115.452665963283,29.3217658437937,Current,2024,0.0278757306531557
PREF_0128,114.852565664,27.845201931333,Current,2024,0.0354245055527386
PREF_0129,117.108625585849,28.2239761542879,Current,2024,0.0172390526080327
PREF_0130,115.272967990124,25.7088441367973,Current,2024,0.0262308158126926
PREF_0131,114.824694531561,26.9736376232455,Current,2024,0.0161775567043423
PREF_0132,114.972713231006,28.3060669110271,Current,2024,0.0389283907787159
PREF_0133,116.434345843721,27.5100032895821,Current,2024,0.0245982957558154
PREF_0134,117.472279546934,28.7734120278182,Current,2024,0.0339604209113472
PREF_0135,117.214758007375,36.6371036906449,Current,2024,0.028651677121857
PREF_0136,120.14258646388,36.4532044794438,Current,2024,0.0331464622158563
PREF_0137,118.053300525766,36.6077275134601,Current,2024,0.021941313987784
PREF_0138,117.393293485901,34.9159642466091,Current,2024,0.0204763523270135
PREF_0139,118.6016179926,37.6222250628034,Current,2024,0.0319752742319618
PREF_0140,120.800566247534,37.2408122682831,Current,2024,0.0250044665609058
PREF_0141,119.071101154826,36.5456482708468,Current,2024,0.0254006111287557
PREF_0142,116.734962703893,35.3685016602667,Current,2024,0.0260851725814981
PREF_0143,117.025831758989,36.0009844651839,Current,2024,0.0259248120642166
PREF_0144,121.983077951471,37.1203321280958,Current,2024,0.0248670129045241
PREF_0145,119.135110097857,35.5829553353829,Current,2024,0.0283476305485531
PREF_0146,118.280468582427,35.3090873873127,Current,2024,0.0230699989410418
PREF_0147,116.646405673694,37.247723099715,Current,2024,0.0227273669581209
PREF_0148,115.88055802248,36.458517756423,Current,2024,0.0227339208396357
PREF_0149,117.837676102068,37.5316276470258,Current,2024,0.0237320908835633
PREF_0150,115.692432055622,35.150431351982,Current,2024,0.0242922546470687
PREF_0151,113.468976568239,34.6278711177045,Current,2024,0.0318896491656429
PREF_0152,114.535460237847,34.6039518302676,Current,2024,0.0252489744067427
PREF_0153,112.031167865773,34.2910692187165,Current,2024,0.0310158082320789
PREF_0154,113.011828896453,33.7953979677855,Current,2024,0.0287152510518536
PREF_0155,114.353837962852,35.8764456234909,Current,2024,0.0250621285877012
PREF_0156,114.310905140239,35.7216927322557,Current,2024,0.0268630921187024
PREF_0157,114.088538154082,35.2621274908395,Current,2024,0.0269398654044156
PREF_0158,113.129100373486,35.1168559696007,Current,2024,0.0280475839768845
PREF_0159,115.282533764344,35.8084659810573,Current,2024,0.0197853521306725
PREF_0160,113.709560064792,34.0725916098738,Current,2024,0.0379363940840324
PREF_0161,113.899884488326,33.6557464548746,Current,2024,0.0255869408262324
PREF_0162,111.105884464701,34.3609206095318,Current,2024,0.0391814465894393
PREF_0163,112.284501883058,33.0427490633271,Current,2024,0.0287088936356608
PREF_0164,115.698209444122,34.2884206487352,Current,2024,0.0318724903945243
PREF_0165,114.883896668317,32.0811810042991,Current,2024,0.0287722064407389
PREF_0166,114.877788137035,33.7217509803537,Current,2024,0.0258104264952805
PREF_0167,114.150865504897,32.9233755174143,Current,2024,0.0286758971914872
PREF_0168,112.391866857502,35.1002846507087,Current,2024,0.0280777856529131
PREF_0169,114.342958062904,30.6235727072449,Current,2024,0.0248932633351829
PREF_0170,115.025282850923,29.9268279845345,Current,2024,0.0326934903620627
PREF_0171,110.442329314318,32.4559194262792,Current,2024,0.0302337067980886
PREF_0172,111.135154998307,30.7469181066073,Current,2024,0.0297540119978275
PREF_0173,111.937144523176,31.9307004909456,Current,2024,0.032154870033431
PREF_0174,114.755799916571,30.3287028723122,Current,2024,0.0370673429675825
PREF_0175,112.608260637099,31.0689590920281,Current,2024,0.0331131479166382
PREF_0176,113.879251024466,31.118321699715,Current,2024,0.0343889562486844
PREF_0177,112.569990658804,29.9959084538979,Current,2024,0.0307248640021987
PREF_0178,115.339730051782,30.7158623244675,Current,2024,0.0342973024030337
PREF_0179,114.175159032829,29.6236429680127,Current,2024,0.0370881217258382
PREF_0180,113.424087205411,31.8283714602033,Current,2024,0.0382326924508318
PREF_0181,109.5490264115,30.1915715047699,Current,2024,0.0422639164661506
PREF_0182,113.375090127821,30.2901270371969,Current,2024,0.0426194187470934
PREF_0183,112.756076699488,30.3390409625101,Current,2024,0.0405489719594827
PREF_0184,113.111775340254,30.6448523272443,Current,2024,0.0420702561975327
PREF_0185,110.474742817312,31.5903686798086,Current,2024,0.0302385014438493
PREF_0186,113.153068557336,28.2269084881488,Current,2024,0.0256666737743235
PREF_0187,113.516433827533,27.1198351768892,Current,2024,0.0367564791336054
PREF_0188,112.602696266354,27.7315616500929,Current,2024,0.0343243817374919
PREF_0189,112.574385492858,26.79436065359,Current,2024,0.0290444224491491
PREF_0190,110.874693939505,26.913623025858,Current,2024,0.0286366027446574
PREF_0191,113.254487509402,29.065312201056,Current,2024,0.0307946724210948
PREF_0192,111.519546660834,29.3001132557067,Current,2024,0.0263392737489739
PREF_0193,110.525585300456,29.3936037299833,Current,2024,0.0332839791791284
PREF_0194,111.951002997917,28.5751096389928,Current,2024,0.0343819450624356
PREF_0195,113.136744354604,25.8146959533097,Current,2024,0.0241136563483331
PREF_0196,111.72943651547,25.7746520474289,Current,2024,0.026469441028365
PREF_0197,110.075373107275,27.5488502671601,Current,2024,0.0311191689330366
PREF_0198,111.614322447876,27.7391699389406,Current,2024,0.038464955850061
PREF_0199,109.726927690393,28.6946922948259,Current,2024,0.0288225136009419
PREF_0200,113.535746046809,23.3483646738186,Current,2024,0.0288616344098657
PREF_0201,113.774525426829,24.8205049111224,Current,2024,0.0256086708079744
PREF_0202,114.126622793796,22.654626617963,Current,2024,0.0296362348930027
PREF_0203,113.356941044411,22.1700957734541,Current,2024,0.0299303521485721
PREF_0204,116.583102846881,23.3333785912082,Current,2024,0.0246680605224552
PREF_0205,112.944450818453,23.0064078594495,Current,2024,0.0249754795944105
PREF_0206,112.669866962352,22.2812791458628,Current,2024,0.023686112843848
PREF_0207,110.163875328952,21.0964623822923,Current,2024,0.0228417680099995
PREF_0208,110.951011375377,22.0152651806508,Current,2024,0.0157762784039892
PREF_0209,112.20534935015,23.5375527133138,Current,2024,0.0212988854624628
PREF_0210,114.498560296944,23.2427166184876,Current,2024,0.0308322937992799
PREF_0211,116.079207187448,24.2027815683028,Current,2024,0.0255800766966333
PREF_0212,115.532334174828,23.0147030540659,Current,2024,0.027870792083
PREF_0213,114.957659869726,24.0444871692152,Current,2024,0.0297268111457585
PREF_0214,111.771872471282,22.039380368836,Current,2024,0.0152037284544955
PREF_0215,112.874477794154,24.3147376029664,Current,2024,0.0231409256237478
PREF_0216,113.875723120169,22.9353135303325,Current,2024,0.0319316192479352
PREF_0217,113.384370849443,22.5204665786937,Current,2024,0.0278523078632511
PREF_0218,116.772513802174,23.7959351337963,Current,2024,0.0260782994669894
PREF_0219,116.116903221298,23.3383237064649,Current,2024,0.0274897067193836
PREF_0220,111.793854947701,22.8159126045577,Current,2024,0.0161032201689367
PREF_0221,108.463204002264,23.0570134259933,Current,2024,0.0310910600264264
PREF_0222,109.371349479053,24.9476352314178,Current,2024,0.0261565986356719
PREF_0223,110.514166304899,25.3549999670203,Current,2024,0.0235622323331929
PREF_0224,110.990355849425,23.4808430929715,Current,2024,0.0238663294172351
PREF_0225,109.332625259554,21.6768854375209,Current,2024,0.0279596394138134
PREF_0226,107.99784951337,21.8829412007828,Current,2024,0.0385134540756834
PREF_0227,109.024637005823,22.1831995553368,Current,2024,0.0333120491483825
PREF_0228,109.998509179938,23.3082926540964,Current,2024,0.0370449190687755
PREF_0229,110.181453068447,22.4412877442711,Current,2024,0.0404030650696429
PREF_0230,106.286719395067,23.9858320761009,Current,2024,0.0312517333711867
PREF_0231,111.3622823185,24.3597299388747,Current,2024,0.0151515799406591
PREF_0232,107.84197994181,24.6422622116037,Current,2024,0.029714478102279
PREF_0233,109.412929064536,23.854077810817,Current,2024,0.0246894359105145
PREF_0234,107.273469604443,22.503021510329,Current,2024,0.0314151535486448
PREF_0235,110.420969784745,19.8318476301766,Current,2024,0.030066041576398
PREF_0236,109.418619554525,18.3931107604313,Current,2024,0.0312427876438168
PREF_0238,109.401924826546,19.5678467359099,Current,2024,0.0305385536414893
PREF_0239,109.5074750392,18.8257030244206,Current,2024,0.0312637550466073
PREF_0240,110.403009812029,19.210726699148,Current,2024,0.0241747799345672
PREF_0241,110.76965701352,19.7456693812598,Current,2024,0.0355602133412927
PREF_0242,110.281926944281,18.8352519695088,Current,2024,0.0299257309303903
PREF_0243,108.840187554495,18.994296952827,Current,2024,0.0338752846354257
PREF_0244,110.307625139388,19.4851544870951,Current,2024,0.0228117870400331
PREF_0245,110.051124424786,19.3429042887909,Current,2024,0.0216867577452934
PREF_0246,109.985143624302,19.6884173804261,Current,2024,0.0265858777201228
PREF_0247,109.71326666417,19.8019150407495,Current,2024,0.0251395040068254
PREF_0248,109.347924805645,19.2114046881232,Current,2024,0.0494714189036034
PREF_0249,109.000610703777,19.2177381682593,Current,2024,0.0355259282404221
PREF_0250,109.052307358808,18.6541995851467,Current,2024,0.0299288176593926
PREF_0251,109.937903305097,18.5715719407355,Current,2024,0.0310197513405744
PREF_0252,109.646577677606,18.5914097857582,Current,2024,0.0314517086214954
PREF_0253,109.85094471885,19.0351686429588,Current,2024,0.0322375553587478
PREF_0254,107.87440300651,30.0572234159166,Current,2024,0.0357680032045096
PREF_0255,103.929954385757,30.6534270171105,Current,2024,0.0195608467995273
PREF_0256,104.682845569553,29.286580401007,Current,2024,0.0221955657093647
PREF_0257,101.729482846343,26.8069142090478,Current,2024,0.0354779767426023
PREF_0258,105.666515439982,28.4401661930112,Current,2024,0.0301746992845686
PREF_0259,104.43501549654,31.1301839270514,Current,2024,0.0307039057818875
PREF_0260,104.703260466676,31.8489839013939,Current,2024,0.0315619763408227
PREF_0261,105.782489510542,32.2621985146646,Current,2024,0.0310821836568852
PREF_0262,105.471625702131,30.6316146808222,Current,2024,0.0458777946200101
PREF_0263,104.91139691779,29.640688504834,Current,2024,0.0518405385531878
PREF_0264,103.570361564462,29.2160737820306,Current,2024,0.0250172355887802
PREF_0265,106.203780772366,31.1956107790993,Current,2024,0.0269695271291298
PREF_0266,103.758233478023,29.929927898061,Current,2024,0.034025408362017
PREF_0267,104.635615341643,28.5732579436036,Current,2024,0.0255038283485964
PREF_0268,106.663311799101,30.4262180393733,Current,2024,0.0174674731611009
PREF_0269,107.644771952834,31.36588371825,Current,2024,0.0245014899453366
PREF_0270,102.663801134515,29.9122179487174,Current,2024,0.0329340660845437
PREF_0271,107.038027941735,32.0170373348411,Current,2024,0.0445507621582416
PREF_0272,105.115391387731,30.100388308182,Current,2024,0.0161026936284918
PREF_0273,102.608155786342,32.4002996748412,Current,2024,0.0193795101378683
PREF_0274,99.9970181932757,30.9485603231945,Current,2024,0.0329609591895851
PREF_0275,102.079579757462,27.8865867601347,Current,2024,0.0368445982473977
PREF_0276,106.706471671867,26.8415517033133,Current,2024,0.0301068925866161
PREF_0277,104.891172500966,26.1352092423209,Current,2024,0.0374673854432631
PREF_0278,107.084921064145,28.1685253286438,Current,2024,0.0304676316266187
PREF_0279,105.949001883575,25.9950599922776,Current,2024,0.02687475932024
PREF_0280,105.214668618187,27.0673736202101,Current,2024,0.0275175187441599
PREF_0281,108.541267530869,27.9718781050439,Current,2024,0.0270254304963872
PREF_0282,105.464382926591,25.2655219858669,Current,2024,0.0273789524938789
PREF_0283,108.557547343821,26.5057258991906,Current,2024,0.0264716790644587
PREF_0284,107.25007442265,26.0131075992171,Current,2024,0.0268402184040062
PREF_0285,102.872805571015,25.3871144823286,Current,2024,0.033887956485128
PREF_0286,103.937741370522,25.7035647239763,Current,2024,0.0497084712271128
PREF_0287,102.201916578749,24.1396230718,Current,2024,0.0448667732731115
PREF_0288,98.9709390425275,24.9767356749139,Current,2024,0.0241819902882996
PREF_0289,104.002151079261,27.6534954381893,Current,2024,0.021085856819451
PREF_0290,100.523900678028,26.9406607686172,Current,2024,0.0395750514946164
PREF_0291,100.720356313581,23.1860093826598,Current,2024,0.041423678345747
PREF_0292,99.6736831329065,23.9398166034017,Current,2024,0.0638104380392316
PREF_0293,101.568070531858,25.3519101763082,Current,2024,0.0419532509026891
PREF_0294,103.035048660128,23.4397577395395,Current,2024,0.0415500703161535
PREF_0295,104.714447004675,23.6889945340357,Current,2024,0.0420519305813364
PREF_0296,100.944060251825,21.9307652171919,Current,2024,0.0281413234147957
PREF_0297,100.039232738163,25.7279958620396,Current,2024,0.0318390552882138
PREF_0298,98.0850212177583,24.5590009063044,Current,2024,0.0199147064499163
PREF_0299,98.8696037324368,26.9595718331434,Current,2024,0.0497764205104591
PREF_0300,99.4397682650685,27.9569827173524,Current,2024,0.039570473425344
PREF_0301,91.0897778571989,30.0369929194074,Current,2024,0.0427398144229939
PREF_0302,86.4837372882426,29.4912237039721,Current,2024,0.0333142370854279
PREF_0303,97.0384869242498,30.7746711725119,Current,2024,0.0655087815406619
PREF_0304,95.2436937211529,29.2019687257004,Current,2024,0.021658881682496
PREF_0305,92.2646949953206,28.2980944518944,Current,2024,0.035258722840547
PREF_0306,89.2571959012187,32.7359811491026,Current,2024,0.0927474434994777
PREF_0307,82.5578345637871,33.0293923100188,Current,2024,0.0632893309711676
PREF_0308,108.791854450862,34.106924250675,Current,2024,0.0263698116793903
PREF_0309,109.032153282048,35.1956651677704,Current,2024,0.0323239144028039
PREF_0310,107.200029870516,34.3787894198332,Current,2024,0.0280174780565579
PREF_0311,108.390466785722,34.7845382326763,Current,2024,0.0328930775356059
PREF_0312,109.850766835986,34.950047690257,Current,2024,0.0871277840132003
PREF_0313,109.315202723372,36.4371839750012,Current,2024,0.0665821512745301
PREF_0314,107.101514151531,33.0905545386454,Current,2024,0.0274440051426569
PREF_0315,109.566254380927,38.0378175734505,Current,2024,0.0317172396822073
PREF_0316,108.926544708739,32.757233182988,Current,2024,0.039839775327281
PREF_0317,109.901268777651,33.6470969414652,Current,2024,0.0565081580195592
PREF_0318,103.654184531251,36.3500430935287,Current,2024,0.0275834745749838
PREF_0319,98.2096194867174,39.8290269898253,Current,2024,0.0225452578582582
PREF_0320,102.046936471831,38.4325725742986,Current,2024,0.0698019269558036
PREF_0321,104.621395249623,36.6134910915472,Current,2024,0.0957186143871749
PREF_0322,105.737208308216,34.6476946370737,Current,2024,0.0288602890686671
PREF_0323,103.056537612753,38.1665346464537,Current,2024,0.0538372704649802
PREF_0324,99.8278028838748,38.9529923354242,Current,2024,0.0396515127696192
PREF_0325,106.645753241326,35.3058828845902,Current,2024,0.0320542059214816
PREF_0326,96.0556633550248,40.260184938378,Current,2024,0.0252137118785858
PREF_0327,107.590550419631,36.1620214181463,Current,2024,0.0339115765397564
PREF_0328,104.452510541131,35.1198674637214,Current,2024,0.0333892111525416
PREF_0329,105.220350422395,33.5972701109345,Current,2024,0.0258310456578951
PREF_0330,103.280169886887,35.6301833324338,Current,2024,0.0348259175447899
PREF_0331,102.766564922225,34.3223304987986,Current,2024,0.0310805744353532
PREF_0332,101.437457951386,36.8279701149894,Current,2024,0.0299355314060984
PREF_0333,102.343691531015,36.3320151689351,Current,2024,0.0375725216297501
PREF_0334,100.302910572808,37.7589249826958,Current,2024,0.0323181407040736
PREF_0335,101.629425109548,35.022119343186,Current,2024,0.0503916456943245
PREF_0336,100.257670988381,35.8999822260154,Current,2024,0.028034382364832
PREF_0337,99.4199373434216,34.1157432840334,Current,2024,0.0722994500588259
PREF_0338,94.3213877752006,34.2108563391637,Current,2024,0.0277404056632009
PREF_0339,94.5310653939951,36.7123595619951,Current,2024,0.0371265610545701
PREF_0340,106.345209953701,38.2799544735338,Current,2024,0.0285325696491614
PREF_0341,106.513046043903,39.0065028203354,Current,2024,0.0327935576646583
PREF_0342,106.527562074545,37.4616613320997,Current,2024,0.0267667267825463
PREF_0343,106.180718287451,35.9149174435308,Current,2024,0.0633274459334484
PREF_0344,105.50095648294,37.0137223362795,Current,2024,0.0271556261312997
PREF_0345,87.7864948843258,43.7535036134194,Current,2024,0.0305168904585852
PREF_0346,85.1895002101539,45.4754926341596,Current,2024,0.0306743034932626
PREF_0347,89.815629633217,42.3913032516545,Current,2024,0.021697867739186
PREF_0348,93.5147276857982,43.0389443814081,Current,2024,0.0363005957992519
PREF_0349,88.6325398965762,44.3456950213978,Current,2024,0.0297599319021625
PREF_0350,82.1059132168765,44.7311707957691,Current,2024,0.0301819430322109
PREF_0351,87.4661713634175,39.4907900907797,Current,2024,0.0372042278666437
PREF_0352,81.5485869391361,40.9627162026591,Current,2024,0.0307898876367344
PREF_0353,75.9455428738829,39.6561895503,Current,2024,0.0366126906189347
PREF_0354,77.1874398100588,38.1261251592131,Current,2024,0.0381096620880868
PREF_0355,80.9226253535944,37.0715380101512,Current,2024,0.0615585700884631
PREF_0356,82.1233333018035,43.4460517923895,Current,2024,0.0302145933525527
PREF_0357,84.7897215181362,45.6420659046148,Current,2024,0.030142833476394
PREF_0358,88.4041846646969,46.907005776288,Current,2024,0.0334405858901715
PREF_0359,86.0356695052122,44.3055193131897,Current,2024,0.0263653821613948
PREF_0360,81.3100738005355,40.5982692764772,Current,2024,0.0317919460357053
PREF_0361,79.0259048047934,39.8438367011761,Current,2024,0.0252491081420081
PREF_0362,87.554725867094,44.3616945203136,Current,2024,0.0220690652302564
PREF_0363,87.9837059846626,47.2417775193536,Current,2024,0.0194787293755369
PREF_0365,82.3440729928643,44.8522161448952,Current,2024,0.0296884575880709
PREF_0366,80.6830235814472,43.9325279896843,Current,2024,0.0271034422879407
PREF_0367,79.3619267343794,37.3626499181998,Current,2024,0.0445170426829752
PREF_0368,84.781122501724,44.8185332541682,Current,2024,0.0255508878364348
PREF_0369,120.967869142155,23.7470626562012,Current,2024,0.0297384944656409
PREF_0370,114.1343242378,22.381274185077,Current,2024,0.0319915304818339
PREF_0371,113.561375464429,22.1630230696564,Current,2024,0.0212833723697841
PREF_0001,116.41228426717,40.18554306975,SSP245,2030,0.906064079406729
PREF_0002,117.334038439083,39.2934261784069,SSP245,2030,0.221080819027202
PREF_0003,114.439869046953,38.1312704711954,SSP245,2030,0.0164394996870467
PREF_0004,118.335893338026,39.721237129033,SSP245,2030,0.0838031777186177
PREF_0005,119.18504322806,40.0879714867578,SSP245,2030,0.0142267223796498
PREF_0006,114.542071716664,36.5529972394931,SSP245,2030,0.0040419611867325
PREF_0007,114.815897649124,37.2126414474834,SSP245,2030,0.00417953200583199
PREF_0008,115.170561809715,39.0212666741669,SSP245,2030,0.00407664827284493
PREF_0009,115.032446780788,40.8651179626447,SSP245,2030,0.0641379286325563
PREF_0010,117.548592960558,41.3476139006133,SSP245,2030,0.00932787496877674
PREF_0011,116.753295617347,38.2667749970675,SSP245,2030,0.00163943641857012
PREF_0012,116.628047536647,39.2592148177462,SSP245,2030,0.0210837439670236
PREF_0013,115.823192787472,37.7625466130914,SSP245,2030,0.000985133917108083
PREF_0014,112.316082717194,37.959207330532,SSP245,2030,0.0143743373073427
PREF_0015,113.722311327971,39.8994625456914,SSP245,2030,0.00313049863021431
PREF_0016,113.498951100883,38.0635408679591,SSP245,2030,0.000610361269766435
PREF_0017,112.916777736781,36.4752960616079,SSP245,2030,0.0131451713624809
PREF_0018,112.707634484679,35.6106436714664,SSP245,2030,0.00493427636406263
PREF_0019,112.641470912658,39.6172750013344,SSP245,2030,0.000252936592884945
PREF_0020,112.963178418287,37.3273359357114,SSP245,2030,0.00763004590603433
PREF_0021,111.063414501381,35.1866054090188,SSP245,2030,0.0179415925681155
PREF_0022,112.407411408649,38.881868940379,SSP245,2030,0.00244444312736625
PREF_0023,111.376944525406,36.2269282788253,SSP245,2030,0.00305824206793315
PREF_0024,111.263177184034,37.6784859107261,SSP245,2030,0.000961188467613505
PREF_0025,111.498141174348,40.5905792558338,SSP245,2030,0.0102831650496807
PREF_0026,110.256725283458,41.5509244549057,SSP245,2030,0.000852132514244319
PREF_0027,106.869226668268,39.4264852418261,SSP245,2030,0.00186896395339708
PREF_0028,118.871463718702,43.2215046345057,SSP245,2030,0.00245624634821906
PREF_0029,121.570346028635,43.8159763824953,SSP245,2030,0.000126470330925721
PREF_0030,108.629234003992,39.4115750031708,SSP245,2030,0.00249279365737287
PREF_0031,121.19659210836,49.6614008345483,SSP245,2030,0.0324725362245871
PREF_0032,107.564831321024,41.4454323777836,SSP245,2030,0.00179099562091634
PREF_0033,112.443637083244,41.6818240218822,SSP245,2030,0.00152925219422251
PREF_0034,121.336362650093,46.2252751297965,SSP245,2030,0.000434607522759811
PREF_0035,115.482393740881,44.1928695824004,SSP245,2030,0.00963879755812391
PREF_0036,102.447745283343,40.4974270881128,SSP245,2030,0.0155695661445855
PREF_0037,125.565936095502,40.6862713036231,SSP245,2030,0.000209487837050104
PREF_0038,123.137626299845,42.0939586473418,SSP245,2030,0.0363924004432282
PREF_0039,122.205323620304,39.5949540576238,SSP245,2030,0.0286529985512016
PREF_0040,123.011927242468,40.7139411863433,SSP245,2030,0.000258219829284867
PREF_0041,124.655739092978,41.8338385020899,SSP245,2030,0.00173716723665096
PREF_0042,124.569508663334,41.2285187216001,SSP245,2030,0.000436062475719035
PREF_0043,124.39803570562,40.5435782159099,SSP245,2030,0.00579603501135784
PREF_0044,121.614664282512,41.4630033296608,SSP245,2030,0.00664412638628875
PREF_0045,122.463826467916,40.3912799052404,SSP245,2030,0.000611606758751826
PREF_0046,121.955300047318,42.2792591285283,SSP245,2030,0.000384960918702881
PREF_0047,123.246473918431,41.1806799239703,SSP245,2030,0.00276068577005573
PREF_0048,121.999956338949,41.0775196761948,SSP245,2030,0.00605028125314122
PREF_0049,124.170649974772,42.6439464142152,SSP245,2030,0.000155284828353031
PREF_0050,120.015192643785,41.5112614252467,SSP245,2030,0.00395037232317719
PREF_0051,120.198412871611,40.6244485793518,SSP245,2030,0.00140406682387351
PREF_0052,125.767138904235,44.383844316748,SSP245,2030,0.0168194747674728
PREF_0053,126.843313105594,43.579780227955,SSP245,2030,0.00264736372907926
PREF_0054,124.467586594304,43.5707196443035,SSP245,2030,0.00250853669951734
PREF_0055,125.305555415586,42.8109020657527,SSP245,2030,0.000157777812950233
PREF_0056,125.94939040737,41.9556271070022,SSP245,2030,0.000161554039535661
PREF_0057,127.285140798257,42.0690338602398,SSP245,2030,0.000719591044811119
PREF_0058,124.475794410416,44.8009885538836,SSP245,2030,0.000769691004694262
PREF_0059,123.011895585646,45.3464495658839,SSP245,2030,0.000866479987313817
PREF_0060,129.123716698607,43.1419306829455,SSP245,2030,0.023289044726711
PREF_0061,127.957475301674,45.6372933666836,SSP245,2030,0.00917659352011946
PREF_0062,124.545858548084,47.6998644899573,SSP245,2030,0.00311960952581436
PREF_0063,132.286221814204,45.6296122059588,SSP245,2030,3.00702907443107e-05
PREF_0064,130.79895397606,47.6388826442854,SSP245,2030,0.000136880777937498
PREF_0065,132.542684595686,46.6797924930002,SSP245,2030,4.95367231608812e-05
PREF_0066,124.699639357736,46.3468595798758,SSP245,2030,0.00134320115455044
PREF_0067,129.211501257341,47.8118250342385,SSP245,2030,0.00170358749194044
PREF_0068,132.259830962042,47.2672022437473,SSP245,2030,0.000149165775804594
PREF_0069,130.97359636323,45.9113972452748,SSP245,2030,3.53103853955039e-05
PREF_0070,129.888084713383,44.5962715724084,SSP245,2030,0.000129619719929641
PREF_0071,126.98590236696,49.2632238393858,SSP245,2030,0.000458759088676208
PREF_0072,126.645484892872,46.8934872676214,SSP245,2030,0.000363535874016052
PREF_0073,124.203632357947,52.3257719934708,SSP245,2030,0.000221366141050727
PREF_0074,121.469065179995,31.2400932603511,SSP245,2030,0.470955885043551
PREF_0075,118.842533247822,31.9276363127488,SSP245,2030,0.236510413689308
PREF_0076,120.075821213349,31.5263797043919,SSP245,2030,0.0825411799380793
PREF_0077,117.516635621497,34.3560882655161,SSP245,2030,0.0306408345529063
PREF_0078,119.637182577956,31.6253407214956,SSP245,2030,0.0533824535056127
PREF_0079,120.651600617082,31.3813326257149,SSP245,2030,0.153110637662665
PREF_0080,121.021757383171,32.1859920652549,SSP245,2030,0.0173188101233965
PREF_0081,119.133600164008,34.5332041344831,SSP245,2030,0.0153362554344826
PREF_0082,118.963773723171,33.352905441794,SSP245,2030,0.0229677541829729
PREF_0083,120.182941259759,33.5090424499879,SSP245,2030,0.0560543507422002
PREF_0084,119.474172338863,32.7381748613515,SSP245,2030,0.00870838157625819
PREF_0085,119.453646392655,32.0166610377772,SSP245,2030,0.0104781806847194
PREF_0086,120.056706940147,32.5713559147387,SSP245,2030,0.00517005472033771
PREF_0087,118.520188650619,33.7841542803303,SSP245,2030,0.00257796629254126
PREF_0088,119.470025342718,29.900285085159,SSP245,2030,0.49558825226838
PREF_0089,121.460669165808,29.7424311496461,SSP245,2030,0.0526680612561941
PREF_0090,120.440431736298,27.9037166774901,SSP245,2030,0.0519918546933227
PREF_0091,120.803418395142,30.6165430813739,SSP245,2030,0.0995892846630905
PREF_0092,119.868729351977,30.7443515893504,SSP245,2030,0.030600170709313
PREF_0093,120.636482898016,29.7351557799873,SSP245,2030,0.031616659206035
PREF_0094,119.952132815189,29.1182566499995,SSP245,2030,0.0284886484834956
PREF_0095,118.674656457155,28.9345116941443,SSP245,2030,0.0110361628177272
PREF_0096,122.1858465645,30.094795665055,SSP245,2030,
PREF_0097,121.110784250137,28.7726851220614,SSP245,2030,0.0408469800024416
PREF_0098,119.511749600323,28.1993431788513,SSP245,2030,0.0417982263482259
PREF_0099,117.35580112481,31.763442092308,SSP245,2030,0.0625746261900677
PREF_0100,118.134645665742,31.1626738515048,SSP245,2030,0.00679882589474268
PREF_0101,117.325387506481,33.1085742062566,SSP245,2030,0.00438021249425646
PREF_0102,116.768425082043,32.4720014752,SSP245,2030,0.00262084793685013
PREF_0103,118.365129022456,31.6370014190239,SSP245,2030,0.00963153397391836
PREF_0104,116.743475421296,33.7265585515633,SSP245,2030,0.00321571189708791
PREF_0105,117.556068147381,30.8841774126909,SSP245,2030,0.00164053032413114
PREF_0106,116.486727856145,30.5760492508359,SSP245,2030,0.00943389268766392
PREF_0107,118.071057832693,29.9066407089699,SSP245,2030,0.0271536468713256
PREF_0108,118.102551296158,32.5441558226879,SSP245,2030,0.00458268018092833
PREF_0109,115.703800824132,32.9173385608118,SSP245,2030,0.00174367271045939
PREF_0110,117.210821682996,33.8586764858289,SSP245,2030,0.00111100185082968
PREF_0111,116.229729649121,31.6600037112846,SSP245,2030,0.0126243379373431
PREF_0112,116.180668765281,33.4354585784111,SSP245,2030,0.00164681370968212
PREF_0113,117.365628813809,30.2837713476417,SSP245,2030,0.00732629386484229
PREF_0114,118.8522388918,30.6862406240494,SSP245,2030,0.00605958235910364
PREF_0115,119.180295391907,26.0497041797646,SSP245,2030,0.20581020189316
PREF_0116,118.115775148551,24.6765311488191,SSP245,2030,0.103210778871441
PREF_0117,118.889519919092,25.4508565510371,SSP245,2030,0.00202058627355117
PREF_0118,117.395920725057,26.2986789881343,SSP245,2030,0.0425828666303968
PREF_0119,118.257295817303,25.2001281731827,SSP245,2030,0.0265657668927861
PREF_0120,117.442971020029,24.3664148600507,SSP245,2030,0.0177401046995568
PREF_0121,118.142126484301,27.3390188826295,SSP245,2030,0.0116034369573529
PREF_0122,116.738691781547,25.2928390378304,SSP245,2030,0.0038934220535457
PREF_0123,119.473420606052,26.9749352500293,SSP245,2030,0.020525025382705
PREF_0124,116.019035787737,28.6493141932215,SSP245,2030,0.0733979567371067
PREF_0125,117.269958487373,29.3072781509948,SSP245,2030,0.00181547005165272
PREF_0126,113.902531360959,27.5116244565766,SSP245,2030,0.00152535256152264
PREF_0127,115.452665963283,29.3217658437937,SSP245,2030,0.0871475478117736
PREF_0128,114.852565664,27.845201931333,SSP245,2030,0.00377982180708791
PREF_0129,117.108625585849,28.2239761542879,SSP245,2030,0.0026398440616594
PREF_0130,115.272967990124,25.7088441367973,SSP245,2030,0.012244758889645
PREF_0131,114.824694531561,26.9736376232455,SSP245,2030,0.00295770676976692
PREF_0132,114.972713231006,28.3060669110271,SSP245,2030,0.00264911108092669
PREF_0133,116.434345843721,27.5100032895821,SSP245,2030,0.00684926510259654
PREF_0134,117.472279546934,28.7734120278182,SSP245,2030,0.0897585951889422
PREF_0135,117.214758007375,36.6371036906449,SSP245,2030,0.0181737130859118
PREF_0136,120.14258646388,36.4532044794438,SSP245,2030,0.0568661333172693
PREF_0137,118.053300525766,36.6077275134601,SSP245,2030,0.00164312606033967
PREF_0138,117.393293485901,34.9159642466091,SSP245,2030,0.000628616702399221
PREF_0139,118.6016179926,37.6222250628034,SSP245,2030,0.0448905251088905
PREF_0140,120.800566247534,37.2408122682831,SSP245,2030,0.00449232285029766
PREF_0141,119.071101154826,36.5456482708468,SSP245,2030,0.00839592649017129
PREF_0142,116.734962703893,35.3685016602667,SSP245,2030,0.0087489290937034
PREF_0143,117.025831758989,36.0009844651839,SSP245,2030,0.00765173271618402
PREF_0144,121.983077951471,37.1203321280958,SSP245,2030,0.00427922699926386
PREF_0145,119.135110097857,35.5829553353829,SSP245,2030,0.0171221537322217
PREF_0146,118.280468582427,35.3090873873127,SSP245,2030,0.00325578724046482
PREF_0147,116.646405673694,37.247723099715,SSP245,2030,0.00253662166307311
PREF_0148,115.88055802248,36.458517756423,SSP245,2030,0.000966353666593589
PREF_0149,117.837676102068,37.5316276470258,SSP245,2030,0.00359116927199532
PREF_0150,115.692432055622,35.150431351982,SSP245,2030,0.00266933829068949
PREF_0151,113.468976568239,34.6278711177045,SSP245,2030,0.107061843653875
PREF_0152,114.535460237847,34.6039518302676,SSP245,2030,0.00543345823296104
PREF_0153,112.031167865773,34.2910692187165,SSP245,2030,0.040893516939653
PREF_0154,113.011828896453,33.7953979677855,SSP245,2030,0.0112767738310875
PREF_0155,114.353837962852,35.8764456234909,SSP245,2030,0.00150705947545315
PREF_0156,114.310905140239,35.7216927322557,SSP245,2030,0.00411318993257204
PREF_0157,114.088538154082,35.2621274908395,SSP245,2030,0.00568402652486133
PREF_0158,113.129100373486,35.1168559696007,SSP245,2030,0.00495867885000778
PREF_0159,115.282533764344,35.8084659810573,SSP245,2030,0.000272262302095538
PREF_0160,113.709560064792,34.0725916098738,SSP245,2030,0.00309025776442928
PREF_0161,113.899884488326,33.6557464548746,SSP245,2030,0.000353613237061068
PREF_0162,111.105884464701,34.3609206095318,SSP245,2030,0.0111445378493609
PREF_0163,112.284501883058,33.0427490633271,SSP245,2030,0.00395945580717483
PREF_0164,115.698209444122,34.2884206487352,SSP245,2030,0.00371974931416408
PREF_0165,114.883896668317,32.0811810042991,SSP245,2030,0.0531567670743676
PREF_0166,114.877788137035,33.7217509803537,SSP245,2030,0.000580740468995811
PREF_0167,114.150865504897,32.9233755174143,SSP245,2030,0.00443700816306991
PREF_0168,112.391866857502,35.1002846507087,SSP245,2030,0.00128052805290735
PREF_0169,114.342958062904,30.6235727072449,SSP245,2030,0.198196540936023
PREF_0170,115.025282850923,29.9268279845345,SSP245,2030,0.0132926454716763
PREF_0171,110.442329314318,32.4559194262792,SSP245,2030,0.00455901328162733
PREF_0172,111.135154998307,30.7469181066073,SSP245,2030,0.0559545733381286
PREF_0173,111.937144523176,31.9307004909456,SSP245,2030,0.00611539311068932
PREF_0174,114.755799916571,30.3287028723122,SSP245,2030,0.00653006303942794
PREF_0175,112.608260637099,31.0689590920281,SSP245,2030,0.0155261766551141
PREF_0176,113.879251024466,31.118321699715,SSP245,2030,0.0104507942170958
PREF_0177,112.569990658804,29.9959084538979,SSP245,2030,0.0287079577052576
PREF_0178,115.339730051782,30.7158623244675,SSP245,2030,0.0119788931804871
PREF_0179,114.175159032829,29.6236429680127,SSP245,2030,0.00637763544662828
PREF_0180,113.424087205411,31.8283714602033,SSP245,2030,0.00349468426915189
PREF_0181,109.5490264115,30.1915715047699,SSP245,2030,0.0143728777678945
PREF_0182,113.375090127821,30.2901270371969,SSP245,2030,0.00249742818289145
PREF_0183,112.756076699488,30.3390409625101,SSP245,2030,0.0036229884100476
PREF_0184,113.111775340254,30.6448523272443,SSP245,2030,0.00278617266014269
PREF_0185,110.474742817312,31.5903686798086,SSP245,2030,0.0762568265420937
PREF_0186,113.153068557336,28.2269084881488,SSP245,2030,0.131651029768659
PREF_0187,113.516433827533,27.1198351768892,SSP245,2030,0.00516062959886943
PREF_0188,112.602696266354,27.7315616500929,SSP245,2030,0.00763269503277708
PREF_0189,112.574385492858,26.79436065359,SSP245,2030,0.00712213746130541
PREF_0190,110.874693939505,26.913623025858,SSP245,2030,0.00487880448543299
PREF_0191,113.254487509402,29.065312201056,SSP245,2030,0.0280195516147196
PREF_0192,111.519546660834,29.3001132557067,SSP245,2030,0.0655494064640939
PREF_0193,110.525585300456,29.3936037299833,SSP245,2030,0.0139486736850738
PREF_0194,111.951002997917,28.5751096389928,SSP245,2030,0.00902700276109025
PREF_0195,113.136744354604,25.8146959533097,SSP245,2030,0.00411678426623885
PREF_0196,111.72943651547,25.7746520474289,SSP245,2030,0.00535983556541553
PREF_0197,110.075373107275,27.5488502671601,SSP245,2030,0.00841377530572041
PREF_0198,111.614322447876,27.7391699389406,SSP245,2030,0.00509337508293883
PREF_0199,109.726927690393,28.6946922948259,SSP245,2030,0.0085662337561303
PREF_0200,113.535746046809,23.3483646738186,SSP245,2030,0.109273154061075
PREF_0201,113.774525426829,24.8205049111224,SSP245,2030,0.0149602540472579
PREF_0202,114.126622793796,22.654626617963,SSP245,2030,0.0750802113896778
PREF_0203,113.356941044411,22.1700957734541,SSP245,2030,0.0256625918153091
PREF_0204,116.583102846881,23.3333785912082,SSP245,2030,0.00882017846388616
PREF_0205,112.944450818453,23.0064078594495,SSP245,2030,0.0127840891403443
PREF_0206,112.669866962352,22.2812791458628,SSP245,2030,0.00672170012959727
PREF_0207,110.163875328952,21.0964623822923,SSP245,2030,0.00696440341029536
PREF_0208,110.951011375377,22.0152651806508,SSP245,2030,0.00196657895711094
PREF_0209,112.20534935015,23.5375527133138,SSP245,2030,0.00367660433192107
PREF_0210,114.498560296944,23.2427166184876,SSP245,2030,0.00952748035748274
PREF_0211,116.079207187448,24.2027815683028,SSP245,2030,0.00272515214737967
PREF_0212,115.532334174828,23.0147030540659,SSP245,2030,0.00748779917172937
PREF_0213,114.957659869726,24.0444871692152,SSP245,2030,0.00165203585535045
PREF_0214,111.771872471282,22.039380368836,SSP245,2030,0.00137774958940984
PREF_0215,112.874477794154,24.3147376029664,SSP245,2030,0.00327788492781933
PREF_0216,113.875723120169,22.9353135303325,SSP245,2030,0.0185896432995505
PREF_0217,113.384370849443,22.5204665786937,SSP245,2030,0.0138529208450849
PREF_0218,116.772513802174,23.7959351337963,SSP245,2030,0.00622644305056708
PREF_0219,116.116903221298,23.3383237064649,SSP245,2030,0.00577922224859773
PREF_0220,111.793854947701,22.8159126045577,SSP245,2030,0.00054437098419613
PREF_0221,108.463204002264,23.0570134259933,SSP245,2030,0.0384131392625652
PREF_0222,109.371349479053,24.9476352314178,SSP245,2030,0.00541911978026166
PREF_0223,110.514166304899,25.3549999670203,SSP245,2030,0.00906401950425373
PREF_0224,110.990355849425,23.4808430929715,SSP245,2030,0.00435254174957589
PREF_0225,109.332625259554,21.6768854375209,SSP245,2030,0.0499618985923301
PREF_0226,107.99784951337,21.8829412007828,SSP245,2030,0.00497775327985717
PREF_0227,109.024637005823,22.1831995553368,SSP245,2030,0.00562890375114156
PREF_0228,109.998509179938,23.3082926540964,SSP245,2030,0.00347603167979249
PREF_0229,110.181453068447,22.4412877442711,SSP245,2030,0.0018365096185381
PREF_0230,106.286719395067,23.9858320761009,SSP245,2030,0.0459464821772454
PREF_0231,111.3622823185,24.3597299388747,SSP245,2030,0.00100668113008329
PREF_0232,107.84197994181,24.6422622116037,SSP245,2030,0.00128795174733964
PREF_0233,109.412929064536,23.854077810817,SSP245,2030,0.00341870073544281
PREF_0234,107.273469604443,22.503021510329,SSP245,2030,0.048091251239525
PREF_0235,110.420969784745,19.8318476301766,SSP245,2030,0.0263527471538563
PREF_0236,109.418619554525,18.3931107604313,SSP245,2030,0.019989152675984
PREF_0238,109.401924826546,19.5678467359099,SSP245,2030,0.0317411402827301
PREF_0239,109.5074750392,18.8257030244206,SSP245,2030,0.00244248839687988
PREF_0240,110.403009812029,19.210726699148,SSP245,2030,0.00197906219339594
PREF_0241,110.76965701352,19.7456693812598,SSP245,2030,0.00790716389297397
PREF_0242,110.281926944281,18.8352519695088,SSP245,2030,0.00635871795408383
PREF_0243,108.840187554495,18.994296952827,SSP245,2030,0.0115780274373249
PREF_0244,110.307625139388,19.4851544870951,SSP245,2030,0.000962045257947408
PREF_0245,110.051124424786,19.3429042887909,SSP245,2030,0.000514161376217848
PREF_0246,109.985143624302,19.6884173804261,SSP245,2030,0.00392059196957217
PREF_0247,109.71326666417,19.8019150407495,SSP245,2030,0.00164002789199558
PREF_0248,109.347924805645,19.2114046881232,SSP245,2030,0.0021037370750806
PREF_0249,109.000610703777,19.2177381682593,SSP245,2030,0.0132970610892952
PREF_0250,109.052307358808,18.6541995851467,SSP245,2030,0.0503301657141775
PREF_0251,109.937903305097,18.5715719407355,SSP245,2030,0.00626891947123309
PREF_0252,109.646577677606,18.5914097857582,SSP245,2030,0.00174151813275747
PREF_0253,109.85094471885,19.0351686429588,SSP245,2030,0.00379158154060744
PREF_0254,107.87440300651,30.0572234159166,SSP245,2030,0.120437608714482
PREF_0255,103.929954385757,30.6534270171105,SSP245,2030,0.142186328380405
PREF_0256,104.682845569553,29.286580401007,SSP245,2030,0.00524805502385306
PREF_0257,101.729482846343,26.8069142090478,SSP245,2030,0.0084658068262129
PREF_0258,105.666515439982,28.4401661930112,SSP245,2030,0.0075935433625941
PREF_0259,104.43501549654,31.1301839270514,SSP245,2030,0.0293017939511899
PREF_0260,104.703260466676,31.8489839013939,SSP245,2030,0.0273876114165725
PREF_0261,105.782489510542,32.2621985146646,SSP245,2030,0.0283655876497011
PREF_0262,105.471625702131,30.6316146808222,SSP245,2030,0.00168998079820526
PREF_0263,104.91139691779,29.640688504834,SSP245,2030,0.00160748205124106
PREF_0264,103.570361564462,29.2160737820306,SSP245,2030,0.00739745678431136
PREF_0265,106.203780772366,31.1956107790993,SSP245,2030,0.00163529560073405
PREF_0266,103.758233478023,29.929927898061,SSP245,2030,0.0825181686138168
PREF_0267,104.635615341643,28.5732579436036,SSP245,2030,0.00642441265485416
PREF_0268,106.663311799101,30.4262180393733,SSP245,2030,0.000222528974231584
PREF_0269,107.644771952834,31.36588371825,SSP245,2030,0.00375011875364029
PREF_0270,102.663801134515,29.9122179487174,SSP245,2030,0.052107253204848
PREF_0271,107.038027941735,32.0170373348411,SSP245,2030,0.00203953071180973
PREF_0272,105.115391387731,30.100388308182,SSP245,2030,0.000542183466850643
PREF_0273,102.608155786342,32.4002996748412,SSP245,2030,0.0611086780776129
PREF_0274,99.9970181932757,30.9485603231945,SSP245,2030,0.0206967901952594
PREF_0275,102.079579757462,27.8865867601347,SSP245,2030,0.0123563910571988
PREF_0276,106.706471671867,26.8415517033133,SSP245,2030,0.0359907545286902
PREF_0277,104.891172500966,26.1352092423209,SSP245,2030,0.00334801134712559
PREF_0278,107.084921064145,28.1685253286438,SSP245,2030,0.0235091428868436
PREF_0279,105.949001883575,25.9950599922776,SSP245,2030,0.00377887438915292
PREF_0280,105.214668618187,27.0673736202101,SSP245,2030,0.0105768032287301
PREF_0281,108.541267530869,27.9718781050439,SSP245,2030,0.00387618626341879
PREF_0282,105.464382926591,25.2655219858669,SSP245,2030,0.00315591209527921
PREF_0283,108.557547343821,26.5057258991906,SSP245,2030,0.00247698267754859
PREF_0284,107.25007442265,26.0131075992171,SSP245,2030,0.00619449713744624
PREF_0285,102.872805571015,25.3871144823286,SSP245,2030,0.0180924007832518
PREF_0286,103.937741370522,25.7035647239763,SSP245,2030,0.00147750812216974
PREF_0287,102.201916578749,24.1396230718,SSP245,2030,0.00668540001358386
PREF_0288,98.9709390425275,24.9767356749139,SSP245,2030,0.0422016590126894
PREF_0289,104.002151079261,27.6534954381893,SSP245,2030,0.000243478814830778
PREF_0290,100.523900678028,26.9406607686172,SSP245,2030,0.0138943676096869
PREF_0291,100.720356313581,23.1860093826598,SSP245,2030,0.0139383134239246
PREF_0292,99.6736831329065,23.9398166034017,SSP245,2030,0.00503371957488208
PREF_0293,101.568070531858,25.3519101763082,SSP245,2030,0.0100546544991298
PREF_0294,103.035048660128,23.4397577395395,SSP245,2030,0.00536200138720755
PREF_0295,104.714447004675,23.6889945340357,SSP245,2030,0.00316660217912834
PREF_0296,100.944060251825,21.9307652171919,SSP245,2030,0.0373959668006936
PREF_0297,100.039232738163,25.7279958620396,SSP245,2030,0.027791554271773
PREF_0298,98.0850212177583,24.5590009063044,SSP245,2030,0.046702821118744
PREF_0299,98.8696037324368,26.9595718331434,SSP245,2030,0.0115021537638123
PREF_0300,99.4397682650685,27.9569827173524,SSP245,2030,0.0116892841961397
PREF_0301,91.0897778571989,30.0369929194074,SSP245,2030,0.0216278294201754
PREF_0302,86.4837372882426,29.4912237039721,SSP245,2030,0.0268522348093742
PREF_0303,97.0384869242498,30.7746711725119,SSP245,2030,0.00629356080563726
PREF_0304,95.2436937211529,29.2019687257004,SSP245,2030,0.0702312423806548
PREF_0305,92.2646949953206,28.2980944518944,SSP245,2030,0.0210593700136292
PREF_0306,89.2571959012187,32.7359811491026,SSP245,2030,0.00379973453405724
PREF_0307,82.5578345637871,33.0293923100188,SSP245,2030,0.00335277674409107
PREF_0308,108.791854450862,34.106924250675,SSP245,2030,0.0386841145942745
PREF_0309,109.032153282048,35.1956651677704,SSP245,2030,0.000146441625612281
PREF_0310,107.200029870516,34.3787894198332,SSP245,2030,0.0033947728197441
PREF_0311,108.390466785722,34.7845382326763,SSP245,2030,0.0206545702179741
PREF_0312,109.850766835986,34.950047690257,SSP245,2030,0.00657064118115991
PREF_0313,109.315202723372,36.4371839750012,SSP245,2030,0.00439088754412675
PREF_0314,107.101514151531,33.0905545386454,SSP245,2030,0.047207718959826
PREF_0315,109.566254380927,38.0378175734505,SSP245,2030,0.00182473465465405
PREF_0316,108.926544708739,32.757233182988,SSP245,2030,0.00300748358108782
PREF_0317,109.901268777651,33.6470969414652,SSP245,2030,0.00203247513849403
PREF_0318,103.654184531251,36.3500430935287,SSP245,2030,0.0390324797267206
PREF_0319,98.2096194867174,39.8290269898253,SSP245,2030,0.000109756828842955
PREF_0320,102.046936471831,38.4325725742986,SSP245,2030,0.000602422453538809
PREF_0321,104.621395249623,36.6134910915472,SSP245,2030,0.00111876173812697
PREF_0322,105.737208308216,34.6476946370737,SSP245,2030,0.00229359477369029
PREF_0323,103.056537612753,38.1665346464537,SSP245,2030,0.00247945065646615
PREF_0324,99.8278028838748,38.9529923354242,SSP245,2030,0.00625361001643365
PREF_0325,106.645753241326,35.3058828845902,SSP245,2030,0.000979070341768251
PREF_0326,96.0556633550248,40.260184938378,SSP245,2030,0.000759783467992325
PREF_0327,107.590550419631,36.1620214181463,SSP245,2030,0.011043517799759
PREF_0328,104.452510541131,35.1198674637214,SSP245,2030,0.00274419633382217
PREF_0329,105.220350422395,33.5972701109345,SSP245,2030,0.00405956633404581
PREF_0330,103.280169886887,35.6301833324338,SSP245,2030,0.00150983767070589
PREF_0331,102.766564922225,34.3223304987986,SSP245,2030,0.017573027665201
PREF_0332,101.437457951386,36.8279701149894,SSP245,2030,0.0314686587162675
PREF_0333,102.343691531015,36.3320151689351,SSP245,2030,0.0143253144323113
PREF_0334,100.302910572808,37.7589249826958,SSP245,2030,0.0259913884677578
PREF_0335,101.629425109548,35.022119343186,SSP245,2030,0.0023453919407137
PREF_0336,100.257670988381,35.8999822260154,SSP245,2030,0.0340908095020677
PREF_0337,99.4199373434216,34.1157432840334,SSP245,2030,0.00683970099775244
PREF_0338,94.3213877752006,34.2108563391637,SSP245,2030,0.0325445356628518
PREF_0339,94.5310653939951,36.7123595619951,SSP245,2030,0.025237005494046
PREF_0340,106.345209953701,38.2799544735338,SSP245,2030,0.00874933810205769
PREF_0341,106.513046043903,39.0065028203354,SSP245,2030,0.00102739709146082
PREF_0342,106.527562074545,37.4616613320997,SSP245,2030,0.000662135867087188
PREF_0343,106.180718287451,35.9149174435308,SSP245,2030,0.00893627393633512
PREF_0344,105.50095648294,37.0137223362795,SSP245,2030,0.000752323386660758
PREF_0345,87.7864948843258,43.7535036134194,SSP245,2030,0.0326712139200109
PREF_0346,85.1895002101539,45.4754926341596,SSP245,2030,0.00846296142064884
PREF_0347,89.815629633217,42.3913032516545,SSP245,2030,0.000201518379764565
PREF_0348,93.5147276857982,43.0389443814081,SSP245,2030,0.000395334368222589
PREF_0349,88.6325398965762,44.3456950213978,SSP245,2030,0.0247416482974558
PREF_0350,82.1059132168765,44.7311707957691,SSP245,2030,0.00143560774230989
PREF_0351,87.4661713634175,39.4907900907797,SSP245,2030,0.0085003775991781
PREF_0352,81.5485869391361,40.9627162026591,SSP245,2030,0.00125768207984722
PREF_0353,75.9455428738829,39.6561895503,SSP245,2030,0.00220331259651729
PREF_0354,77.1874398100588,38.1261251592131,SSP245,2030,0.00698762892461313
PREF_0355,80.9226253535944,37.0715380101512,SSP245,2030,0.00741943259501698
PREF_0356,82.1233333018035,43.4460517923895,SSP245,2030,0.0226407699640673
PREF_0357,84.7897215181362,45.6420659046148,SSP245,2030,0.0246265382220434
PREF_0358,88.4041846646969,46.907005776288,SSP245,2030,0.115857140207037
PREF_0359,86.0356695052122,44.3055193131897,SSP245,2030,0.00321238843761984
PREF_0360,81.3100738005355,40.5982692764772,SSP245,2030,0.000251617137820959
PREF_0361,79.0259048047934,39.8438367011761,SSP245,2030,6.98981627741402e-05
PREF_0362,87.554725867094,44.3616945203136,SSP245,2030,0.000186496569189343
PREF_0363,87.9837059846626,47.2417775193536,SSP245,2030,0.000868950211435626
PREF_0365,82.3440729928643,44.8522161448952,SSP245,2030,7.32780525791732e-06
PREF_0366,80.6830235814472,43.9325279896843,SSP245,2030,0.000370176346534912
PREF_0367,79.3619267343794,37.3626499181998,SSP245,2030,0.000698980025679252
PREF_0368,84.781122501724,44.8185332541682,SSP245,2030,0.00124676467227325
PREF_0369,120.967869142155,23.7470626562012,SSP245,2030,0.0175752702175724
PREF_0370,114.1343242378,22.381274185077,SSP245,2030,0.0379764734227615
PREF_0371,113.561375464429,22.1630230696564,SSP245,2030,
PREF_0001,116.41228426717,40.18554306975,SSP245,2050,0.999999998070573
PREF_0002,117.334038439083,39.2934261784069,SSP245,2050,0.497161242444321
PREF_0003,114.439869046953,38.1312704711954,SSP245,2050,0.0118418845626467
PREF_0004,118.335893338026,39.721237129033,SSP245,2050,0.129479945681376
PREF_0005,119.18504322806,40.0879714867578,SSP245,2050,0.0100767442510089
PREF_0006,114.542071716664,36.5529972394931,SSP245,2050,0.00137370200462283
PREF_0007,114.815897649124,37.2126414474834,SSP245,2050,0.00174343706684443
PREF_0008,115.170561809715,39.0212666741669,SSP245,2050,0.00144759128802674
PREF_0009,115.032446780788,40.8651179626447,SSP245,2050,0.0885911823271576
PREF_0010,117.548592960558,41.3476139006133,SSP245,2050,0.00529216201905791
PREF_0011,116.753295617347,38.2667749970675,SSP245,2050,0.000420904647163378
PREF_0012,116.628047536647,39.2592148177462,SSP245,2050,0.0183857159996074
PREF_0013,115.823192787472,37.7625466130914,SSP245,2050,0.000284284908087518
PREF_0014,112.316082717194,37.959207330532,SSP245,2050,0.00962264531447976
PREF_0015,113.722311327971,39.8994625456914,SSP245,2050,0.00111029477236735
PREF_0016,113.498951100883,38.0635408679591,SSP245,2050,9.32922230993949e-05
PREF_0017,112.916777736781,36.4752960616079,SSP245,2050,0.00858827111906124
PREF_0018,112.707634484679,35.6106436714664,SSP245,2050,0.00192097138628999
PREF_0019,112.641470912658,39.6172750013344,SSP245,2050,2.76713129158113e-05
PREF_0020,112.963178418287,37.3273359357114,SSP245,2050,0.00400055421671419
PREF_0021,111.063414501381,35.1866054090188,SSP245,2050,0.0134336732225469
PREF_0022,112.407411408649,38.881868940379,SSP245,2050,0.00066797719407119
PREF_0023,111.376944525406,36.2269282788253,SSP245,2050,0.000968877537228963
PREF_0024,111.263177184034,37.6784859107261,SSP245,2050,0.000163081456505454
PREF_0025,111.498141174348,40.5905792558338,SSP245,2050,0.00635865752955112
PREF_0026,110.256725283458,41.5509244549057,SSP245,2050,0.000139660362061145
PREF_0027,106.869226668268,39.4264852418261,SSP245,2050,0.000434272905689648
PREF_0028,118.871463718702,43.2215046345057,SSP245,2050,0.000943992538114946
PREF_0029,121.570346028635,43.8159763824953,SSP245,2050,1.35521889710333e-05
PREF_0030,108.629234003992,39.4115750031708,SSP245,2050,0.000753652181535114
PREF_0031,121.19659210836,49.6614008345483,SSP245,2050,0.0332561724638273
PREF_0032,107.564831321024,41.4454323777836,SSP245,2050,0.000410848725362789
PREF_0033,112.443637083244,41.6818240218822,SSP245,2050,0.000380160070765578
PREF_0034,121.336362650093,46.2252751297965,SSP245,2050,7.08324884018952e-05
PREF_0035,115.482393740881,44.1928695824004,SSP245,2050,0.00494049945524733
PREF_0036,102.447745283343,40.4974270881128,SSP245,2050,0.011312710706233
PREF_0037,125.565936095502,40.6862713036231,SSP245,2050,3.59113114996035e-05
PREF_0038,123.137626299845,42.0939586473418,SSP245,2050,0.0390176311668308
PREF_0039,122.205323620304,39.5949540576238,SSP245,2050,0.0279517505641852
PREF_0040,123.011927242468,40.7139411863433,SSP245,2050,4.03879435367793e-05
PREF_0041,124.655739092978,41.8338385020899,SSP245,2050,0.000526589255930188
PREF_0042,124.569508663334,41.2285187216001,SSP245,2050,0.000105343830448246
PREF_0043,124.39803570562,40.5435782159099,SSP245,2050,0.00308193630522469
PREF_0044,121.614664282512,41.4630033296608,SSP245,2050,0.00350029280865327
PREF_0045,122.463826467916,40.3912799052404,SSP245,2050,0.000127732529394464
PREF_0046,121.955300047318,42.2792591285283,SSP245,2050,5.9917065217685e-05
PREF_0047,123.246473918431,41.1806799239703,SSP245,2050,0.00109350433642041
PREF_0048,121.999956338949,41.0775196761948,SSP245,2050,0.0030264686180187
PREF_0049,124.170649974772,42.6439464142152,SSP245,2050,1.76689743396352e-05
PREF_0050,120.015192643785,41.5112614252467,SSP245,2050,0.00152766314908104
PREF_0051,120.198412871611,40.6244485793518,SSP245,2050,0.000352115808470277
PREF_0052,125.767138904235,44.383844316748,SSP245,2050,0.0131683660929603
PREF_0053,126.843313105594,43.579780227955,SSP245,2050,0.00100087390128412
PREF_0054,124.467586594304,43.5707196443035,SSP245,2050,0.000802364071159079
PREF_0055,125.305555415586,42.8109020657527,SSP245,2050,1.8947607802855e-05
PREF_0056,125.94939040737,41.9556271070022,SSP245,2050,1.83823631710878e-05
PREF_0057,127.285140798257,42.0690338602398,SSP245,2050,0.000179187432385985
PREF_0058,124.475794410416,44.8009885538836,SSP245,2050,0.000158417212057116
PREF_0059,123.011895585646,45.3464495658839,SSP245,2050,0.000170725921316506
PREF_0060,129.123716698607,43.1419306829455,SSP245,2050,0.0208690655385275
PREF_0061,127.957475301674,45.6372933666836,SSP245,2050,0.00533853240080873
PREF_0062,124.545858548084,47.6998644899573,SSP245,2050,0.00111787012461562
PREF_0063,132.286221814204,45.6296122059588,SSP245,2050,1.92108009922087e-06
PREF_0064,130.79895397606,47.6388826442854,SSP245,2050,1.30035989841515e-05
PREF_0065,132.542684595686,46.6797924930002,SSP245,2050,3.72100585255275e-06
PREF_0066,124.699639357736,46.3468595798758,SSP245,2050,0.000343143133688328
PREF_0067,129.211501257341,47.8118250342385,SSP245,2050,0.000485004205984296
PREF_0068,132.259830962042,47.2672022437473,SSP245,2050,1.52185704367369e-05
PREF_0069,130.97359636323,45.9113972452748,SSP245,2050,3.26793995131247e-06
PREF_0070,129.888084713383,44.5962715724084,SSP245,2050,1.88401258868209e-05
PREF_0071,126.98590236696,49.2632238393858,SSP245,2050,6.65591758316486e-05
PREF_0072,126.645484892872,46.8934872676214,SSP245,2050,5.03440507196862e-05
PREF_0073,124.203632357947,52.3257719934708,SSP245,2050,2.94974960967087e-05
PREF_0074,121.469065179995,31.2400932603511,SSP245,2050,0.904734630086365
PREF_0075,118.842533247822,31.9276363127488,SSP245,2050,0.532797481590453
PREF_0076,120.075821213349,31.5263797043919,SSP245,2050,0.12987095706494
PREF_0077,117.516635621497,34.3560882655161,SSP245,2050,0.0307224761315472
PREF_0078,119.637182577956,31.6253407214956,SSP245,2050,0.0689445089960795
PREF_0079,120.651600617082,31.3813326257149,SSP245,2050,0.301355143148643
PREF_0080,121.021757383171,32.1859920652549,SSP245,2050,0.0127216013081288
PREF_0081,119.133600164008,34.5332041344831,SSP245,2050,0.0108285546042903
PREF_0082,118.963773723171,33.352905441794,SSP245,2050,0.0196303373108017
PREF_0083,120.182941259759,33.5090424499879,SSP245,2050,0.0783229944893218
PREF_0084,119.474172338863,32.7381748613515,SSP245,2050,0.00419314896229839
PREF_0085,119.453646392655,32.0166610377772,SSP245,2050,0.00637851029408276
PREF_0086,120.056706940147,32.5713559147387,SSP245,2050,0.00197138958538279
PREF_0087,118.520188650619,33.7841542803303,SSP245,2050,0.000636574538879331
PREF_0088,119.470025342718,29.900285085159,SSP245,2050,0.914736313145072
PREF_0089,121.460669165808,29.7424311496461,SSP245,2050,0.0649327483003941
PREF_0090,120.440431736298,27.9037166774901,SSP245,2050,0.0661654539856825
PREF_0091,120.803418395142,30.6165430813739,SSP245,2050,0.160791442746898
PREF_0092,119.868729351977,30.7443515893504,SSP245,2050,0.0306626670159005
PREF_0093,120.636482898016,29.7351557799873,SSP245,2050,0.0320859575760695
PREF_0094,119.952132815189,29.1182566499995,SSP245,2050,0.0276888282766153
PREF_0095,118.674656457155,28.9345116941443,SSP245,2050,0.00697005771742809
PREF_0096,122.1858465645,30.094795665055,SSP245,2050,
PREF_0097,121.110784250137,28.7726851220614,SSP245,2050,0.0456958793845108
PREF_0098,119.511749600323,28.1993431788513,SSP245,2050,0.0462226268548344
PREF_0099,117.35580112481,31.763442092308,SSP245,2050,0.0900950730215841
PREF_0100,118.134645665742,31.1626738515048,SSP245,2050,0.00309312265302275
PREF_0101,117.325387506481,33.1085742062566,SSP245,2050,0.00123454221536645
PREF_0102,116.768425082043,32.4720014752,SSP245,2050,0.000701620141961401
PREF_0103,118.365129022456,31.6370014190239,SSP245,2050,0.00550590745171153
PREF_0104,116.743475421296,33.7265585515633,SSP245,2050,0.00069303055846548
PREF_0105,117.556068147381,30.8841774126909,SSP245,2050,0.000374161452815436
PREF_0106,116.486727856145,30.5760492508359,SSP245,2050,0.00470317354418037
PREF_0107,118.071057832693,29.9066407089699,SSP245,2050,0.025706868875547
PREF_0108,118.102551296158,32.5441558226879,SSP245,2050,0.00171648561565096
PREF_0109,115.703800824132,32.9173385608118,SSP245,2050,0.000319685013138837
PREF_0110,117.210821682996,33.8586764858289,SSP245,2050,0.000164960758348598
PREF_0111,116.229729649121,31.6600037112846,SSP245,2050,0.00789087499345476
PREF_0112,116.180668765281,33.4354585784111,SSP245,2050,0.00024233842087984
PREF_0113,117.365628813809,30.2837713476417,SSP245,2050,0.00353328809805198
PREF_0114,118.8522388918,30.6862406240494,SSP245,2050,0.00284687308371079
PREF_0115,119.180295391907,26.0497041797646,SSP245,2050,0.366603337660643
PREF_0116,118.115775148551,24.6765311488191,SSP245,2050,0.164404015299726
PREF_0117,118.889519919092,25.4508565510371,SSP245,2050,0.000601775552437123
PREF_0118,117.395920725057,26.2986789881343,SSP245,2050,0.0476567961138228
PREF_0119,118.257295817303,25.2001281731827,SSP245,2050,0.025217597689549
PREF_0120,117.442971020029,24.3664148600507,SSP245,2050,0.0136984940811125
PREF_0121,118.142126484301,27.3390188826295,SSP245,2050,0.0085178087057427
PREF_0122,116.738691781547,25.2928390378304,SSP245,2050,0.00164892553107299
PREF_0123,119.473420606052,26.9749352500293,SSP245,2050,0.0181035187750869
PREF_0124,116.019035787737,28.6493141932215,SSP245,2050,0.112988606138569
PREF_0125,117.269958487373,29.3072781509948,SSP245,2050,0.000549137611151718
PREF_0126,113.902531360959,27.5116244565766,SSP245,2050,0.000317267405694044
PREF_0127,115.452665963283,29.3217658437937,SSP245,2050,0.150489776883458
PREF_0128,114.852565664,27.845201931333,SSP245,2050,0.00117917273394108
PREF_0129,117.108625585849,28.2239761542879,SSP245,2050,0.00108660803232952
PREF_0130,115.272967990124,25.7088441367973,SSP245,2050,0.00824064511922729
PREF_0131,114.824694531561,26.9736376232455,SSP245,2050,0.00138360404826932
PREF_0132,114.972713231006,28.3060669110271,SSP245,2050,0.000740202315730798
PREF_0133,116.434345843721,27.5100032895821,SSP245,2050,0.00387152327207763
PREF_0134,117.472279546934,28.7734120278182,SSP245,2050,0.145370915344468
PREF_0135,117.214758007375,36.6371036906449,SSP245,2050,0.0141637078509758
PREF_0136,120.14258646388,36.4532044794438,SSP245,2050,0.0731098180957839
PREF_0137,118.053300525766,36.6077275134601,SSP245,2050,0.000440608463561532
PREF_0138,117.393293485901,34.9159642466091,SSP245,2050,0.000101938187545336
PREF_0139,118.6016179926,37.6222250628034,SSP245,2050,0.0536447464958751
PREF_0140,120.800566247534,37.2408122682831,SSP245,2050,0.00202270221634027
PREF_0141,119.071101154826,36.5456482708468,SSP245,2050,0.0048479692974146
PREF_0142,116.734962703893,35.3685016602667,SSP245,2050,0.00472930725563736
PREF_0143,117.025831758989,36.0009844651839,SSP245,2050,0.00406597894589278
PREF_0144,121.983077951471,37.1203321280958,SSP245,2050,0.0020022315083208
PREF_0145,119.135110097857,35.5829553353829,SSP245,2050,0.0133462564274844
PREF_0146,118.280468582427,35.3090873873127,SSP245,2050,0.00116209739734729
PREF_0147,116.646405673694,37.247723099715,SSP245,2050,0.000846241904327361
PREF_0148,115.88055802248,36.458517756423,SSP245,2050,0.000194127822940593
PREF_0149,117.837676102068,37.5316276470258,SSP245,2050,0.00138700345270515
PREF_0150,115.692432055622,35.150431351982,SSP245,2050,0.000841906508573298
PREF_0151,113.468976568239,34.6278711177045,SSP245,2050,0.186927876636811
PREF_0152,114.535460237847,34.6039518302676,SSP245,2050,0.00239408019241305
PREF_0153,112.031167865773,34.2910692187165,SSP245,2050,0.0469152959783193
PREF_0154,113.011828896453,33.7953979677855,SSP245,2050,0.00669542878346363
PREF_0155,114.353837962852,35.8764456234909,SSP245,2050,0.000308095986752521
PREF_0156,114.310905140239,35.7216927322557,SSP245,2050,0.00156882806530489
PREF_0157,114.088538154082,35.2621274908395,SSP245,2050,0.00250649589958685
PREF_0158,113.129100373486,35.1168559696007,SSP245,2050,0.00206105586837091
PREF_0159,115.282533764344,35.8084659810573,SSP245,2050,3.51496699808607e-05
PREF_0160,113.709560064792,34.0725916098738,SSP245,2050,0.000824295557097621
PREF_0161,113.899884488326,33.6557464548746,SSP245,2050,2.68635337542511e-05
PREF_0162,111.105884464701,34.3609206095318,SSP245,2050,0.00546478570598374
PREF_0163,112.284501883058,33.0427490633271,SSP245,2050,0.00134867004711636
PREF_0164,115.698209444122,34.2884206487352,SSP245,2050,0.00132072599414101
PREF_0165,114.883896668317,32.0811810042991,SSP245,2050,0.0753615721766913
PREF_0166,114.877788137035,33.7217509803537,SSP245,2050,6.5462788031212e-05
PREF_0167,114.150865504897,32.9233755174143,SSP245,2050,0.00136198417958211
PREF_0168,112.391866857502,35.1002846507087,SSP245,2050,0.000270911059228163
PREF_0169,114.342958062904,30.6235727072449,SSP245,2050,0.531898694490594
PREF_0170,115.025282850923,29.9268279845345,SSP245,2050,0.00871237943502656
PREF_0171,110.442329314318,32.4559194262792,SSP245,2050,0.00177556107729593
PREF_0172,111.135154998307,30.7469181066073,SSP245,2050,0.0764451470835166
PREF_0173,111.937144523176,31.9307004909456,SSP245,2050,0.00268993162465703
PREF_0174,114.755799916571,30.3287028723122,SSP245,2050,0.0025393754878027
PREF_0175,112.608260637099,31.0689590920281,SSP245,2050,0.0100928690879911
PREF_0176,113.879251024466,31.118321699715,SSP245,2050,0.00482627229303034
PREF_0177,112.569990658804,29.9959084538979,SSP245,2050,0.0277379729888144
PREF_0178,115.339730051782,30.7158623244675,SSP245,2050,0.00683682145996389
PREF_0179,114.175159032829,29.6236429680127,SSP245,2050,0.00260055601574916
PREF_0180,113.424087205411,31.8283714602033,SSP245,2050,0.000837455812511601
PREF_0181,109.5490264115,30.1915715047699,SSP245,2050,0.00793280223626247
PREF_0182,113.375090127821,30.2901270371969,SSP245,2050,0.000485191676243613
PREF_0183,112.756076699488,30.3390409625101,SSP245,2050,0.00098138140667281
PREF_0184,113.111775340254,30.6448523272443,SSP245,2050,0.000593891714775974
PREF_0185,110.474742817312,31.5903686798086,SSP245,2050,0.128376946064821
PREF_0186,113.153068557336,28.2269084881488,SSP245,2050,0.280734562542377
PREF_0187,113.516433827533,27.1198351768892,SSP245,2050,0.00200434767250834
PREF_0188,112.602696266354,27.7315616500929,SSP245,2050,0.00348755772807818
PREF_0189,112.574385492858,26.79436065359,SSP245,2050,0.00360601954578632
PREF_0190,110.874693939505,26.913623025858,SSP245,2050,0.00192484322026298
PREF_0191,113.254487509402,29.065312201056,SSP245,2050,0.0268138120792676
PREF_0192,111.519546660834,29.3001132557067,SSP245,2050,0.103070824073593
PREF_0193,110.525585300456,29.3936037299833,SSP245,2050,0.00925605040312682
PREF_0194,111.951002997917,28.5751096389928,SSP245,2050,0.00481020392979481
PREF_0195,113.136744354604,25.8146959533097,SSP245,2050,0.00177614839702756
PREF_0196,111.72943651547,25.7746520474289,SSP245,2050,0.00241476942083518
PREF_0197,110.075373107275,27.5488502671601,SSP245,2050,0.00427920469263565
PREF_0198,111.614322447876,27.7391699389406,SSP245,2050,0.00183860827929272
PREF_0199,109.726927690393,28.6946922948259,SSP245,2050,0.00458239298474383
PREF_0200,113.535746046809,23.3483646738186,SSP245,2050,0.214134715318098
PREF_0201,113.774525426829,24.8205049111224,SSP245,2050,0.011399135598162
PREF_0202,114.126622793796,22.654626617963,SSP245,2050,0.120093448962064
PREF_0203,113.356941044411,22.1700957734541,SSP245,2050,0.0240118551134476
PREF_0204,116.583102846881,23.3333785912082,SSP245,2050,0.00570593715120737
PREF_0205,112.944450818453,23.0064078594495,SSP245,2050,0.00926186140656815
PREF_0206,112.669866962352,22.2812791458628,SSP245,2050,0.00371391631809692
PREF_0207,110.163875328952,21.0964623822923,SSP245,2050,0.00364648633078857
PREF_0208,110.951011375377,22.0152651806508,SSP245,2050,0.000796366206628929
PREF_0209,112.20534935015,23.5375527133138,SSP245,2050,0.00150665189845056
PREF_0210,114.498560296944,23.2427166184876,SSP245,2050,0.00505137389431853
PREF_0211,116.079207187448,24.2027815683028,SSP245,2050,0.0010303875397496
PREF_0212,115.532334174828,23.0147030540659,SSP245,2050,0.00405096547215522
PREF_0213,114.957659869726,24.0444871692152,SSP245,2050,0.000365743071087943
PREF_0214,111.771872471282,22.039380368836,SSP245,2050,0.00047799516509528
PREF_0215,112.874477794154,24.3147376029664,SSP245,2050,0.00133917361753044
PREF_0216,113.875723120169,22.9353135303325,SSP245,2050,0.0141828659349617
PREF_0217,113.384370849443,22.5204665786937,SSP245,2050,0.00932880736764419
PREF_0218,116.772513802174,23.7959351337963,SSP245,2050,0.00343368964865676
PREF_0219,116.116903221298,23.3383237064649,SSP245,2050,0.0025407602829941
PREF_0220,111.793854947701,22.8159126045577,SSP245,2050,9.38626102122697e-05
PREF_0221,108.463204002264,23.0570134259933,SSP245,2050,0.0427167603178149
PREF_0222,109.371349479053,24.9476352314178,SSP245,2050,0.00235747027020039
PREF_0223,110.514166304899,25.3549999670203,SSP245,2050,0.00556615391440285
PREF_0224,110.990355849425,23.4808430929715,SSP245,2050,0.00185386367642504
PREF_0225,109.332625259554,21.6768854375209,SSP245,2050,0.0663887934509551
PREF_0226,107.99784951337,21.8829412007828,SSP245,2050,0.00167583097081103
PREF_0227,109.024637005823,22.1831995553368,SSP245,2050,0.00217712187501229
PREF_0228,109.998509179938,23.3082926540964,SSP245,2050,0.0012138583812904
PREF_0229,110.181453068447,22.4412877442711,SSP245,2050,0.000441590548706849
PREF_0230,106.286719395067,23.9858320761009,SSP245,2050,0.0553091397250234
PREF_0231,111.3622823185,24.3597299388747,SSP245,2050,0.000256363740274712
PREF_0232,107.84197994181,24.6422622116037,SSP245,2050,0.000291352208419915
PREF_0233,109.412929064536,23.854077810817,SSP245,2050,0.00132582509794243
PREF_0234,107.273469604443,22.503021510329,SSP245,2050,0.0608920330400138
PREF_0235,110.420969784745,19.8318476301766,SSP245,2050,0.0247104321790431
PREF_0236,109.418619554525,18.3931107604313,SSP245,2050,0.0162154206817275
PREF_0238,109.401924826546,19.5678467359099,SSP245,2050,0.0323137289286214
PREF_0239,109.5074750392,18.8257030244206,SSP245,2050,0.000796791904192573
PREF_0240,110.403009812029,19.210726699148,SSP245,2050,0.000557562319241645
PREF_0241,110.76965701352,19.7456693812598,SSP245,2050,0.00393096928507131
PREF_0242,110.281926944281,18.8352519695088,SSP245,2050,0.00309471538904793
PREF_0243,108.840187554495,18.994296952827,SSP245,2050,0.0069333594314559
PREF_0244,110.307625139388,19.4851544870951,SSP245,2050,0.000197380615183484
PREF_0245,110.051124424786,19.3429042887909,SSP245,2050,6.85473435616535e-05
PREF_0246,109.985143624302,19.6884173804261,SSP245,2050,0.00163105343302894
PREF_0247,109.71326666417,19.8019150407495,SSP245,2050,0.000476259107281996
PREF_0248,109.347924805645,19.2114046881232,SSP245,2050,0.000478329360895424
PREF_0249,109.000610703777,19.2177381682593,SSP245,2050,0.00803672954370094
PREF_0250,109.052307358808,18.6541995851467,SSP245,2050,0.0653244969243355
PREF_0251,109.937903305097,18.5715719407355,SSP245,2050,0.0026960115078678
PREF_0252,109.646577677606,18.5914097857582,SSP245,2050,0.000338894564568371
PREF_0253,109.85094471885,19.0351686429588,SSP245,2050,0.00134854499507331
PREF_0254,107.87440300651,30.0572234159166,SSP245,2050,0.217762563535989
PREF_0255,103.929954385757,30.6534270171105,SSP245,2050,0.326352541438681
PREF_0256,104.682845569553,29.286580401007,SSP245,2050,0.00252682726173892
PREF_0257,101.729482846343,26.8069142090478,SSP245,2050,0.00420553695973058
PREF_0258,105.666515439982,28.4401661930112,SSP245,2050,0.00380463409364951
PREF_0259,104.43501549654,31.1301839270514,SSP245,2050,0.0286337672751057
PREF_0260,104.703260466676,31.8489839013939,SSP245,2050,0.0255620219145931
PREF_0261,105.782489510542,32.2621985146646,SSP245,2050,0.0271447908178306
PREF_0262,105.471625702131,30.6316146808222,SSP245,2050,0.000297714265231064
PREF_0263,104.91139691779,29.640688504834,SSP245,2050,0.000248343030146758
PREF_0264,103.570361564462,29.2160737820306,SSP245,2050,0.00416577597463619
PREF_0265,106.203780772366,31.1956107790993,SSP245,2050,0.000351959999377871
PREF_0266,103.758233478023,29.929927898061,SSP245,2050,0.127215729395998
PREF_0267,104.635615341643,28.5732579436036,SSP245,2050,0.00311297562731339
PREF_0268,106.663311799101,30.4262180393733,SSP245,2050,1.83325538573031e-05
PREF_0269,107.644771952834,31.36588371825,SSP245,2050,0.0013845998767652
PREF_0270,102.663801134515,29.9122179487174,SSP245,2050,0.06437452607754
PREF_0271,107.038027941735,32.0170373348411,SSP245,2050,0.000400565560107036
PREF_0272,105.115391387731,30.100388308182,SSP245,2050,9.78169321680378e-05
PREF_0273,102.608155786342,32.4002996748412,SSP245,2050,0.100378212904554
PREF_0274,99.9970181932757,30.9485603231945,SSP245,2050,0.0166037683700024
PREF_0275,102.079579757462,27.8865867601347,SSP245,2050,0.00739702171759382
PREF_0276,106.706471671867,26.8415517033133,SSP245,2050,0.0395050557696584
PREF_0277,104.891172500966,26.1352092423209,SSP245,2050,0.000956725514447698
PREF_0278,107.084921064145,28.1685253286438,SSP245,2050,0.0207380554234881
PREF_0279,105.949001883575,25.9950599922776,SSP245,2050,0.00129507564276077
PREF_0280,105.214668618187,27.0673736202101,SSP245,2050,0.00677595096854355
PREF_0281,108.541267530869,27.9718781050439,SSP245,2050,0.00131506763012823
PREF_0282,105.464382926591,25.2655219858669,SSP245,2050,0.00100399488020464
PREF_0283,108.557547343821,26.5057258991906,SSP245,2050,0.000689108083929191
PREF_0284,107.25007442265,26.0131075992171,SSP245,2050,0.00276535172894576
PREF_0285,102.872805571015,25.3871144823286,SSP245,2050,0.0136783062354622
PREF_0286,103.937741370522,25.7035647239763,SSP245,2050,0.000256235174844188
PREF_0287,102.201916578749,24.1396230718,SSP245,2050,0.00251430161603816
PREF_0288,98.9709390425275,24.9767356749139,SSP245,2050,0.053143575066269
PREF_0289,104.002151079261,27.6534954381893,SSP245,2050,2.35797339056543e-05
PREF_0290,100.523900678028,26.9406607686172,SSP245,2050,0.00858596601258699
PREF_0291,100.720356313581,23.1860093826598,SSP245,2050,0.0084221589686877
PREF_0292,99.6736831329065,23.9398166034017,SSP245,2050,0.00137838824293512
PREF_0293,101.568070531858,25.3519101763082,SSP245,2050,0.00518763784913479
PREF_0294,103.035048660128,23.4397577395395,SSP245,2050,0.00177355938399881
PREF_0295,104.714447004675,23.6889945340357,SSP245,2050,0.000816411913178716
PREF_0296,100.944060251825,21.9307652171919,SSP245,2050,0.0433707779779562
PREF_0297,100.039232738163,25.7279958620396,SSP245,2050,0.0262806774553104
PREF_0298,98.0850212177583,24.5590009063044,SSP245,2050,0.0708521222869346
PREF_0299,98.8696037324368,26.9595718331434,SSP245,2050,0.00535836992585081
PREF_0300,99.4397682650685,27.9569827173524,SSP245,2050,0.00616654575416775
PREF_0301,91.0897778571989,30.0369929194074,SSP245,2050,0.0132725954095877
PREF_0302,86.4837372882426,29.4912237039721,SSP245,2050,0.0242479982287716
PREF_0303,97.0384869242498,30.7746711725119,SSP245,2050,0.00144809886637032
PREF_0304,95.2436937211529,29.2019687257004,SSP245,2050,0.120322264876096
PREF_0305,92.2646949953206,28.2980944518944,SSP245,2050,0.0167297245414901
PREF_0306,89.2571959012187,32.7359811491026,SSP245,2050,0.000640455955936536
PREF_0307,82.5578345637871,33.0293923100188,SSP245,2050,0.000647645379520001
PREF_0308,108.791854450862,34.106924250675,SSP245,2050,0.0474386729044019
PREF_0309,109.032153282048,35.1956651677704,SSP245,2050,8.84543165291518e-06
PREF_0310,107.200029870516,34.3787894198332,SSP245,2050,0.00112773224698115
PREF_0311,108.390466785722,34.7845382326763,SSP245,2050,0.0164576680452616
PREF_0312,109.850766835986,34.950047690257,SSP245,2050,0.0016302746914203
PREF_0313,109.315202723372,36.4371839750012,SSP245,2050,0.00105741422354688
PREF_0314,107.101514151531,33.0905545386454,SSP245,2050,0.0634229287729584
PREF_0315,109.566254380927,38.0378175734505,SSP245,2050,0.000398881874139834
PREF_0316,108.926544708739,32.757233182988,SSP245,2050,0.000784419972091222
PREF_0317,109.901268777651,33.6470969414652,SSP245,2050,0.000319194038772785
PREF_0318,103.654184531251,36.3500430935287,SSP245,2050,0.0468473385525828
PREF_0319,98.2096194867174,39.8290269898253,SSP245,2050,7.30858563546821e-06
PREF_0320,102.046936471831,38.4325725742986,SSP245,2050,5.58497721975249e-05
PREF_0321,104.621395249623,36.6134910915472,SSP245,2050,0.000106073294779074
PREF_0322,105.737208308216,34.6476946370737,SSP245,2050,0.000674196674243066
PREF_0323,103.056537612753,38.1665346464537,SSP245,2050,0.000521841751916052
PREF_0324,99.8278028838748,38.9529923354242,SSP245,2050,0.00234431483360498
PREF_0325,106.645753241326,35.3058828845902,SSP245,2050,0.000166500865737329
PREF_0326,96.0556633550248,40.260184938378,SSP245,2050,0.000108244022488768
PREF_0327,107.590550419631,36.1620214181463,SSP245,2050,0.00612269247953523
PREF_0328,104.452510541131,35.1198674637214,SSP245,2050,0.000762390375905642
PREF_0329,105.220350422395,33.5972701109345,SSP245,2050,0.00159675895438505
PREF_0330,103.280169886887,35.6301833324338,SSP245,2050,0.000260272812281692
PREF_0331,102.766564922225,34.3223304987986,SSP245,2050,0.0133356337973995
PREF_0332,101.437457951386,36.8279701149894,SSP245,2050,0.032310951460912
PREF_0333,102.343691531015,36.3320151689351,SSP245,2050,0.00838462531268958
PREF_0334,100.302910572808,37.7589249826958,SSP245,2050,0.0230036569848119
PREF_0335,101.629425109548,35.022119343186,SSP245,2050,0.000455351044842178
PREF_0336,100.257670988381,35.8999822260154,SSP245,2050,0.0375991098663874
PREF_0337,99.4199373434216,34.1157432840334,SSP245,2050,0.00197444775210553
PREF_0338,94.3213877752006,34.2108563391637,SSP245,2050,0.0354012102277714
PREF_0339,94.5310653939951,36.7123595619951,SSP245,2050,0.020734717886545
PREF_0340,106.345209953701,38.2799544735338,SSP245,2050,0.00470113329681299
PREF_0341,106.513046043903,39.0065028203354,SSP245,2050,0.000212626360249213
PREF_0342,106.527562074545,37.4616613320997,SSP245,2050,0.000101057384484515
PREF_0343,106.180718287451,35.9149174435308,SSP245,2050,0.00338108823698824
PREF_0344,105.50095648294,37.0137223362795,SSP245,2050,0.000125523452167764
PREF_0345,87.7864948843258,43.7535036134194,SSP245,2050,0.0338226025163773
PREF_0346,85.1895002101539,45.4754926341596,SSP245,2050,0.00470698088742572
PREF_0347,89.815629633217,42.3913032516545,SSP245,2050,2.20097866441282e-05
PREF_0348,93.5147276857982,43.0389443814081,SSP245,2050,5.0254337678135e-05
PREF_0349,88.6325398965762,44.3456950213978,SSP245,2050,0.0225170286985004
PREF_0350,82.1059132168765,44.7311707957691,SSP245,2050,0.00032819815082763
PREF_0351,87.4661713634175,39.4907900907797,SSP245,2050,0.00381105788683478
PREF_0352,81.5485869391361,40.9627162026591,SSP245,2050,0.000219062709636231
PREF_0353,75.9455428738829,39.6561895503,SSP245,2050,0.000377819914932687
PREF_0354,77.1874398100588,38.1261251592131,SSP245,2050,0.0025568362735876
PREF_0355,80.9226253535944,37.0715380101512,SSP245,2050,0.00208208227060525
PREF_0356,82.1233333018035,43.4460517923895,SSP245,2050,0.0192592562207582
PREF_0357,84.7897215181362,45.6420659046148,SSP245,2050,0.0226320654143524
PREF_0358,88.4041846646969,46.907005776288,SSP245,2050,0.197738389071063
PREF_0359,86.0356695052122,44.3055193131897,SSP245,2050,0.00109217647228022
PREF_0360,81.3100738005355,40.5982692764772,SSP245,2050,2.11348185522597e-05
PREF_0361,79.0259048047934,39.8438367011761,SSP245,2050,2.59264021407191e-06
PREF_0362,87.554725867094,44.3616945203136,SSP245,2050,2.12454218275759e-05
PREF_0363,87.9837059846626,47.2417775193536,SSP245,2050,0.000207785598105747
PREF_0365,82.3440729928643,44.8522161448952,SSP245,2050,1.40350020605418e-07
PREF_0366,80.6830235814472,43.9325279896843,SSP245,2050,3.39305533079148e-05
PREF_0367,79.3619267343794,37.3626499181998,SSP245,2050,6.02424762563558e-05
PREF_0368,84.781122501724,44.8185332541682,SSP245,2050,0.000272837552614202
PREF_0369,120.967869142155,23.7470626562012,SSP245,2050,0.0136898665857627
PREF_0370,114.1343242378,22.381274185077,SSP245,2050,0.041142082688551
PREF_0371,113.561375464429,22.1630230696564,SSP245,2050,
PREF_0001,116.41228426717,40.18554306975,SSP245,2080,1
PREF_0002,117.334038439083,39.2934261784069,SSP245,2080,0.774807214114009
PREF_0003,114.439869046953,38.1312704711954,SSP245,2080,0.00921040878911916
PREF_0004,118.335893338026,39.721237129033,SSP245,2080,0.174593232059076
PREF_0005,119.18504322806,40.0879714867578,SSP245,2080,0.00789631392821966
PREF_0006,114.542071716664,36.5529972394931,SSP245,2080,0.000564419562727681
PREF_0007,114.815897649124,37.2126414474834,SSP245,2080,0.000726733791937662
PREF_0008,115.170561809715,39.0212666741669,SSP245,2080,0.00051359310101784
PREF_0009,115.032446780788,40.8651179626447,SSP245,2080,0.115153220620514
PREF_0010,117.548592960558,41.3476139006133,SSP245,2080,0.00351244406899565
PREF_0011,116.753295617347,38.2667749970675,SSP245,2080,0.000126757856374504
PREF_0012,116.628047536647,39.2592148177462,SSP245,2080,0.0160301166585228
PREF_0013,115.823192787472,37.7625466130914,SSP245,2080,7.5494050677527e-05
PREF_0014,112.316082717194,37.959207330532,SSP245,2080,0.00736035773519272
PREF_0015,113.722311327971,39.8994625456914,SSP245,2080,0.000444612781572262
PREF_0016,113.498951100883,38.0635408679591,SSP245,2080,1.80297463252543e-05
PREF_0017,112.916777736781,36.4752960616079,SSP245,2080,0.00604506529009963
PREF_0018,112.707634484679,35.6106436714664,SSP245,2080,0.000933107776250774
PREF_0019,112.641470912658,39.6172750013344,SSP245,2080,5.09481661503664e-06
PREF_0020,112.963178418287,37.3273359357114,SSP245,2080,0.00236593033420829
PREF_0021,111.063414501381,35.1866054090188,SSP245,2080,0.0108962288040392
PREF_0022,112.407411408649,38.881868940379,SSP245,2080,0.000281174354836322
PREF_0023,111.376944525406,36.2269282788253,SSP245,2080,0.000354162156318449
PREF_0024,111.263177184034,37.6784859107261,SSP245,2080,4.52795445329279e-05
PREF_0025,111.498141174348,40.5905792558338,SSP245,2080,0.00415802386790998
PREF_0026,110.256725283458,41.5509244549057,SSP245,2080,3.14876955583854e-05
PREF_0027,106.869226668268,39.4264852418261,SSP245,2080,0.000156285221202479
PREF_0028,118.871463718702,43.2215046345057,SSP245,2080,0.000454190550194022
PREF_0029,121.570346028635,43.8159763824953,SSP245,2080,3.05733302430333e-06
PREF_0030,108.629234003992,39.4115750031708,SSP245,2080,0.000297104109783009
PREF_0031,121.19659210836,49.6614008345483,SSP245,2080,0.0338336603912053
PREF_0032,107.564831321024,41.4454323777836,SSP245,2080,0.000138795070836362
PREF_0033,112.443637083244,41.6818240218822,SSP245,2080,0.000112423613621515
PREF_0034,121.336362650093,46.2252751297965,SSP245,2080,1.91061451190189e-05
PREF_0035,115.482393740881,44.1928695824004,SSP245,2080,0.00289197401069863
PREF_0036,102.447745283343,40.4974270881128,SSP245,2080,0.00875811089437717
PREF_0037,125.565936095502,40.6862713036231,SSP245,2080,6.87296993107101e-06
PREF_0038,123.137626299845,42.0939586473418,SSP245,2080,0.0414662369807454
PREF_0039,122.205323620304,39.5949540576238,SSP245,2080,0.0273944642655675
PREF_0040,123.011927242468,40.7139411863433,SSP245,2080,6.31646337645453e-06
PREF_0041,124.655739092978,41.8338385020899,SSP245,2080,0.000211319148262668
PREF_0042,124.569508663334,41.2285187216001,SSP245,2080,2.78084730547246e-05
PREF_0043,124.39803570562,40.5435782159099,SSP245,2080,0.00177244261302101
PREF_0044,121.614664282512,41.4630033296608,SSP245,2080,0.00199659401292718
PREF_0045,122.463826467916,40.3912799052404,SSP245,2080,3.51636398323585e-05
PREF_0046,121.955300047318,42.2792591285283,SSP245,2080,1.29479555670553e-05
PREF_0047,123.246473918431,41.1806799239703,SSP245,2080,0.000482785247118978
PREF_0048,121.999956338949,41.0775196761948,SSP245,2080,0.00164977348299267
PREF_0049,124.170649974772,42.6439464142152,SSP245,2080,2.95015981510716e-06
PREF_0050,120.015192643785,41.5112614252467,SSP245,2080,0.000698194862910118
PREF_0051,120.198412871611,40.6244485793518,SSP245,2080,0.000122236238258244
PREF_0052,125.767138904235,44.383844316748,SSP245,2080,0.0107615156878452
PREF_0053,126.843313105594,43.579780227955,SSP245,2080,0.00042408445851283
PREF_0054,124.467586594304,43.5707196443035,SSP245,2080,0.000330481747047418
PREF_0055,125.305555415586,42.8109020657527,SSP245,2080,3.30735251163894e-06
PREF_0056,125.94939040737,41.9556271070022,SSP245,2080,2.70090931453471e-06
PREF_0057,127.285140798257,42.0690338602398,SSP245,2080,4.86613035499683e-05
PREF_0058,124.475794410416,44.8009885538836,SSP245,2080,5.05724910743188e-05
PREF_0059,123.011895585646,45.3464495658839,SSP245,2080,6.11892017395865e-05
PREF_0060,129.123716698607,43.1419306829455,SSP245,2080,0.0189414544573597
PREF_0061,127.957475301674,45.6372933666836,SSP245,2080,0.00350098806555133
PREF_0062,124.545858548084,47.6998644899573,SSP245,2080,0.000502948869662179
PREF_0063,132.286221814204,45.6296122059588,SSP245,2080,2.53113925041681e-07
PREF_0064,130.79895397606,47.6388826442854,SSP245,2080,1.82870798248747e-06
PREF_0065,132.542684595686,46.6797924930002,SSP245,2080,3.72652717017807e-07
PREF_0066,124.699639357736,46.3468595798758,SSP245,2080,0.00011001623657525
PREF_0067,129.211501257341,47.8118250342385,SSP245,2080,0.000170180883970583
PREF_0068,132.259830962042,47.2672022437473,SSP245,2080,2.5104519790764e-06
PREF_0069,130.97359636323,45.9113972452748,SSP245,2080,4.00169698711039e-07
PREF_0070,129.888084713383,44.5962715724084,SSP245,2080,3.43572375116619e-06
PREF_0071,126.98590236696,49.2632238393858,SSP245,2080,1.60474065028504e-05
PREF_0072,126.645484892872,46.8934872676214,SSP245,2080,1.20727939607601e-05
PREF_0073,124.203632357947,52.3257719934708,SSP245,2080,4.91683726289161e-06
PREF_0074,121.469065179995,31.2400932603511,SSP245,2080,0.999632360024283
PREF_0075,118.842533247822,31.9276363127488,SSP245,2080,0.899697510581136
PREF_0076,120.075821213349,31.5263797043919,SSP245,2080,0.201200374149789
PREF_0077,117.516635621497,34.3560882655161,SSP245,2080,0.0307889674505282
PREF_0078,119.637182577956,31.6253407214956,SSP245,2080,0.0873458700488314
PREF_0079,120.651600617082,31.3813326257149,SSP245,2080,0.520578575355285
PREF_0080,121.021757383171,32.1859920652549,SSP245,2080,0.00913478722226813
PREF_0081,119.133600164008,34.5332041344831,SSP245,2080,0.00798128017662958
PREF_0082,118.963773723171,33.352905441794,SSP245,2080,0.0169394950626076
PREF_0083,120.182941259759,33.5090424499879,SSP245,2080,0.106565769263922
PREF_0084,119.474172338863,32.7381748613515,SSP245,2080,0.00211110233182066
PREF_0085,119.453646392655,32.0166610377772,SSP245,2080,0.00387973076502779
PREF_0086,120.056706940147,32.5713559147387,SSP245,2080,0.000750961895453872
PREF_0087,118.520188650619,33.7841542803303,SSP245,2080,0.000157073643209493
PREF_0088,119.470025342718,29.900285085159,SSP245,2080,0.99969128564112
PREF_0089,121.460669165808,29.7424311496461,SSP245,2080,0.0812128363606305
PREF_0090,120.440431736298,27.9037166774901,SSP245,2080,0.0798493741514337
PREF_0091,120.803418395142,30.6165430813739,SSP245,2080,0.253919308093802
PREF_0092,119.868729351977,30.7443515893504,SSP245,2080,0.0307211100517425
PREF_0093,120.636482898016,29.7351557799873,SSP245,2080,0.0325278643779993
PREF_0094,119.952132815189,29.1182566499995,SSP245,2080,0.0269659787807448
PREF_0095,118.674656457155,28.9345116941443,SSP245,2080,0.00467729415185703
PREF_0096,122.1858465645,30.094795665055,SSP245,2080,
PREF_0097,121.110784250137,28.7726851220614,SSP245,2080,0.0506675852532702
PREF_0098,119.511749600323,28.1993431788513,SSP245,2080,0.0507101910788528
PREF_0099,117.35580112481,31.763442092308,SSP245,2080,0.126040510448134
PREF_0100,118.134645665742,31.1626738515048,SSP245,2080,0.00155146773964832
PREF_0101,117.325387506481,33.1085742062566,SSP245,2080,0.000321080016613018
PREF_0102,116.768425082043,32.4720014752,SSP245,2080,0.000203821748740229
PREF_0103,118.365129022456,31.6370014190239,SSP245,2080,0.003264374626329
PREF_0104,116.743475421296,33.7265585515633,SSP245,2080,0.000178759649499094
PREF_0105,117.556068147381,30.8841774126909,SSP245,2080,0.000102610764782463
PREF_0106,116.486727856145,30.5760492508359,SSP245,2080,0.00254222962763295
PREF_0107,118.071057832693,29.9066407089699,SSP245,2080,0.0245147088932011
PREF_0108,118.102551296158,32.5441558226879,SSP245,2080,0.000683054649802894
PREF_0109,115.703800824132,32.9173385608118,SSP245,2080,5.85768458932767e-05
PREF_0110,117.210821682996,33.8586764858289,SSP245,2080,3.42832476937227e-05
PREF_0111,116.229729649121,31.6600037112846,SSP245,2080,0.00478479120477771
PREF_0112,116.180668765281,33.4354585784111,SSP245,2080,4.46562775379133e-05
PREF_0113,117.365628813809,30.2837713476417,SSP245,2080,0.00186509589260209
PREF_0114,118.8522388918,30.6862406240494,SSP245,2080,0.00147818035177938
PREF_0115,119.180295391907,26.0497041797646,SSP245,2080,0.557179334714892
PREF_0116,118.115775148551,24.6765311488191,SSP245,2080,0.229980451524587
PREF_0117,118.889519919092,25.4508565510371,SSP245,2080,0.000260083137442746
PREF_0118,117.395920725057,26.2986789881343,SSP245,2080,0.052860503518448
PREF_0119,118.257295817303,25.2001281731827,SSP245,2080,0.0241458844994813
PREF_0120,117.442971020029,24.3664148600507,SSP245,2080,0.0114502743890204
PREF_0121,118.142126484301,27.3390188826295,SSP245,2080,0.00655513597639035
PREF_0122,116.738691781547,25.2928390378304,SSP245,2080,0.000851089249644943
PREF_0123,119.473420606052,26.9749352500293,SSP245,2080,0.0164354039941216
PREF_0124,116.019035787737,28.6493141932215,SSP245,2080,0.162661522173659
PREF_0125,117.269958487373,29.3072781509948,SSP245,2080,0.000166027969017213
PREF_0126,113.902531360959,27.5116244565766,SSP245,2080,8.13262429456563e-05
PREF_0127,115.452665963283,29.3217658437937,SSP245,2080,0.23017652660578
PREF_0128,114.852565664,27.845201931333,SSP245,2080,0.000491906294322608
PREF_0129,117.108625585849,28.2239761542879,SSP245,2080,0.000533972333334409
PREF_0130,115.272967990124,25.7088441367973,SSP245,2080,0.0063260918305208
PREF_0131,114.824694531561,26.9736376232455,SSP245,2080,0.000721197678904217
PREF_0132,114.972713231006,28.3060669110271,SSP245,2080,0.000225030810843907
PREF_0133,116.434345843721,27.5100032895821,SSP245,2080,0.00237292333437467
PREF_0134,117.472279546934,28.7734120278182,SSP245,2080,0.206105836285732
PREF_0135,117.214758007375,36.6371036906449,SSP245,2080,0.0115310025797492
PREF_0136,120.14258646388,36.4532044794438,SSP245,2080,0.0922241491086103
PREF_0137,118.053300525766,36.6077275134601,SSP245,2080,0.000139226991152541
PREF_0138,117.393293485901,34.9159642466091,SSP245,2080,2.07473350457565e-05
PREF_0139,118.6016179926,37.6222250628034,SSP245,2080,0.0614373992176259
PREF_0140,120.800566247534,37.2408122682831,SSP245,2080,0.001012399488722
PREF_0141,119.071101154826,36.5456482708468,SSP245,2080,0.0029963347063714
PREF_0142,116.734962703893,35.3685016602667,SSP245,2080,0.00295267944633282
PREF_0143,117.025831758989,36.0009844651839,SSP245,2080,0.00233661381327499
PREF_0144,121.983077951471,37.1203321280958,SSP245,2080,0.000988517156400914
PREF_0145,119.135110097857,35.5829553353829,SSP245,2080,0.0110684570039309
PREF_0146,118.280468582427,35.3090873873127,SSP245,2080,0.000471527696601748
PREF_0147,116.646405673694,37.247723099715,SSP245,2080,0.000302206886477641
PREF_0148,115.88055802248,36.458517756423,SSP245,2080,4.31002978561468e-05
PREF_0149,117.837676102068,37.5316276470258,SSP245,2080,0.000602996009423706
PREF_0150,115.692432055622,35.150431351982,SSP245,2080,0.000285229299336831
PREF_0151,113.468976568239,34.6278711177045,SSP245,2080,0.336228197086304
PREF_0152,114.535460237847,34.6039518302676,SSP245,2080,0.0010539750246511
PREF_0153,112.031167865773,34.2910692187165,SSP245,2080,0.0533410861320416
PREF_0154,113.011828896453,33.7953979677855,SSP245,2080,0.00397158351007065
PREF_0155,114.353837962852,35.8764456234909,SSP245,2080,8.33188727265011e-05
PREF_0156,114.310905140239,35.7216927322557,SSP245,2080,0.000674539085092074
PREF_0157,114.088538154082,35.2621274908395,SSP245,2080,0.00116237305796352
PREF_0158,113.129100373486,35.1168559696007,SSP245,2080,0.000904280738740049
PREF_0159,115.282533764344,35.8084659810573,SSP245,2080,3.95852865253676e-06
PREF_0160,113.709560064792,34.0725916098738,SSP245,2080,0.000202261430827133
PREF_0161,113.899884488326,33.6557464548746,SSP245,2080,2.35462695608035e-06
PREF_0162,111.105884464701,34.3609206095318,SSP245,2080,0.0032631437984697
PREF_0163,112.284501883058,33.0427490633271,SSP245,2080,0.00048903629244379
PREF_0164,115.698209444122,34.2884206487352,SSP245,2080,0.000468570786089972
PREF_0165,114.883896668317,32.0811810042991,SSP245,2080,0.10431175034468
PREF_0166,114.877788137035,33.7217509803537,SSP245,2080,7.37749052670544e-06
PREF_0167,114.150865504897,32.9233755174143,SSP245,2080,0.00050334373694283
PREF_0168,112.391866857502,35.1002846507087,SSP245,2080,6.95724170352019e-05
PREF_0169,114.342958062904,30.6235727072449,SSP245,2080,0.880377360034597
PREF_0170,115.025282850923,29.9268279845345,SSP245,2080,0.00570578179883785
PREF_0171,110.442329314318,32.4559194262792,SSP245,2080,0.0007329172110625
PREF_0172,111.135154998307,30.7469181066073,SSP245,2080,0.10011433482517
PREF_0173,111.937144523176,31.9307004909456,SSP245,2080,0.00124441539171438
PREF_0174,114.755799916571,30.3287028723122,SSP245,2080,0.00104273078149419
PREF_0175,112.608260637099,31.0689590920281,SSP245,2080,0.00687687332974363
PREF_0176,113.879251024466,31.118321699715,SSP245,2080,0.00270084394391845
PREF_0177,112.569990658804,29.9959084538979,SSP245,2080,0.0268003080722757
PREF_0178,115.339730051782,30.7158623244675,SSP245,2080,0.00402876889921722
PREF_0179,114.175159032829,29.6236429680127,SSP245,2080,0.00118511251321562
PREF_0180,113.424087205411,31.8283714602033,SSP245,2080,0.000251258484506356
PREF_0181,109.5490264115,30.1915715047699,SSP245,2080,0.00503033486617011
PREF_0182,113.375090127821,30.2901270371969,SSP245,2080,0.000123778140752817
PREF_0183,112.756076699488,30.3390409625101,SSP245,2080,0.00028680443730722
PREF_0184,113.111775340254,30.6448523272443,SSP245,2080,0.00016367683476437
PREF_0185,110.474742817312,31.5903686798086,SSP245,2080,0.189938944035219
PREF_0186,113.153068557336,28.2269084881488,SSP245,2080,0.463304211958821
PREF_0187,113.516433827533,27.1198351768892,SSP245,2080,0.000882381082654482
PREF_0188,112.602696266354,27.7315616500929,SSP245,2080,0.00184402758810587
PREF_0189,112.574385492858,26.79436065359,SSP245,2080,0.00199775676470804
PREF_0190,110.874693939505,26.913623025858,SSP245,2080,0.0009034647624796
PREF_0191,113.254487509402,29.065312201056,SSP245,2080,0.0257346888004504
PREF_0192,111.519546660834,29.3001132557067,SSP245,2080,0.147623279811074
PREF_0193,110.525585300456,29.3936037299833,SSP245,2080,0.00630777807925165
PREF_0194,111.951002997917,28.5751096389928,SSP245,2080,0.00267063959655689
PREF_0195,113.136744354604,25.8146959533097,SSP245,2080,0.000813229750831979
PREF_0196,111.72943651547,25.7746520474289,SSP245,2080,0.00134493906769873
PREF_0197,110.075373107275,27.5488502671601,SSP245,2080,0.00257534805098547
PREF_0198,111.614322447876,27.7391699389406,SSP245,2080,0.000802775594949456
PREF_0199,109.726927690393,28.6946922948259,SSP245,2080,0.00264860461156369
PREF_0200,113.535746046809,23.3483646738186,SSP245,2080,0.348715191684896
PREF_0201,113.774525426829,24.8205049111224,SSP245,2080,0.00885258120013344
PREF_0202,114.126622793796,22.654626617963,SSP245,2080,0.170653467076561
PREF_0203,113.356941044411,22.1700957734541,SSP245,2080,0.0224660707261307
PREF_0204,116.583102846881,23.3333785912082,SSP245,2080,0.0039937762540857
PREF_0205,112.944450818453,23.0064078594495,SSP245,2080,0.00704841535835676
PREF_0206,112.669866962352,22.2812791458628,SSP245,2080,0.00215473481902428
PREF_0207,110.163875328952,21.0964623822923,SSP245,2080,0.00229578229633132
PREF_0208,110.951011375377,22.0152651806508,SSP245,2080,0.000347611893470545
PREF_0209,112.20534935015,23.5375527133138,SSP245,2080,0.000747128538931774
PREF_0210,114.498560296944,23.2427166184876,SSP245,2080,0.00320832338759691
PREF_0211,116.079207187448,24.2027815683028,SSP245,2080,0.000422283378439414
PREF_0212,115.532334174828,23.0147030540659,SSP245,2080,0.00242637424028724
PREF_0213,114.957659869726,24.0444871692152,SSP245,2080,0.000124532707913239
PREF_0214,111.771872471282,22.039380368836,SSP245,2080,0.000197787452872245
PREF_0215,112.874477794154,24.3147376029664,SSP245,2080,0.000585813621507225
PREF_0216,113.875723120169,22.9353135303325,SSP245,2080,0.011275918791824
PREF_0217,113.384370849443,22.5204665786937,SSP245,2080,0.00703018138314149
PREF_0218,116.772513802174,23.7959351337963,SSP245,2080,0.00199774113371343
PREF_0219,116.116903221298,23.3383237064649,SSP245,2080,0.00134938842583565
PREF_0220,111.793854947701,22.8159126045577,SSP245,2080,2.67392839814473e-05
PREF_0221,108.463204002264,23.0570134259933,SSP245,2080,0.046168884145854
PREF_0222,109.371349479053,24.9476352314178,SSP245,2080,0.00121052979822733
PREF_0223,110.514166304899,25.3549999670203,SSP245,2080,0.00376637518252454
PREF_0224,110.990355849425,23.4808430929715,SSP245,2080,0.000947567858437859
PREF_0225,109.332625259554,21.6768854375209,SSP245,2080,0.0845135942788303
PREF_0226,107.99784951337,21.8829412007828,SSP245,2080,0.0007536695361956
PREF_0227,109.024637005823,22.1831995553368,SSP245,2080,0.00108402359608173
PREF_0228,109.998509179938,23.3082926540964,SSP245,2080,0.000459314428542967
PREF_0229,110.181453068447,22.4412877442711,SSP245,2080,0.000118426609759581
PREF_0230,106.286719395067,23.9858320761009,SSP245,2080,0.0639406889397373
PREF_0231,111.3622823185,24.3597299388747,SSP245,2080,7.19684195762405e-05
PREF_0232,107.84197994181,24.6422622116037,SSP245,2080,9.0599873420194e-05
PREF_0233,109.412929064536,23.854077810817,SSP245,2080,0.000629588032180384
PREF_0234,107.273469604443,22.503021510329,SSP245,2080,0.071544876814774
PREF_0235,110.420969784745,19.8318476301766,SSP245,2080,0.0236721218480974
PREF_0236,109.418619554525,18.3931107604313,SSP245,2080,0.0134024756635022
PREF_0238,109.401924826546,19.5678467359099,SSP245,2080,0.0327986330442949
PREF_0239,109.5074750392,18.8257030244206,SSP245,2080,0.000318508509913551
PREF_0240,110.403009812029,19.210726699148,SSP245,2080,0.000215531298943916
PREF_0241,110.76965701352,19.7456693812598,SSP245,2080,0.00236302133197097
PREF_0242,110.281926944281,18.8352519695088,SSP245,2080,0.00183199219089403
PREF_0243,108.840187554495,18.994296952827,SSP245,2080,0.00471678933448816
PREF_0244,110.307625139388,19.4851544870951,SSP245,2080,6.01578073005094e-05
PREF_0245,110.051124424786,19.3429042887909,SSP245,2080,1.69859119515392e-05
PREF_0246,109.985143624302,19.6884173804261,SSP245,2080,0.000844506762408548
PREF_0247,109.71326666417,19.8019150407495,SSP245,2080,0.000169900079105556
PREF_0248,109.347924805645,19.2114046881232,SSP245,2080,0.000139140296690266
PREF_0249,109.000610703777,19.2177381682593,SSP245,2080,0.00566770449091081
PREF_0250,109.052307358808,18.6541995851467,SSP245,2080,0.0793130773733348
PREF_0251,109.937903305097,18.5715719407355,SSP245,2080,0.00143073611505851
PREF_0252,109.646577677606,18.5914097857582,SSP245,2080,0.000123728133088807
PREF_0253,109.85094471885,19.0351686429588,SSP245,2080,0.000676634618397842
PREF_0254,107.87440300651,30.0572234159166,SSP245,2080,0.342394507300275
PREF_0255,103.929954385757,30.6534270171105,SSP245,2080,0.61532954993341
PREF_0256,104.682845569553,29.286580401007,SSP245,2080,0.00126923090601871
PREF_0257,101.729482846343,26.8069142090478,SSP245,2080,0.00220254669607178
PREF_0258,105.666515439982,28.4401661930112,SSP245,2080,0.001983603410321
PREF_0259,104.43501549654,31.1301839270514,SSP245,2080,0.028061567772478
PREF_0260,104.703260466676,31.8489839013939,SSP245,2080,0.0240634967802222
PREF_0261,105.782489510542,32.2621985146646,SSP245,2080,0.0261191893989378
PREF_0262,105.471625702131,30.6316146808222,SSP245,2080,7.00154866182245e-05
PREF_0263,104.91139691779,29.640688504834,SSP245,2080,4.71912715922507e-05
PREF_0264,103.570361564462,29.2160737820306,SSP245,2080,0.0024358662656413
PREF_0265,106.203780772366,31.1956107790993,SSP245,2080,0.000106530091803281
PREF_0266,103.758233478023,29.929927898061,SSP245,2080,0.183745710493636
PREF_0267,104.635615341643,28.5732579436036,SSP245,2080,0.0016414180246308
PREF_0268,106.663311799101,30.4262180393733,SSP245,2080,2.5542925584654e-06
PREF_0269,107.644771952834,31.36588371825,SSP245,2080,0.000609130717099671
PREF_0270,102.663801134515,29.9122179487174,SSP245,2080,0.0770696510471638
PREF_0271,107.038027941735,32.0170373348411,SSP245,2080,0.000104791803571813
PREF_0272,105.115391387731,30.100388308182,SSP245,2080,1.95144111352352e-05
PREF_0273,102.608155786342,32.4002996748412,SSP245,2080,0.152638348049395
PREF_0274,99.9970181932757,30.9485603231945,SSP245,2080,0.0142084246299919
PREF_0275,102.079579757462,27.8865867601347,SSP245,2080,0.00478800950309866
PREF_0276,106.706471671867,26.8415517033133,SSP245,2080,0.0426059966216291
PREF_0277,104.891172500966,26.1352092423209,SSP245,2080,0.000350997579555479
PREF_0278,107.084921064145,28.1685253286438,SSP245,2080,0.0184347481627125
PREF_0279,105.949001883575,25.9950599922776,SSP245,2080,0.00061992248691134
PREF_0280,105.214668618187,27.0673736202101,SSP245,2080,0.00474287129661832
PREF_0281,108.541267530869,27.9718781050439,SSP245,2080,0.000575025488303349
PREF_0282,105.464382926591,25.2655219858669,SSP245,2080,0.00043326833324453
PREF_0283,108.557547343821,26.5057258991906,SSP245,2080,0.000285830663881548
PREF_0284,107.25007442265,26.0131075992171,SSP245,2080,0.00158741992013678
PREF_0285,102.872805571015,25.3871144823286,SSP245,2080,0.0103354761034722
PREF_0286,103.937741370522,25.7035647239763,SSP245,2080,6.46589181338975e-05
PREF_0287,102.201916578749,24.1396230718,SSP245,2080,0.00109795790272782
PREF_0288,98.9709390425275,24.9767356749139,SSP245,2080,0.0696500756557649
PREF_0289,104.002151079261,27.6534954381893,SSP245,2080,3.53746033299185e-06
PREF_0290,100.523900678028,26.9406607686172,SSP245,2080,0.00551777465105308
PREF_0291,100.720356313581,23.1860093826598,SSP245,2080,0.0050834236165147
PREF_0292,99.6736831329065,23.9398166034017,SSP245,2080,0.00041648409418038
PREF_0293,101.568070531858,25.3519101763082,SSP245,2080,0.00267335009353287
PREF_0294,103.035048660128,23.4397577395395,SSP245,2080,0.000804076791715347
PREF_0295,104.714447004675,23.6889945340357,SSP245,2080,0.000281245834658717
PREF_0296,100.944060251825,21.9307652171919,SSP245,2080,0.0485923742431493
PREF_0297,100.039232738163,25.7279958620396,SSP245,2080,0.0247247774173759
PREF_0298,98.0850212177583,24.5590009063044,SSP245,2080,0.11043785318724
PREF_0299,98.8696037324368,26.9595718331434,SSP245,2080,0.00297391952468495
PREF_0300,99.4397682650685,27.9569827173524,SSP245,2080,0.00402290669456096
PREF_0301,91.0897778571989,30.0369929194074,SSP245,2080,0.00985160589384071
PREF_0302,86.4837372882426,29.4912237039721,SSP245,2080,0.0226520642339946
PREF_0303,97.0384869242498,30.7746711725119,SSP245,2080,0.000556598416068588
PREF_0304,95.2436937211529,29.2019687257004,SSP245,2080,0.181216421426248
PREF_0305,92.2646949953206,28.2980944518944,SSP245,2080,0.0140107825498704
PREF_0306,89.2571959012187,32.7359811491026,SSP245,2080,0.000238014673928921
PREF_0307,82.5578345637871,33.0293923100188,SSP245,2080,0.000180133898553536
PREF_0308,108.791854450862,34.106924250675,SSP245,2080,0.0549344761606774
PREF_0309,109.032153282048,35.1956651677704,SSP245,2080,1.16506163594377e-06
PREF_0310,107.200029870516,34.3787894198332,SSP245,2080,0.000508540284751224
PREF_0311,108.390466785722,34.7845382326763,SSP245,2080,0.0136453589530645
PREF_0312,109.850766835986,34.950047690257,SSP245,2080,0.000594995304365242
PREF_0313,109.315202723372,36.4371839750012,SSP245,2080,0.000349083077360701
PREF_0314,107.101514151531,33.0905545386454,SSP245,2080,0.0770976656529603
PREF_0315,109.566254380927,38.0378175734505,SSP245,2080,0.000140885480391151
PREF_0316,108.926544708739,32.757233182988,SSP245,2080,0.000280519827025261
PREF_0317,109.901268777651,33.6470969414652,SSP245,2080,7.55975819107801e-05
PREF_0318,103.654184531251,36.3500430935287,SSP245,2080,0.0535625152730135
PREF_0319,98.2096194867174,39.8290269898253,SSP245,2080,8.60842893857239e-07
PREF_0320,102.046936471831,38.4325725742986,SSP245,2080,9.67999013534726e-06
PREF_0321,104.621395249623,36.6134910915472,SSP245,2080,1.65088620441844e-05
PREF_0322,105.737208308216,34.6476946370737,SSP245,2080,0.000245863528436141
PREF_0323,103.056537612753,38.1665346464537,SSP245,2080,0.000165422781255753
PREF_0324,99.8278028838748,38.9529923354242,SSP245,2080,0.00113676686680109
PREF_0325,106.645753241326,35.3058828845902,SSP245,2080,4.63061726718728e-05
PREF_0326,96.0556633550248,40.260184938378,SSP245,2080,2.6904814561024e-05
PREF_0327,107.590550419631,36.1620214181463,SSP245,2080,0.0042158963783957
PREF_0328,104.452510541131,35.1198674637214,SSP245,2080,0.000302161145004143
PREF_0329,105.220350422395,33.5972701109345,SSP245,2080,0.000781838155258008
PREF_0330,103.280169886887,35.6301833324338,SSP245,2080,7.81424312317203e-05
PREF_0331,102.766564922225,34.3223304987986,SSP245,2080,0.0109720107768829
PREF_0332,101.437457951386,36.8279701149894,SSP245,2080,0.0329330215066327
PREF_0333,102.343691531015,36.3320151689351,SSP245,2080,0.00580756507430513
PREF_0334,100.302910572808,37.7589249826958,SSP245,2080,0.0210218342349263
PREF_0335,101.629425109548,35.022119343186,SSP245,2080,0.000139312638147482
PREF_0336,100.257670988381,35.8999822260154,SSP245,2080,0.0402862817157683
PREF_0337,99.4199373434216,34.1157432840334,SSP245,2080,0.0008614955573234
PREF_0338,94.3213877752006,34.2108563391637,SSP245,2080,0.0371951292176216
PREF_0339,94.5310653939951,36.7123595619951,SSP245,2080,0.0179866599010309
PREF_0340,106.345209953701,38.2799544735338,SSP245,2080,0.00313773540979945
PREF_0341,106.513046043903,39.0065028203354,SSP245,2080,5.72008369129629e-05
PREF_0342,106.527562074545,37.4616613320997,SSP245,2080,2.52902186661519e-05
PREF_0343,106.180718287451,35.9149174435308,SSP245,2080,0.00158563912980247
PREF_0344,105.50095648294,37.0137223362795,SSP245,2080,3.35441687989713e-05
PREF_0345,87.7864948843258,43.7535036134194,SSP245,2080,0.0347265207586946
PREF_0346,85.1895002101539,45.4754926341596,SSP245,2080,0.00278270344517639
PREF_0347,89.815629633217,42.3913032516545,SSP245,2080,4.07255601420076e-06
PREF_0348,93.5147276857982,43.0389443814081,SSP245,2080,9.64916772971947e-06
PREF_0349,88.6325398965762,44.3456950213978,SSP245,2080,0.021024447337085
PREF_0350,82.1059132168765,44.7311707957691,SSP245,2080,8.76065874467757e-05
PREF_0351,87.4661713634175,39.4907900907797,SSP245,2080,0.00206634812718431
PREF_0352,81.5485869391361,40.9627162026591,SSP245,2080,6.28488080415268e-05
PREF_0353,75.9455428738829,39.6561895503,SSP245,2080,0.00010716819556511
PREF_0354,77.1874398100588,38.1261251592131,SSP245,2080,0.00120171854163276
PREF_0355,80.9226253535944,37.0715380101512,SSP245,2080,0.000854357092762159
PREF_0356,82.1233333018035,43.4460517923895,SSP245,2080,0.0172878704046004
PREF_0357,84.7897215181362,45.6420659046148,SSP245,2080,0.0208953470769391
PREF_0358,88.4041846646969,46.907005776288,SSP245,2080,0.288830270756822
PREF_0359,86.0356695052122,44.3055193131897,SSP245,2080,0.000460503368890919
PREF_0360,81.3100738005355,40.5982692764772,SSP245,2080,2.91318768974591e-06
PREF_0361,79.0259048047934,39.8438367011761,SSP245,2080,2.10696110780617e-07
PREF_0362,87.554725867094,44.3616945203136,SSP245,2080,3.04184447930123e-06
PREF_0363,87.9837059846626,47.2417775193536,SSP245,2080,6.61344937994413e-05
PREF_0365,82.3440729928643,44.8522161448952,SSP245,2080,5.01966357369099e-09
PREF_0366,80.6830235814472,43.9325279896843,SSP245,2080,6.15526240421715e-06
PREF_0367,79.3619267343794,37.3626499181998,SSP245,2080,1.08298919950789e-05
PREF_0368,84.781122501724,44.8185332541682,SSP245,2080,8.72721096929485e-05
PREF_0369,120.967869142155,23.7470626562012,SSP245,2080,0.0115865870745214
PREF_0370,114.1343242378,22.381274185077,SSP245,2080,0.0439761229832348
PREF_0371,113.561375464429,22.1630230696564,SSP245,2080,
PREF_0001,116.41228426717,40.18554306975,SSP585,2030,0.979991148556399
PREF_0002,117.334038439083,39.2934261784069,SSP585,2030,0.285723787782077
PREF_0003,114.439869046953,38.1312704711954,SSP585,2030,0.0152194020066445
PREF_0004,118.335893338026,39.721237129033,SSP585,2030,0.0929268865995033
PREF_0005,119.18504322806,40.0879714867578,SSP585,2030,0.0131186925829476
PREF_0006,114.542071716664,36.5529972394931,SSP585,2030,0.00313596103625269
PREF_0007,114.815897649124,37.2126414474834,SSP585,2030,0.00331067327609658
PREF_0008,115.170561809715,39.0212666741669,SSP585,2030,0.00335770084665576
PREF_0009,115.032446780788,40.8651179626447,SSP585,2030,0.067920549155752
PREF_0010,117.548592960558,41.3476139006133,SSP585,2030,0.0079700309052253
PREF_0011,116.753295617347,38.2667749970675,SSP585,2030,0.00119065576229982
PREF_0012,116.628047536647,39.2592148177462,SSP585,2030,0.0205145022410965
PREF_0013,115.823192787472,37.7625466130914,SSP585,2030,0.000707267781696941
PREF_0014,112.316082717194,37.959207330532,SSP585,2030,0.0131490233631639
PREF_0015,113.722311327971,39.8994625456914,SSP585,2030,0.00260739666332932
PREF_0016,113.498951100883,38.0635408679591,SSP585,2030,0.000381657070775421
PREF_0017,112.916777736781,36.4752960616079,SSP585,2030,0.0118934926449111
PREF_0018,112.707634484679,35.6106436714664,SSP585,2030,0.00395259462885023
PREF_0019,112.641470912658,39.6172750013344,SSP585,2030,0.000171173141428782
PREF_0020,112.963178418287,37.3273359357114,SSP585,2030,0.00676071102596854
PREF_0021,111.063414501381,35.1866054090188,SSP585,2030,0.0168252179769345
PREF_0022,112.407411408649,38.881868940379,SSP585,2030,0.00183241247617871
PREF_0023,111.376944525406,36.2269282788253,SSP585,2030,0.00229468854865789
PREF_0024,111.263177184034,37.6784859107261,SSP585,2030,0.000648092424961999
PREF_0025,111.498141174348,40.5905792558338,SSP585,2030,0.00944752523198211
PREF_0026,110.256725283458,41.5509244549057,SSP585,2030,0.000619333122677035
PREF_0027,106.869226668268,39.4264852418261,SSP585,2030,0.00139596197627989
PREF_0028,118.871463718702,43.2215046345057,SSP585,2030,0.00196147948914716
PREF_0029,121.570346028635,43.8159763824953,SSP585,2030,6.80073574326201e-05
PREF_0030,108.629234003992,39.4115750031708,SSP585,2030,0.00191108863533151
PREF_0031,121.19659210836,49.6614008345483,SSP585,2030,0.032601870008624
PREF_0032,107.564831321024,41.4454323777836,SSP585,2030,0.0013137778424761
PREF_0033,112.443637083244,41.6818240218822,SSP585,2030,0.000989938250638867
PREF_0034,121.336362650093,46.2252751297965,SSP585,2030,0.0002904222446245
PREF_0035,115.482393740881,44.1928695824004,SSP585,2030,0.00872031245440375
PREF_0036,102.447745283343,40.4974270881128,SSP585,2030,0.0143756610424352
PREF_0037,125.565936095502,40.6862713036231,SSP585,2030,0.000150505716941529
PREF_0038,123.137626299845,42.0939586473418,SSP585,2030,0.0368710697873205
PREF_0039,122.205323620304,39.5949540576238,SSP585,2030,0.0285202071216095
PREF_0040,123.011927242468,40.7139411863433,SSP585,2030,0.000157447452822312
PREF_0041,124.655739092978,41.8338385020899,SSP585,2030,0.0013119062820024
PREF_0042,124.569508663334,41.2285187216001,SSP585,2030,0.000334103559978094
PREF_0043,124.39803570562,40.5435782159099,SSP585,2030,0.00494983557310924
PREF_0044,121.614664282512,41.4630033296608,SSP585,2030,0.00566105959357988
PREF_0045,122.463826467916,40.3912799052404,SSP585,2030,0.000423105198237406
PREF_0046,121.955300047318,42.2792591285283,SSP585,2030,0.000248509895006799
PREF_0047,123.246473918431,41.1806799239703,SSP585,2030,0.0021026182213324
PREF_0048,121.999956338949,41.0775196761948,SSP585,2030,0.00487319959170751
PREF_0049,124.170649974772,42.6439464142152,SSP585,2030,9.31188069062117e-05
PREF_0050,120.015192643785,41.5112614252467,SSP585,2030,0.00315937573837932
PREF_0051,120.198412871611,40.6244485793518,SSP585,2030,0.00101409156433263
PREF_0052,125.767138904235,44.383844316748,SSP585,2030,0.0161091163881374
PREF_0053,126.843313105594,43.579780227955,SSP585,2030,0.00210596287505294
PREF_0054,124.467586594304,43.5707196443035,SSP585,2030,0.00194737322976246
PREF_0055,125.305555415586,42.8109020657527,SSP585,2030,0.000108545471615984
PREF_0056,125.94939040737,41.9556271070022,SSP585,2030,9.6878352208285e-05
PREF_0057,127.285140798257,42.0690338602398,SSP585,2030,0.000604816492007831
PREF_0058,124.475794410416,44.8009885538836,SSP585,2030,0.000541723574336683
PREF_0059,123.011895585646,45.3464495658839,SSP585,2030,0.000615550249015828
PREF_0060,129.123716698607,43.1419306829455,SSP585,2030,0.022842700372732
PREF_0061,127.957475301674,45.6372933666836,SSP585,2030,0.00813659439810421
PREF_0062,124.545858548084,47.6998644899573,SSP585,2030,0.00248367826132867
PREF_0063,132.286221814204,45.6296122059588,SSP585,2030,1.68517823634362e-05
PREF_0064,130.79895397606,47.6388826442854,SSP585,2030,9.2462992850928e-05
PREF_0065,132.542684595686,46.6797924930002,SSP585,2030,3.71543682432529e-05
PREF_0066,124.699639357736,46.3468595798758,SSP585,2030,0.000991894429584139
PREF_0067,129.211501257341,47.8118250342385,SSP585,2030,0.00138182715172264
PREF_0068,132.259830962042,47.2672022437473,SSP585,2030,0.000104028947091495
PREF_0069,130.97359636323,45.9113972452748,SSP585,2030,2.66870004158593e-05
PREF_0070,129.888084713383,44.5962715724084,SSP585,2030,0.000103308097957111
PREF_0071,126.98590236696,49.2632238393858,SSP585,2030,0.000338237810688091
PREF_0072,126.645484892872,46.8934872676214,SSP585,2030,0.000234293682000453
PREF_0073,124.203632357947,52.3257719934708,SSP585,2030,0.000158208672979443
PREF_0074,121.469065179995,31.2400932603511,SSP585,2030,0.60336741343575
PREF_0075,118.842533247822,31.9276363127488,SSP585,2030,0.316996082552385
PREF_0076,120.075821213349,31.5263797043919,SSP585,2030,0.0961295013932932
PREF_0077,117.516635621497,34.3560882655161,SSP585,2030,0.0306612248363942
PREF_0078,119.637182577956,31.6253407214956,SSP585,2030,0.0581478970952274
PREF_0079,120.651600617082,31.3813326257149,SSP585,2030,0.193258413980309
PREF_0080,121.021757383171,32.1859920652549,SSP585,2030,0.0158588464916417
PREF_0081,119.133600164008,34.5332041344831,SSP585,2030,0.0137569835351085
PREF_0082,118.963773723171,33.352905441794,SSP585,2030,0.0218686271309795
PREF_0083,120.182941259759,33.5090424499879,SSP585,2030,0.0626941293417668
PREF_0084,119.474172338863,32.7381748613515,SSP585,2030,0.00693155690535463
PREF_0085,119.453646392655,32.0166610377772,SSP585,2030,0.00888139424740486
PREF_0086,120.056706940147,32.5713559147387,SSP585,2030,0.00399857196431308
PREF_0087,118.520188650619,33.7841542803303,SSP585,2030,0.00166541561113065
PREF_0088,119.470025342718,29.900285085159,SSP585,2030,0.627160285121047
PREF_0089,121.460669165808,29.7424311496461,SSP585,2030,0.05528153231433
PREF_0090,120.440431736298,27.9037166774901,SSP585,2030,0.0547564840817812
PREF_0091,120.803418395142,30.6165430813739,SSP585,2030,0.114390391239881
PREF_0092,119.868729351977,30.7443515893504,SSP585,2030,0.0306168240862877
PREF_0093,120.636482898016,29.7351557799873,SSP585,2030,0.0317166511946159
PREF_0094,119.952132815189,29.1182566499995,SSP585,2030,0.0282578330129724
PREF_0095,118.674656457155,28.9345116941443,SSP585,2030,0.00946972565653503
PREF_0096,122.1858465645,30.094795665055,SSP585,2030,
PREF_0097,121.110784250137,28.7726851220614,SSP585,2030,0.0419192264092063
PREF_0098,119.511749600323,28.1993431788513,SSP585,2030,0.0427809734119889
PREF_0099,117.35580112481,31.763442092308,SSP585,2030,0.0701645838891982
PREF_0100,118.134645665742,31.1626738515048,SSP585,2030,0.00531640865561167
PREF_0101,117.325387506481,33.1085742062566,SSP585,2030,0.00272491457665591
PREF_0102,116.768425082043,32.4720014752,SSP585,2030,0.00173639160144579
PREF_0103,118.365129022456,31.6370014190239,SSP585,2030,0.00829816999036703
PREF_0104,116.743475421296,33.7265585515633,SSP585,2030,0.00187124954552464
PREF_0105,117.556068147381,30.8841774126909,SSP585,2030,0.00113381901688758
PREF_0106,116.486727856145,30.5760492508359,SSP585,2030,0.00800995294596196
PREF_0107,118.071057832693,29.9066407089699,SSP585,2030,0.0266626809452772
PREF_0108,118.102551296158,32.5441558226879,SSP585,2030,0.00337220131561744
PREF_0109,115.703800824132,32.9173385608118,SSP585,2030,0.000958295178868473
PREF_0110,117.210821682996,33.8586764858289,SSP585,2030,0.000634061011681064
PREF_0111,116.229729649121,31.6600037112846,SSP585,2030,0.0109015032122411
PREF_0112,116.180668765281,33.4354585784111,SSP585,2030,0.000937425691778793
PREF_0113,117.365628813809,30.2837713476417,SSP585,2030,0.00583419835450683
PREF_0114,118.8522388918,30.6862406240494,SSP585,2030,0.00495462212153175
PREF_0115,119.180295391907,26.0497041797646,SSP585,2030,0.236492278123019
PREF_0116,118.115775148551,24.6765311488191,SSP585,2030,0.111661260888638
PREF_0117,118.889519919092,25.4508565510371,SSP585,2030,0.00152798558841616
PREF_0118,117.395920725057,26.2986789881343,SSP585,2030,0.0437047580272216
PREF_0119,118.257295817303,25.2001281731827,SSP585,2030,0.0262222019812393
PREF_0120,117.442971020029,24.3664148600507,SSP585,2030,0.0167134326918231
PREF_0121,118.142126484301,27.3390188826295,SSP585,2030,0.0108049523518726
PREF_0122,116.738691781547,25.2928390378304,SSP585,2030,0.00319348098410543
PREF_0123,119.473420606052,26.9749352500293,SSP585,2030,0.0201326249646482
PREF_0124,116.019035787737,28.6493141932215,SSP585,2030,0.0848365478509565
PREF_0125,117.269958487373,29.3072781509948,SSP585,2030,0.00129018228367972
PREF_0126,113.902531360959,27.5116244565766,SSP585,2030,0.000903865389207281
PREF_0127,115.452665963283,29.3217658437937,SSP585,2030,0.100078808589144
PREF_0128,114.852565664,27.845201931333,SSP585,2030,0.00262696139101859
PREF_0129,117.108625585849,28.2239761542879,SSP585,2030,0.00221056475651238
PREF_0130,115.272967990124,25.7088441367973,SSP585,2030,0.0110184715701263
PREF_0131,114.824694531561,26.9736376232455,SSP585,2030,0.00238074605636374
PREF_0132,114.972713231006,28.3060669110271,SSP585,2030,0.00173212027532488
PREF_0133,116.434345843721,27.5100032895821,SSP585,2030,0.00581961679479648
PREF_0134,117.472279546934,28.7734120278182,SSP585,2030,0.10139798073792
PREF_0135,117.214758007375,36.6371036906449,SSP585,2030,0.0171391560047871
PREF_0136,120.14258646388,36.4532044794438,SSP585,2030,0.0598070942760294
PREF_0137,118.053300525766,36.6077275134601,SSP585,2030,0.0011825003031174
PREF_0138,117.393293485901,34.9159642466091,SSP585,2030,0.000398928729865466
PREF_0139,118.6016179926,37.6222250628034,SSP585,2030,0.04681572520293
PREF_0140,120.800566247534,37.2408122682831,SSP585,2030,0.00383000826916857
PREF_0141,119.071101154826,36.5456482708468,SSP585,2030,0.00757499614256063
PREF_0142,116.734962703893,35.3685016602667,SSP585,2030,0.00730192470548763
PREF_0143,117.025831758989,36.0009844651839,SSP585,2030,0.00653370751726701
PREF_0144,121.983077951471,37.1203321280958,SSP585,2030,0.00363677856641009
PREF_0145,119.135110097857,35.5829553353829,SSP585,2030,0.0163413271536971
PREF_0146,118.280468582427,35.3090873873127,SSP585,2030,0.00235989083001709
PREF_0147,116.646405673694,37.247723099715,SSP585,2030,0.00192799537887545
PREF_0148,115.88055802248,36.458517756423,SSP585,2030,0.000646995352326485
PREF_0149,117.837676102068,37.5316276470258,SSP585,2030,0.00266793331848025
PREF_0150,115.692432055622,35.150431351982,SSP585,2030,0.00200062030399351
PREF_0151,113.468976568239,34.6278711177045,SSP585,2030,0.124525534525017
PREF_0152,114.535460237847,34.6039518302676,SSP585,2030,0.00420635815272097
PREF_0153,112.031167865773,34.2910692187165,SSP585,2030,0.0423240301305022
PREF_0154,113.011828896453,33.7953979677855,SSP585,2030,0.0099761206433574
PREF_0155,114.353837962852,35.8764456234909,SSP585,2030,0.00103740615179393
PREF_0156,114.310905140239,35.7216927322557,SSP585,2030,0.00323282001839209
PREF_0157,114.088538154082,35.2621274908395,SSP585,2030,0.0046324971582391
PREF_0158,113.129100373486,35.1168559696007,SSP585,2030,0.00398200613190669
PREF_0159,115.282533764344,35.8084659810573,SSP585,2030,0.000180794063597389
PREF_0160,113.709560064792,34.0725916098738,SSP585,2030,0.00222117545283584
PREF_0161,113.899884488326,33.6557464548746,SSP585,2030,0.000172827604279058
PREF_0162,111.105884464701,34.3609206095318,SSP585,2030,0.00951410167044619
PREF_0163,112.284501883058,33.0427490633271,SSP585,2030,0.00307355302658485
PREF_0164,115.698209444122,34.2884206487352,SSP585,2030,0.00282260080002339
PREF_0165,114.883896668317,32.0811810042991,SSP585,2030,0.0585928322752194
PREF_0166,114.877788137035,33.7217509803537,SSP585,2030,0.000268798246780833
PREF_0167,114.150865504897,32.9233755174143,SSP585,2030,0.00305636674239784
PREF_0168,112.391866857502,35.1002846507087,SSP585,2030,0.000868527369524141
PREF_0169,114.342958062904,30.6235727072449,SSP585,2030,0.283469388774334
PREF_0170,115.025282850923,29.9268279845345,SSP585,2030,0.0115478583642564
PREF_0171,110.442329314318,32.4559194262792,SSP585,2030,0.00360200193448623
PREF_0172,111.135154998307,30.7469181066073,SSP585,2030,0.061708061156864
PREF_0173,111.937144523176,31.9307004909456,SSP585,2030,0.00498097703001976
PREF_0174,114.755799916571,30.3287028723122,SSP585,2030,0.00494723677906095
PREF_0175,112.608260637099,31.0689590920281,SSP585,2030,0.0137771512341278
PREF_0176,113.879251024466,31.118321699715,SSP585,2030,0.00861705796174017
PREF_0177,112.569990658804,29.9959084538979,SSP585,2030,0.0284013011538373
PREF_0178,115.339730051782,30.7158623244675,SSP585,2030,0.0101589443815607
PREF_0179,114.175159032829,29.6236429680127,SSP585,2030,0.00455670145766418
PREF_0180,113.424087205411,31.8283714602033,SSP585,2030,0.00258740041268835
PREF_0181,109.5490264115,30.1915715047699,SSP585,2030,0.011655790606894
PREF_0182,113.375090127821,30.2901270371969,SSP585,2030,0.00158456093137249
PREF_0183,112.756076699488,30.3390409625101,SSP585,2030,0.00246784208136497
PREF_0184,113.111775340254,30.6448523272443,SSP585,2030,0.0019765169519752
PREF_0185,110.474742817312,31.5903686798086,SSP585,2030,0.0908653102218165
PREF_0186,113.153068557336,28.2269084881488,SSP585,2030,0.168047399359077
PREF_0187,113.516433827533,27.1198351768892,SSP585,2030,0.00401089979068436
PREF_0188,112.602696266354,27.7315616500929,SSP585,2030,0.00569120203290763
PREF_0189,112.574385492858,26.79436065359,SSP585,2030,0.00567730793073495
PREF_0190,110.874693939505,26.913623025858,SSP585,2030,0.00344283383422384
PREF_0191,113.254487509402,29.065312201056,SSP585,2030,0.0276928925875659
PREF_0192,111.519546660834,29.3001132557067,SSP585,2030,0.075582371344794
PREF_0193,110.525585300456,29.3936037299833,SSP585,2030,0.0121677936348551
PREF_0194,111.951002997917,28.5751096389928,SSP585,2030,0.00731953014425812
PREF_0195,113.136744354604,25.8146959533097,SSP585,2030,0.00304946221879643
PREF_0196,111.72943651547,25.7746520474289,SSP585,2030,0.00433375110563672
PREF_0197,110.075373107275,27.5488502671601,SSP585,2030,0.00681240355280666
PREF_0198,111.614322447876,27.7391699389406,SSP585,2030,0.00394865317836168
PREF_0199,109.726927690393,28.6946922948259,SSP585,2030,0.00677592133190486
PREF_0200,113.535746046809,23.3483646738186,SSP585,2030,0.139613573837238
PREF_0201,113.774525426829,24.8205049111224,SSP585,2030,0.0135767851396147
PREF_0202,114.126622793796,22.654626617963,SSP585,2030,0.0868610058420423
PREF_0203,113.356941044411,22.1700957734541,SSP585,2030,0.0252015948440927
PREF_0204,116.583102846881,23.3333785912082,SSP585,2030,0.00847802666491493
PREF_0205,112.944450818453,23.0064078594495,SSP585,2030,0.0118683816821494
PREF_0206,112.669866962352,22.2812791458628,SSP585,2030,0.00551621225493748
PREF_0207,110.163875328952,21.0964623822923,SSP585,2030,0.00578955664866976
PREF_0208,110.951011375377,22.0152651806508,SSP585,2030,0.00169159350544479
PREF_0209,112.20534935015,23.5375527133138,SSP585,2030,0.00284968138940278
PREF_0210,114.498560296944,23.2427166184876,SSP585,2030,0.00794895860291001
PREF_0211,116.079207187448,24.2027815683028,SSP585,2030,0.00213711887871493
PREF_0212,115.532334174828,23.0147030540659,SSP585,2030,0.00675962512596917
PREF_0213,114.957659869726,24.0444871692152,SSP585,2030,0.00107390855768574
PREF_0214,111.771872471282,22.039380368836,SSP585,2030,0.00115494500370428
PREF_0215,112.874477794154,24.3147376029664,SSP585,2030,0.00248895939305493
PREF_0216,113.875723120169,22.9353135303325,SSP585,2030,0.0171058088630704
PREF_0217,113.384370849443,22.5204665786937,SSP585,2030,0.012374308144357
PREF_0218,116.772513802174,23.7959351337963,SSP585,2030,0.005588209726201
PREF_0219,116.116903221298,23.3383237064649,SSP585,2030,0.00478147041298205
PREF_0220,111.793854947701,22.8159126045577,SSP585,2030,0.000329457902826791
PREF_0221,108.463204002264,23.0570134259933,SSP585,2030,0.0395173810085053
PREF_0222,109.371349479053,24.9476352314178,SSP585,2030,0.00388511188566321
PREF_0223,110.514166304899,25.3549999670203,SSP585,2030,0.00770503703359804
PREF_0224,110.990355849425,23.4808430929715,SSP585,2030,0.00320935491607111
PREF_0225,109.332625259554,21.6768854375209,SSP585,2030,0.0542026504601479
PREF_0226,107.99784951337,21.8829412007828,SSP585,2030,0.00372420953825003
PREF_0227,109.024637005823,22.1831995553368,SSP585,2030,0.00437005010811486
PREF_0228,109.998509179938,23.3082926540964,SSP585,2030,0.00272703563392662
PREF_0229,110.181453068447,22.4412877442711,SSP585,2030,0.00132188746137907
PREF_0230,106.286719395067,23.9858320761009,SSP585,2030,0.0478128913571725
PREF_0231,111.3622823185,24.3597299388747,SSP585,2030,0.000617678071682781
PREF_0232,107.84197994181,24.6422622116037,SSP585,2030,0.000936725676318528
PREF_0233,109.412929064536,23.854077810817,SSP585,2030,0.00260838558509002
PREF_0234,107.273469604443,22.503021510329,SSP585,2030,0.0510215833883229
PREF_0235,110.420969784745,19.8318476301766,SSP585,2030,0.0260717382002366
PREF_0236,109.418619554525,18.3931107604313,SSP585,2030,0.0192436099264466
PREF_0238,109.401924826546,19.5678467359099,SSP585,2030,0.0318358742642842
PREF_0239,109.5074750392,18.8257030244206,SSP585,2030,0.00220609957221563
PREF_0240,110.403009812029,19.210726699148,SSP585,2030,0.00160249224045017
PREF_0241,110.76965701352,19.7456693812598,SSP585,2030,0.00696439074246846
PREF_0242,110.281926944281,18.8352519695088,SSP585,2030,0.00557888220030445
PREF_0243,108.840187554495,18.994296952827,SSP585,2030,0.0106305933450653
PREF_0244,110.307625139388,19.4851544870951,SSP585,2030,0.000738869001954301
PREF_0245,110.051124424786,19.3429042887909,SSP585,2030,0.000276603147142618
PREF_0246,109.985143624302,19.6884173804261,SSP585,2030,0.00338769174416886
PREF_0247,109.71326666417,19.8019150407495,SSP585,2030,0.00133466988296393
PREF_0248,109.347924805645,19.2114046881232,SSP585,2030,0.00164369618414628
PREF_0249,109.000610703777,19.2177381682593,SSP585,2030,0.0118398308035643
PREF_0250,109.052307358808,18.6541995851467,SSP585,2030,0.0537308577714017
PREF_0251,109.937903305097,18.5715719407355,SSP585,2030,0.00544708351103806
PREF_0252,109.646577677606,18.5914097857582,SSP585,2030,0.00119379735670289
PREF_0253,109.85094471885,19.0351686429588,SSP585,2030,0.00347881382933257
PREF_0254,107.87440300651,30.0572234159166,SSP585,2030,0.143862799171725
PREF_0255,103.929954385757,30.6534270171105,SSP585,2030,0.179124851221753
PREF_0256,104.682845569553,29.286580401007,SSP585,2030,0.00405525266578388
PREF_0257,101.729482846343,26.8069142090478,SSP585,2030,0.00802271201212434
PREF_0258,105.666515439982,28.4401661930112,SSP585,2030,0.00595089949585936
PREF_0259,104.43501549654,31.1301839270514,SSP585,2030,0.0290914032950146
PREF_0260,104.703260466676,31.8489839013939,SSP585,2030,0.0268037169704772
PREF_0261,105.782489510542,32.2621985146646,SSP585,2030,0.0280554089360259
PREF_0262,105.471625702131,30.6316146808222,SSP585,2030,0.00104344828070269
PREF_0263,104.91139691779,29.640688504834,SSP585,2030,0.00095697745110801
PREF_0264,103.570361564462,29.2160737820306,SSP585,2030,0.00634775741894578
PREF_0265,106.203780772366,31.1956107790993,SSP585,2030,0.00106742159925544
PREF_0266,103.758233478023,29.929927898061,SSP585,2030,0.0920402398475729
PREF_0267,104.635615341643,28.5732579436036,SSP585,2030,0.00497552534904289
PREF_0268,106.663311799101,30.4262180393733,SSP585,2030,0.000101165382140667
PREF_0269,107.644771952834,31.36588371825,SSP585,2030,0.00279788635020817
PREF_0270,102.663801134515,29.9122179487174,SSP585,2030,0.0545284059155879
PREF_0271,107.038027941735,32.0170373348411,SSP585,2030,0.0012638475891954
PREF_0272,105.115391387731,30.100388308182,SSP585,2030,0.000296259000013732
PREF_0273,102.608155786342,32.4002996748412,SSP585,2030,0.0653271200387001
PREF_0274,99.9970181932757,30.9485603231945,SSP585,2030,0.0201676493043353
PREF_0275,102.079579757462,27.8865867601347,SSP585,2030,0.0114195195984914
PREF_0276,106.706471671867,26.8415517033133,SSP585,2030,0.0372711484351149
PREF_0277,104.891172500966,26.1352092423209,SSP585,2030,0.00260641836976627
PREF_0278,107.084921064145,28.1685253286438,SSP585,2030,0.0226059963096754
PREF_0279,105.949001883575,25.9950599922776,SSP585,2030,0.00289170116128745
PREF_0280,105.214668618187,27.0673736202101,SSP585,2030,0.00939339957594698
PREF_0281,108.541267530869,27.9718781050439,SSP585,2030,0.00264718957311849
PREF_0282,105.464382926591,25.2655219858669,SSP585,2030,0.00232564093586563
PREF_0283,108.557547343821,26.5057258991906,SSP585,2030,0.00166089780818834
PREF_0284,107.25007442265,26.0131075992171,SSP585,2030,0.00506409872098013
PREF_0285,102.872805571015,25.3871144823286,SSP585,2030,0.0176760413873162
PREF_0286,103.937741370522,25.7035647239763,SSP585,2030,0.00115043977127383
PREF_0287,102.201916578749,24.1396230718,SSP585,2030,0.00668540001358386
PREF_0288,98.9709390425275,24.9767356749139,SSP585,2030,0.0404638069911438
PREF_0289,104.002151079261,27.6534954381893,SSP585,2030,0.000117387759673737
PREF_0290,100.523900678028,26.9406607686172,SSP585,2030,0.013348755718701
PREF_0291,100.720356313581,23.1860093826598,SSP585,2030,0.0139383134239246
PREF_0292,99.6736831329065,23.9398166034017,SSP585,2030,0.00503371957488208
PREF_0293,101.568070531858,25.3519101763082,SSP585,2030,0.00951582787448624
PREF_0294,103.035048660128,23.4397577395395,SSP585,2030,0.00495495444832428
PREF_0295,104.714447004675,23.6889945340357,SSP585,2030,0.00260942297161382
PREF_0296,100.944060251825,21.9307652171919,SSP585,2030,0.0378253990633516
PREF_0297,100.039232738163,25.7279958620396,SSP585,2030,0.0279330802242266
PREF_0298,98.0850212177583,24.5590009063044,SSP585,2030,0.0483628150724776
PREF_0299,98.8696037324368,26.9595718331434,SSP585,2030,0.0102285411313052
PREF_0300,99.4397682650685,27.9569827173524,SSP585,2030,0.0112020554918728
PREF_0301,91.0897778571989,30.0369929194074,SSP585,2030,0.0207305793386253
PREF_0302,86.4837372882426,29.4912237039721,SSP585,2030,0.0267005775528842
PREF_0303,97.0384869242498,30.7746711725119,SSP585,2030,0.00505003803756743
PREF_0304,95.2436937211529,29.2019687257004,SSP585,2030,0.0730183979085358
PREF_0305,92.2646949953206,28.2980944518944,SSP585,2030,0.0214350633483615
PREF_0306,89.2571959012187,32.7359811491026,SSP585,2030,0.0031182229354173
PREF_0307,82.5578345637871,33.0293923100188,SSP585,2030,0.00306030865913354
PREF_0308,108.791854450862,34.106924250675,SSP585,2030,0.0404814559354756
PREF_0309,109.032153282048,35.1956651677704,SSP585,2030,9.17303613315879e-05
PREF_0310,107.200029870516,34.3787894198332,SSP585,2030,0.00265769464924903
PREF_0311,108.390466785722,34.7845382326763,SSP585,2030,0.0195805245222563
PREF_0312,109.850766835986,34.950047690257,SSP585,2030,0.00482201328887399
PREF_0313,109.315202723372,36.4371839750012,SSP585,2030,0.00320072846451003
PREF_0314,107.101514151531,33.0905545386454,SSP585,2030,0.0512556980829548
PREF_0315,109.566254380927,38.0378175734505,SSP585,2030,0.00132501495918069
PREF_0316,108.926544708739,32.757233182988,SSP585,2030,0.00219248383327741
PREF_0317,109.901268777651,33.6470969414652,SSP585,2030,0.00134719716874687
PREF_0318,103.654184531251,36.3500430935287,SSP585,2030,0.0405638170050098
PREF_0319,98.2096194867174,39.8290269898253,SSP585,2030,6.20486439153467e-05
PREF_0320,102.046936471831,38.4325725742986,SSP585,2030,0.00036515671478432
PREF_0321,104.621395249623,36.6134910915472,SSP585,2030,0.000681381736324038
PREF_0322,105.737208308216,34.6476946370737,SSP585,2030,0.00184806260928327
PREF_0323,103.056537612753,38.1665346464537,SSP585,2030,0.00178619440391092
PREF_0324,99.8278028838748,38.9529923354242,SSP585,2030,0.00483149302444841
PREF_0325,106.645753241326,35.3058828845902,SSP585,2030,0.000660490815045267
PREF_0326,96.0556633550248,40.260184938378,SSP585,2030,0.000435435339083301
PREF_0327,107.590550419631,36.1620214181463,SSP585,2030,0.0100624883872662
PREF_0328,104.452510541131,35.1198674637214,SSP585,2030,0.00221692926326311
PREF_0329,105.220350422395,33.5972701109345,SSP585,2030,0.00325969644072111
PREF_0330,103.280169886887,35.6301833324338,SSP585,2030,0.000950733850880514
PREF_0331,102.766564922225,34.3223304987986,SSP585,2030,0.0170122790082128
PREF_0332,101.437457951386,36.8279701149894,SSP585,2030,0.0317004383050368
PREF_0333,102.343691531015,36.3320151689351,SSP585,2030,0.0124439614952705
PREF_0334,100.302910572808,37.7589249826958,SSP585,2030,0.0251699014136775
PREF_0335,101.629425109548,35.022119343186,SSP585,2030,0.00162962114800258
PREF_0336,100.257670988381,35.8999822260154,SSP585,2030,0.0348862046273444
PREF_0337,99.4199373434216,34.1157432840334,SSP585,2030,0.00595877602430217
PREF_0338,94.3213877752006,34.2108563391637,SSP585,2030,0.0328684854251429
PREF_0339,94.5310653939951,36.7123595619951,SSP585,2030,0.0244246614720834
PREF_0340,106.345209953701,38.2799544735338,SSP585,2030,0.00772800217650904
PREF_0341,106.513046043903,39.0065028203354,SSP585,2030,0.00072399869664086
PREF_0342,106.527562074545,37.4616613320997,SSP585,2030,0.000445757843226424
PREF_0343,106.180718287451,35.9149174435308,SSP585,2030,0.00720221596931625
PREF_0344,105.50095648294,37.0137223362795,SSP585,2030,0.000516066075875843
PREF_0345,87.7864948843258,43.7535036134194,SSP585,2030,0.0329961927277623
PREF_0346,85.1895002101539,45.4754926341596,SSP585,2030,0.00748042975951346
PREF_0347,89.815629633217,42.3913032516545,SSP585,2030,0.000118945462751374
PREF_0348,93.5147276857982,43.0389443814081,SSP585,2030,0.000236065582911782
PREF_0349,88.6325398965762,44.3456950213978,SSP585,2030,0.0240112369892576
PREF_0350,82.1059132168765,44.7311707957691,SSP585,2030,0.00097367745927146
PREF_0351,87.4661713634175,39.4907900907797,SSP585,2030,0.00676060080714502
PREF_0352,81.5485869391361,40.9627162026591,SSP585,2030,0.000763407159658169
PREF_0353,75.9455428738829,39.6561895503,SSP585,2030,0.00133154121949708
PREF_0354,77.1874398100588,38.1261251592131,SSP585,2030,0.00516950184483889
PREF_0355,80.9226253535944,37.0715380101512,SSP585,2030,0.00540196504156021
PREF_0356,82.1233333018035,43.4460517923895,SSP585,2030,0.0216188120801947
PREF_0357,84.7897215181362,45.6420659046148,SSP585,2030,0.024282467896402
PREF_0358,88.4041846646969,46.907005776288,SSP585,2030,0.129189935762275
PREF_0359,86.0356695052122,44.3055193131897,SSP585,2030,0.00245326334740614
PREF_0360,81.3100738005355,40.5982692764772,SSP585,2030,0.00011968287516706
PREF_0361,79.0259048047934,39.8438367011761,SSP585,2030,2.33111332128555e-05
PREF_0362,87.554725867094,44.3616945203136,SSP585,2030,0.000105296609024363
PREF_0363,87.9837059846626,47.2417775193536,SSP585,2030,0.000652735312438257
PREF_0365,82.3440729928643,44.8522161448952,SSP585,2030,2.58780747564025e-06
PREF_0366,80.6830235814472,43.9325279896843,SSP585,2030,0.000187028631053465
PREF_0367,79.3619267343794,37.3626499181998,SSP585,2030,0.000335068861791688
PREF_0368,84.781122501724,44.8185332541682,SSP585,2030,0.000852799860317721
PREF_0369,120.967869142155,23.7470626562012,SSP585,2030,0.0165118870781666
PREF_0370,114.1343242378,22.381274185077,SSP585,2030,0.0387447570360623
PREF_0371,113.561375464429,22.1630230696564,SSP585,2030,
PREF_0001,116.41228426717,40.18554306975,SSP585,2050,1
PREF_0002,117.334038439083,39.2934261784069,SSP585,2050,0.754541559216471
PREF_0003,114.439869046953,38.1312704711954,SSP585,2050,0.00957368526330016
PREF_0004,118.335893338026,39.721237129033,SSP585,2050,0.170352992215923
PREF_0005,119.18504322806,40.0879714867578,SSP585,2050,0.00805848491026873
PREF_0006,114.542071716664,36.5529972394931,SSP585,2050,0.000727756182935413
PREF_0007,114.815897649124,37.2126414474834,SSP585,2050,0.000865756523047434
PREF_0008,115.170561809715,39.0212666741669,SSP585,2050,0.000584631755631282
PREF_0009,115.032446780788,40.8651179626447,SSP585,2050,0.117311825172539
PREF_0010,117.548592960558,41.3476139006133,SSP585,2050,0.00362500759707751
PREF_0011,116.753295617347,38.2667749970675,SSP585,2050,0.000161146804181334
PREF_0012,116.628047536647,39.2592148177462,SSP585,2050,0.0163260036428335
PREF_0013,115.823192787472,37.7625466130914,SSP585,2050,9.68026376736431e-05
PREF_0014,112.316082717194,37.959207330532,SSP585,2050,0.00787063928233522
PREF_0015,113.722311327971,39.8994625456914,SSP585,2050,0.000472587745941167
PREF_0016,113.498951100883,38.0635408679591,SSP585,2050,2.56424917020048e-05
PREF_0017,112.916777736781,36.4752960616079,SSP585,2050,0.00668333404490185
PREF_0018,112.707634484679,35.6106436714664,SSP585,2050,0.00110232869045412
PREF_0019,112.641470912658,39.6172750013344,SSP585,2050,6.60983854461339e-06
PREF_0020,112.963178418287,37.3273359357114,SSP585,2050,0.00267091629059468
PREF_0021,111.063414501381,35.1866054090188,SSP585,2050,0.0116215333371297
PREF_0022,112.407411408649,38.881868940379,SSP585,2050,0.000349082706015857
PREF_0023,111.376944525406,36.2269282788253,SSP585,2050,0.000439409254935574
PREF_0024,111.263177184034,37.6784859107261,SSP585,2050,6.08595451598859e-05
PREF_0025,111.498141174348,40.5905792558338,SSP585,2050,0.00440043135835932
PREF_0026,110.256725283458,41.5509244549057,SSP585,2050,2.83094038756593e-05
PREF_0027,106.869226668268,39.4264852418261,SSP585,2050,0.000194550417104145
PREF_0028,118.871463718702,43.2215046345057,SSP585,2050,0.000480487039907107
PREF_0029,121.570346028635,43.8159763824953,SSP585,2050,2.70055812445769e-06
PREF_0030,108.629234003992,39.4115750031708,SSP585,2050,0.000362696282882879
PREF_0031,121.19659210836,49.6614008345483,SSP585,2050,0.033833660424583
PREF_0032,107.564831321024,41.4454323777836,SSP585,2050,0.000162071661133911
PREF_0033,112.443637083244,41.6818240218822,SSP585,2050,7.93732694935878e-05
PREF_0034,121.336362650093,46.2252751297965,SSP585,2050,2.11323234838856e-05
PREF_0035,115.482393740881,44.1928695824004,SSP585,2050,0.00299045215452864
PREF_0036,102.447745283343,40.4974270881128,SSP585,2050,0.00918888531725182
PREF_0037,125.565936095502,40.6862713036231,SSP585,2050,8.56821055961188e-06
PREF_0038,123.137626299845,42.0939586473418,SSP585,2050,0.0412864583896578
PREF_0039,122.205323620304,39.5949540576238,SSP585,2050,0.0274794817304369
PREF_0040,123.011927242468,40.7139411863433,SSP585,2050,8.08932023177444e-06
PREF_0041,124.655739092978,41.8338385020899,SSP585,2050,0.000211319148262668
PREF_0042,124.569508663334,41.2285187216001,SSP585,2050,3.32125882281931e-05
PREF_0043,124.39803570562,40.5435782159099,SSP585,2050,0.00177244261302101
PREF_0044,121.614664282512,41.4630033296608,SSP585,2050,0.00207831284160009
PREF_0045,122.463826467916,40.3912799052404,SSP585,2050,4.22790003835605e-05
PREF_0046,121.955300047318,42.2792591285283,SSP585,2050,1.44452910665338e-05
PREF_0047,123.246473918431,41.1806799239703,SSP585,2050,0.000538395640971467
PREF_0048,121.999956338949,41.0775196761948,SSP585,2050,0.00172286932342758
PREF_0049,124.170649974772,42.6439464142152,SSP585,2050,3.35252890537596e-06
PREF_0050,120.015192643785,41.5112614252467,SSP585,2050,0.000698194862910118
PREF_0051,120.198412871611,40.6244485793518,SSP585,2050,0.000132600878282041
PREF_0052,125.767138904235,44.383844316748,SSP585,2050,0.0109178784937055
PREF_0053,126.843313105594,43.579780227955,SSP585,2050,0.000475533953150031
PREF_0054,124.467586594304,43.5707196443035,SSP585,2050,0.000352099942728779
PREF_0055,125.305555415586,42.8109020657527,SSP585,2050,3.30735054532294e-06
PREF_0056,125.94939040737,41.9556271070022,SSP585,2050,3.06927783866318e-06
PREF_0057,127.285140798257,42.0690338602398,SSP585,2050,5.30794043051008e-05
PREF_0058,124.475794410416,44.8009885538836,SSP585,2050,5.05724910743188e-05
PREF_0059,123.011895585646,45.3464495658839,SSP585,2050,6.11892017395865e-05
PREF_0060,129.123716698607,43.1419306829455,SSP585,2050,0.0191879094372449
PREF_0061,127.957475301674,45.6372933666836,SSP585,2050,0.00360814379353935
PREF_0062,124.545858548084,47.6998644899573,SSP585,2050,0.000532479865913205
PREF_0063,132.286221814204,45.6296122059588,SSP585,2050,2.92542887692093e-07
PREF_0064,130.79895397606,47.6388826442854,SSP585,2050,2.70725151219065e-06
PREF_0065,132.542684595686,46.6797924930002,SSP585,2050,5.73698582084781e-07
PREF_0066,124.699639357736,46.3468595798758,SSP585,2050,0.000118684174878037
PREF_0067,129.211501257341,47.8118250342385,SSP585,2050,0.000209837373988497
PREF_0068,132.259830962042,47.2672022437473,SSP585,2050,3.59978425079621e-06
PREF_0069,130.97359636323,45.9113972452748,SSP585,2050,5.29478293209706e-07
PREF_0070,129.888084713383,44.5962715724084,SSP585,2050,4.31082580854003e-06
PREF_0071,126.98590236696,49.2632238393858,SSP585,2050,2.17666863059351e-05
PREF_0072,126.645484892872,46.8934872676214,SSP585,2050,1.20728002840353e-05
PREF_0073,124.203632357947,52.3257719934708,SSP585,2050,6.87986727787582e-06
PREF_0074,121.469065179995,31.2400932603511,SSP585,2050,0.99858701108276
PREF_0075,118.842533247822,31.9276363127488,SSP585,2050,0.825203434099064
PREF_0076,120.075821213349,31.5263797043919,SSP585,2050,0.184630186425633
PREF_0077,117.516635621497,34.3560882655161,SSP585,2050,0.030778728762387
PREF_0078,119.637182577956,31.6253407214956,SSP585,2050,0.0830453920289321
PREF_0079,120.651600617082,31.3813326257149,SSP585,2050,0.467596216180195
PREF_0080,121.021757383171,32.1859920652549,SSP585,2050,0.00976084370096331
PREF_0081,119.133600164008,34.5332041344831,SSP585,2050,0.00852080556029267
PREF_0082,118.963773723171,33.352905441794,SSP585,2050,0.0177931386415994
PREF_0083,120.182941259759,33.5090424499879,SSP585,2050,0.0998032174309487
PREF_0084,119.474172338863,32.7381748613515,SSP585,2050,0.00265391007938043
PREF_0085,119.453646392655,32.0166610377772,SSP585,2050,0.00428554079148613
PREF_0086,120.056706940147,32.5713559147387,SSP585,2050,0.000971439086991044
PREF_0087,118.520188650619,33.7841542803303,SSP585,2050,0.000243241523531057
PREF_0088,119.470025342718,29.900285085159,SSP585,2050,0.999374354864349
PREF_0089,121.460669165808,29.7424311496461,SSP585,2050,0.0774245654568014
PREF_0090,120.440431736298,27.9037166774901,SSP585,2050,0.0785010583252562
PREF_0091,120.803418395142,30.6165430813739,SSP585,2050,0.238302341843755
PREF_0092,119.868729351977,30.7443515893504,SSP585,2050,0.0307085773344467
PREF_0093,120.636482898016,29.7351557799873,SSP585,2050,0.0324594916518234
PREF_0094,119.952132815189,29.1182566499995,SSP585,2050,0.0270209159320363
PREF_0095,118.674656457155,28.9345116941443,SSP585,2050,0.00482311874490904
PREF_0096,122.1858465645,30.094795665055,SSP585,2050,
PREF_0097,121.110784250137,28.7726851220614,SSP585,2050,0.050233904509439
PREF_0098,119.511749600323,28.1993431788513,SSP585,2050,0.0507101910788528
PREF_0099,117.35580112481,31.763442092308,SSP585,2050,0.112783417143437
PREF_0100,118.134645665742,31.1626738515048,SSP585,2050,0.00179875776378491
PREF_0101,117.325387506481,33.1085742062566,SSP585,2050,0.000516503923267964
PREF_0102,116.768425082043,32.4720014752,SSP585,2050,0.000283414680862126
PREF_0103,118.365129022456,31.6370014190239,SSP585,2050,0.00365148533617143
PREF_0104,116.743475421296,33.7265585515633,SSP585,2050,0.000256573031555352
PREF_0105,117.556068147381,30.8841774126909,SSP585,2050,0.000135393573985065
PREF_0106,116.486727856145,30.5760492508359,SSP585,2050,0.00312107650476356
PREF_0107,118.071057832693,29.9066407089699,SSP585,2050,0.0246044411618164
PREF_0108,118.102551296158,32.5441558226879,SSP585,2050,0.000873353020678591
PREF_0109,115.703800824132,32.9173385608118,SSP585,2050,0.000106623258656402
PREF_0110,117.210821682996,33.8586764858289,SSP585,2050,5.3706666385156e-05
PREF_0111,116.229729649121,31.6600037112846,SSP585,2050,0.00554367203598827
PREF_0112,116.180668765281,33.4354585784111,SSP585,2050,7.01076679311408e-05
PREF_0113,117.365628813809,30.2837713476417,SSP585,2050,0.00213884263763209
PREF_0114,118.8522388918,30.6862406240494,SSP585,2050,0.00163504814465143
PREF_0115,119.180295391907,26.0497041797646,SSP585,2050,0.557178972726032
PREF_0116,118.115775148551,24.6765311488191,SSP585,2050,0.221723210287169
PREF_0117,118.889519919092,25.4508565510371,SSP585,2050,0.000285492928751463
PREF_0118,117.395920725057,26.2986789881343,SSP585,2050,0.0524065571510269
PREF_0119,118.257295817303,25.2001281731827,SSP585,2050,0.0241458844994813
PREF_0120,117.442971020029,24.3664148600507,SSP585,2050,0.0114502700363399
PREF_0121,118.142126484301,27.3390188826295,SSP585,2050,0.00640082259605546
PREF_0122,116.738691781547,25.2928390378304,SSP585,2050,0.000851089249644943
PREF_0123,119.473420606052,26.9749352500293,SSP585,2050,0.0164354039941216
PREF_0124,116.019035787737,28.6493141932215,SSP585,2050,0.158228967917436
PREF_0125,117.269958487373,29.3072781509948,SSP585,2050,0.000214540709743138
PREF_0126,113.902531360959,27.5116244565766,SSP585,2050,9.03045059058583e-05
PREF_0127,115.452665963283,29.3217658437937,SSP585,2050,0.215928055879836
PREF_0128,114.852565664,27.845201931333,SSP585,2050,0.000529087558118424
PREF_0129,117.108625585849,28.2239761542879,SSP585,2050,0.000566544678564318
PREF_0130,115.272967990124,25.7088441367973,SSP585,2050,0.0063260918305208
PREF_0131,114.824694531561,26.9736376232455,SSP585,2050,0.00076144234958464
PREF_0132,114.972713231006,28.3060669110271,SSP585,2050,0.000266760266753874
PREF_0133,116.434345843721,27.5100032895821,SSP585,2050,0.00237292518133536
PREF_0134,117.472279546934,28.7734120278182,SSP585,2050,0.200302742802429
PREF_0135,117.214758007375,36.6371036906449,SSP585,2050,0.012050768721956
PREF_0136,120.14258646388,36.4532044794438,SSP585,2050,0.0892281564376838
PREF_0137,118.053300525766,36.6077275134601,SSP585,2050,0.000164135775420848
PREF_0138,117.393293485901,34.9159642466091,SSP585,2050,2.60454515074171e-05
PREF_0139,118.6016179926,37.6222250628034,SSP585,2050,0.0595471878854161
PREF_0140,120.800566247534,37.2408122682831,SSP585,2050,0.00106777169893391
PREF_0141,119.071101154826,36.5456482708468,SSP585,2050,0.00320962495307098
PREF_0142,116.734962703893,35.3685016602667,SSP585,2050,0.00317469449588037
PREF_0143,117.025831758989,36.0009844651839,SSP585,2050,0.00263121218885121
PREF_0144,121.983077951471,37.1203321280958,SSP585,2050,0.00110192415425736
PREF_0145,119.135110097857,35.5829553353829,SSP585,2050,0.0114192848033677
PREF_0146,118.280468582427,35.3090873873127,SSP585,2050,0.000536384770376985
PREF_0147,116.646405673694,37.247723099715,SSP585,2050,0.000371322092502568
PREF_0148,115.88055802248,36.458517756423,SSP585,2050,6.43842389129734e-05
PREF_0149,117.837676102068,37.5316276470258,SSP585,2050,0.000679208074804372
PREF_0150,115.692432055622,35.150431351982,SSP585,2050,0.000380677791998019
PREF_0151,113.468976568239,34.6278711177045,SSP585,2050,0.275300262323456
PREF_0152,114.535460237847,34.6039518302676,SSP585,2050,0.00136207417298273
PREF_0153,112.031167865773,34.2910692187165,SSP585,2050,0.0515483376224707
PREF_0154,113.011828896453,33.7953979677855,SSP585,2050,0.00492487155014576
PREF_0155,114.353837962852,35.8764456234909,SSP585,2050,0.000121064960996842
PREF_0156,114.310905140239,35.7216927322557,SSP585,2050,0.000808294948886568
PREF_0157,114.088538154082,35.2621274908395,SSP585,2050,0.00142678427464271
PREF_0158,113.129100373486,35.1168559696007,SSP585,2050,0.00125730714175043
PREF_0159,115.282533764344,35.8084659810573,SSP585,2050,6.83332838535833e-06
PREF_0160,113.709560064792,34.0725916098738,SSP585,2050,0.000332114140188189
PREF_0161,113.899884488326,33.6557464548746,SSP585,2050,6.41590968453176e-06
PREF_0162,111.105884464701,34.3609206095318,SSP585,2050,0.00367565619712673
PREF_0163,112.284501883058,33.0427490633271,SSP585,2050,0.000715440020110592
PREF_0164,115.698209444122,34.2884206487352,SSP585,2050,0.000617735623779536
PREF_0165,114.883896668317,32.0811810042991,SSP585,2050,0.0895732519584971
PREF_0166,114.877788137035,33.7217509803537,SSP585,2050,1.59414990532625e-05
PREF_0167,114.150865504897,32.9233755174143,SSP585,2050,0.000778074123457428
PREF_0168,112.391866857502,35.1002846507087,SSP585,2050,9.31007395981176e-05
PREF_0169,114.342958062904,30.6235727072449,SSP585,2050,0.778429215843954
PREF_0170,115.025282850923,29.9268279845345,SSP585,2050,0.00621013331917764
PREF_0171,110.442329314318,32.4559194262792,SSP585,2050,0.000874834384262613
PREF_0172,111.135154998307,30.7469181066073,SSP585,2050,0.0963515137321876
PREF_0173,111.937144523176,31.9307004909456,SSP585,2050,0.00160909930434872
PREF_0174,114.755799916571,30.3287028723122,SSP585,2050,0.00137720796553842
PREF_0175,112.608260637099,31.0689590920281,SSP585,2050,0.00813433324525081
PREF_0176,113.879251024466,31.118321699715,SSP585,2050,0.00354148373509122
PREF_0177,112.569990658804,29.9959084538979,SSP585,2050,0.0270899214147947
PREF_0178,115.339730051782,30.7158623244675,SSP585,2050,0.0047531524422243
PREF_0179,114.175159032829,29.6236429680127,SSP585,2050,0.00132596105536043
PREF_0180,113.424087205411,31.8283714602033,SSP585,2050,0.000458733599186578
PREF_0181,109.5490264115,30.1915715047699,SSP585,2050,0.00539572900111651
PREF_0182,113.375090127821,30.2901270371969,SSP585,2050,0.00021377834689762
PREF_0183,112.756076699488,30.3390409625101,SSP585,2050,0.000454935786917798
PREF_0184,113.111775340254,30.6448523272443,SSP585,2050,0.000274086946647878
PREF_0185,110.474742817312,31.5903686798086,SSP585,2050,0.170089170781077
PREF_0186,113.153068557336,28.2269084881488,SSP585,2050,0.463304549495213
PREF_0187,113.516433827533,27.1198351768892,SSP585,2050,0.000939878181429155
PREF_0188,112.602696266354,27.7315616500929,SSP585,2050,0.00184402758810587
PREF_0189,112.574385492858,26.79436065359,SSP585,2050,0.00209063911356355
PREF_0190,110.874693939505,26.913623025858,SSP585,2050,0.00101497865315958
PREF_0191,113.254487509402,29.065312201056,SSP585,2050,0.0258861865792404
PREF_0192,111.519546660834,29.3001132557067,SSP585,2050,0.139774080518307
PREF_0193,110.525585300456,29.3936037299833,SSP585,2050,0.00666320981006752
PREF_0194,111.951002997917,28.5751096389928,SSP585,2050,0.00290494258594431
PREF_0195,113.136744354604,25.8146959533097,SSP585,2050,0.000813230683113564
PREF_0196,111.72943651547,25.7746520474289,SSP585,2050,0.00141845022699094
PREF_0197,110.075373107275,27.5488502671601,SSP585,2050,0.00268670471257804
PREF_0198,111.614322447876,27.7391699389406,SSP585,2050,0.000911954694808426
PREF_0199,109.726927690393,28.6946922948259,SSP585,2050,0.00297886964325134
PREF_0200,113.535746046809,23.3483646738186,SSP585,2050,0.334302200866115
PREF_0201,113.774525426829,24.8205049111224,SSP585,2050,0.00920388918392079
PREF_0202,114.126622793796,22.654626617963,SSP585,2050,0.170653467076561
PREF_0203,113.356941044411,22.1700957734541,SSP585,2050,0.0226024343032698
PREF_0204,116.583102846881,23.3333785912082,SSP585,2050,0.00399377927497557
PREF_0205,112.944450818453,23.0064078594495,SSP585,2050,0.00704841535835676
PREF_0206,112.669866962352,22.2812791458628,SSP585,2050,0.00226409870658106
PREF_0207,110.163875328952,21.0964623822923,SSP585,2050,0.00229578229633132
PREF_0208,110.951011375377,22.0152651806508,SSP585,2050,0.000347611893470545
PREF_0209,112.20534935015,23.5375527133138,SSP585,2050,0.000796327599057345
PREF_0210,114.498560296944,23.2427166184876,SSP585,2050,0.00320832338759691
PREF_0211,116.079207187448,24.2027815683028,SSP585,2050,0.000457958627725019
PREF_0212,115.532334174828,23.0147030540659,SSP585,2050,0.00242637661325773
PREF_0213,114.957659869726,24.0444871692152,SSP585,2050,0.000124532451997728
PREF_0214,111.771872471282,22.039380368836,SSP585,2050,0.000216034321266601
PREF_0215,112.874477794154,24.3147376029664,SSP585,2050,0.000672378621581538
PREF_0216,113.875723120169,22.9353135303325,SSP585,2050,0.011275918791824
PREF_0217,113.384370849443,22.5204665786937,SSP585,2050,0.00703018138314149
PREF_0218,116.772513802174,23.7959351337963,SSP585,2050,0.00210896097732549
PREF_0219,116.116903221298,23.3383237064649,SSP585,2050,0.00143755998644701
PREF_0220,111.793854947701,22.8159126045577,SSP585,2050,2.67392839814473e-05
PREF_0221,108.463204002264,23.0570134259933,SSP585,2050,0.0461688779301649
PREF_0222,109.371349479053,24.9476352314178,SSP585,2050,0.00135279318624193
PREF_0223,110.514166304899,25.3549999670203,SSP585,2050,0.00389103496072463
PREF_0224,110.990355849425,23.4808430929715,SSP585,2050,0.000947567858437859
PREF_0225,109.332625259554,21.6768854375209,SSP585,2050,0.0828384186490897
PREF_0226,107.99784951337,21.8829412007828,SSP585,2050,0.0007536695361956
PREF_0227,109.024637005823,22.1831995553368,SSP585,2050,0.00101741991549031
PREF_0228,109.998509179938,23.3082926540964,SSP585,2050,0.00045931371893948
PREF_0229,110.181453068447,22.4412877442711,SSP585,2050,0.000132154875160384
PREF_0230,106.286719395067,23.9858320761009,SSP585,2050,0.062279961903186
PREF_0231,111.3622823185,24.3597299388747,SSP585,2050,8.75031105675994e-05
PREF_0232,107.84197994181,24.6422622116037,SSP585,2050,0.000100750416139217
PREF_0233,109.412929064536,23.854077810817,SSP585,2050,0.000673695187389578
PREF_0234,107.273469604443,22.503021510329,SSP585,2050,0.0705067032663194
PREF_0235,110.420969784745,19.8318476301766,SSP585,2050,0.0236721218480974
PREF_0236,109.418619554525,18.3931107604313,SSP585,2050,0.013660431810529
PREF_0238,109.401924826546,19.5678467359099,SSP585,2050,0.0328475162881404
PREF_0239,109.5074750392,18.8257030244206,SSP585,2050,0.000318508509913551
PREF_0240,110.403009812029,19.210726699148,SSP585,2050,0.000239540123752269
PREF_0241,110.76965701352,19.7456693812598,SSP585,2050,0.00236302133197097
PREF_0242,110.281926944281,18.8352519695088,SSP585,2050,0.00183199219089403
PREF_0243,108.840187554495,18.994296952827,SSP585,2050,0.00471679318718332
PREF_0244,110.307625139388,19.4851544870951,SSP585,2050,6.01578073005094e-05
PREF_0245,110.051124424786,19.3429042887909,SSP585,2050,1.69859119515392e-05
PREF_0246,109.985143624302,19.6884173804261,SSP585,2050,0.000844506762408548
PREF_0247,109.71326666417,19.8019150407495,SSP585,2050,0.000188347821942214
PREF_0248,109.347924805645,19.2114046881232,SSP585,2050,0.000157428709955498
PREF_0249,109.000610703777,19.2177381682593,SSP585,2050,0.00566770868811284
PREF_0250,109.052307358808,18.6541995851467,SSP585,2050,0.0793130773733348
PREF_0251,109.937903305097,18.5715719407355,SSP585,2050,0.00153511577390464
PREF_0252,109.646577677606,18.5914097857582,SSP585,2050,0.000123727835842691
PREF_0253,109.85094471885,19.0351686429588,SSP585,2050,0.000676634618397842
PREF_0254,107.87440300651,30.0572234159166,SSP585,2050,0.302173053703689
PREF_0255,103.929954385757,30.6534270171105,SSP585,2050,0.546453209156912
PREF_0256,104.682845569553,29.286580401007,SSP585,2050,0.0015740131328511
PREF_0257,101.729482846343,26.8069142090478,SSP585,2050,0.00258925264976495
PREF_0258,105.666515439982,28.4401661930112,SSP585,2050,0.00233449057028923
PREF_0259,104.43501549654,31.1301839270514,SSP585,2050,0.028183226121842
PREF_0260,104.703260466676,31.8489839013939,SSP585,2050,0.0244825652955758
PREF_0261,105.782489510542,32.2621985146646,SSP585,2050,0.0264082534317767
PREF_0262,105.471625702131,30.6316146808222,SSP585,2050,0.000113432127646806
PREF_0263,104.91139691779,29.640688504834,SSP585,2050,7.92938824504264e-05
PREF_0264,103.570361564462,29.2160737820306,SSP585,2050,0.00273279685982009
PREF_0265,106.203780772366,31.1956107790993,SSP585,2050,0.000149888988948965
PREF_0266,103.758233478023,29.929927898061,SSP585,2050,0.165641637917034
PREF_0267,104.635615341643,28.5732579436036,SSP585,2050,0.0019469735757488
PREF_0268,106.663311799101,30.4262180393733,SSP585,2050,4.92706561550094e-06
PREF_0269,107.644771952834,31.36588371825,SSP585,2050,0.000726337080129702
PREF_0270,102.663801134515,29.9122179487174,SSP585,2050,0.0747985882083774
PREF_0271,107.038027941735,32.0170373348411,SSP585,2050,0.000153716180897545
PREF_0272,105.115391387731,30.100388308182,SSP585,2050,2.91993149565961e-05
PREF_0273,102.608155786342,32.4002996748412,SSP585,2050,0.138729702234081
PREF_0274,99.9970181932757,30.9485603231945,SSP585,2050,0.0145823779105198
PREF_0275,102.079579757462,27.8865867601347,SSP585,2050,0.00518225153320018
PREF_0276,106.706471671867,26.8415517033133,SSP585,2050,0.041869919110587
PREF_0277,104.891172500966,26.1352092423209,SSP585,2050,0.000451009752969522
PREF_0278,107.084921064145,28.1685253286438,SSP585,2050,0.0188741830335643
PREF_0279,105.949001883575,25.9950599922776,SSP585,2050,0.000757894108245782
PREF_0280,105.214668618187,27.0673736202101,SSP585,2050,0.00518546951619825
PREF_0281,108.541267530869,27.9718781050439,SSP585,2050,0.000695991840307997
PREF_0282,105.464382926591,25.2655219858669,SSP585,2050,0.000504804472767795
PREF_0283,108.557547343821,26.5057258991906,SSP585,2050,0.000309638269444412
PREF_0284,107.25007442265,26.0131075992171,SSP585,2050,0.00175602515629092
PREF_0285,102.872805571015,25.3871144823286,SSP585,2050,0.010579857712426
PREF_0286,103.937741370522,25.7035647239763,SSP585,2050,8.30539881996328e-05
PREF_0287,102.201916578749,24.1396230718,SSP585,2050,0.00127651647983851
PREF_0288,98.9709390425275,24.9767356749139,SSP585,2050,0.0641046737660712
PREF_0289,104.002151079261,27.6534954381893,SSP585,2050,5.48037306025151e-06
PREF_0290,100.523900678028,26.9406607686172,SSP585,2050,0.00597996475437124
PREF_0291,100.720356313581,23.1860093826598,SSP585,2050,0.00601568220820981
PREF_0292,99.6736831329065,23.9398166034017,SSP585,2050,0.00062069917915264
PREF_0293,101.568070531858,25.3519101763082,SSP585,2050,0.00298582881386034
PREF_0294,103.035048660128,23.4397577395395,SSP585,2050,0.00094193073525628
PREF_0295,104.714447004675,23.6889945340357,SSP585,2050,0.000341384773166253
PREF_0296,100.944060251825,21.9307652171919,SSP585,2050,0.0475012366893236
PREF_0297,100.039232738163,25.7279958620396,SSP585,2050,0.0249776291689751
PREF_0298,98.0850212177583,24.5590009063044,SSP585,2050,0.0932154973484908
PREF_0299,98.8696037324368,26.9595718331434,SSP585,2050,0.00354871420004066
PREF_0300,99.4397682650685,27.9569827173524,SSP585,2050,0.00457310060918759
PREF_0301,91.0897778571989,30.0369929194074,SSP585,2050,0.0105018162213087
PREF_0302,86.4837372882426,29.4912237039721,SSP585,2050,0.0227809960547983
PREF_0303,97.0384869242498,30.7746711725119,SSP585,2050,0.000599087793939579
PREF_0304,95.2436937211529,29.2019687257004,SSP585,2050,0.162315696593776
PREF_0305,92.2646949953206,28.2980944518944,SSP585,2050,0.0147768336166515
PREF_0306,89.2571959012187,32.7359811491026,SSP585,2050,0.00026278203193153
PREF_0307,82.5578345637871,33.0293923100188,SSP585,2050,0.00019737621228022
PREF_0308,108.791854450862,34.106924250675,SSP585,2050,0.0531086080691865
PREF_0309,109.032153282048,35.1956651677704,SSP585,2050,2.17386445588996e-06
PREF_0310,107.200029870516,34.3787894198332,SSP585,2050,0.00064977167058744
PREF_0311,108.390466785722,34.7845382326763,SSP585,2050,0.0142047593258967
PREF_0312,109.850766835986,34.950047690257,SSP585,2050,0.000811385179841806
PREF_0313,109.315202723372,36.4371839750012,SSP585,2050,0.000479141308664777
PREF_0314,107.101514151531,33.0905545386454,SSP585,2050,0.0734349208498379
PREF_0315,109.566254380927,38.0378175734505,SSP585,2050,0.000179132288856798
PREF_0316,108.926544708739,32.757233182988,SSP585,2050,0.000355656624550726
PREF_0317,109.901268777651,33.6470969414652,SSP585,2050,0.000114088590787986
PREF_0318,103.654184531251,36.3500430935287,SSP585,2050,0.051063168029665
PREF_0319,98.2096194867174,39.8290269898253,SSP585,2050,1.52276566722787e-06
PREF_0320,102.046936471831,38.4325725742986,SSP585,2050,1.81015086999636e-05
PREF_0321,104.621395249623,36.6134910915472,SSP585,2050,3.06914226479993e-05
PREF_0322,105.737208308216,34.6476946370737,SSP585,2050,0.000327998809637631
PREF_0323,103.056537612753,38.1665346464537,SSP585,2050,0.000229698717816529
PREF_0324,99.8278028838748,38.9529923354242,SSP585,2050,0.00139798460712315
PREF_0325,106.645753241326,35.3058828845902,SSP585,2050,6.22153404563619e-05
PREF_0326,96.0556633550248,40.260184938378,SSP585,2050,3.55424064041321e-05
PREF_0327,107.590550419631,36.1620214181463,SSP585,2050,0.00462825358332464
PREF_0328,104.452510541131,35.1198674637214,SSP585,2050,0.000401717816464919
PREF_0329,105.220350422395,33.5972701109345,SSP585,2050,0.000973983975155579
PREF_0330,103.280169886887,35.6301833324338,SSP585,2050,0.000113155016279731
PREF_0331,102.766564922225,34.3223304987986,SSP585,2050,0.0115206626159745
PREF_0332,101.437457951386,36.8279701149894,SSP585,2050,0.0327884300898109
PREF_0333,102.343691531015,36.3320151689351,SSP585,2050,0.00650263390098205
PREF_0334,100.302910572808,37.7589249826958,SSP585,2050,0.0215701704345365
PREF_0335,101.629425109548,35.022119343186,SSP585,2050,0.000183102518967693
PREF_0336,100.257670988381,35.8999822260154,SSP585,2050,0.0398257110041143
PREF_0337,99.4199373434216,34.1157432840334,SSP585,2050,0.00106003095406104
PREF_0338,94.3213877752006,34.2108563391637,SSP585,2050,0.0368293534737266
PREF_0339,94.5310653939951,36.7123595619951,SSP585,2050,0.0185869264760358
PREF_0340,106.345209953701,38.2799544735338,SSP585,2050,0.0034446740760935
PREF_0341,106.513046043903,39.0065028203354,SSP585,2050,7.4378672083153e-05
PREF_0342,106.527562074545,37.4616613320997,SSP585,2050,3.75702976506132e-05
PREF_0343,106.180718287451,35.9149174435308,SSP585,2050,0.00196875004733277
PREF_0344,105.50095648294,37.0137223362795,SSP585,2050,5.37404217690884e-05
PREF_0345,87.7864948843258,43.7535036134194,SSP585,2050,0.0345552478555226
PREF_0346,85.1895002101539,45.4754926341596,SSP585,2050,0.00287012345823112
PREF_0347,89.815629633217,42.3913032516545,SSP585,2050,5.58801391759012e-06
PREF_0348,93.5147276857982,43.0389443814081,SSP585,2050,1.18597596233672e-05
PREF_0349,88.6325398965762,44.3456950213978,SSP585,2050,0.021205530140719
PREF_0350,82.1059132168765,44.7311707957691,SSP585,2050,0.000119538248682938
PREF_0351,87.4661713634175,39.4907900907797,SSP585,2050,0.00250209068495511
PREF_0352,81.5485869391361,40.9627162026591,SSP585,2050,9.52924647048548e-05
PREF_0353,75.9455428738829,39.6561895503,SSP585,2050,0.000163109612911105
PREF_0354,77.1874398100588,38.1261251592131,SSP585,2050,0.00154570503419382
PREF_0355,80.9226253535944,37.0715380101512,SSP585,2050,0.00110202838416873
PREF_0356,82.1233333018035,43.4460517923895,SSP585,2050,0.0178297680557923
PREF_0357,84.7897215181362,45.6420659046148,SSP585,2050,0.021092620436677
PREF_0358,88.4041846646969,46.907005776288,SSP585,2050,0.2818465211852
PREF_0359,86.0356695052122,44.3055193131897,SSP585,2050,0.0005414579560028
PREF_0360,81.3100738005355,40.5982692764772,SSP585,2050,4.78108891621698e-06
PREF_0361,79.0259048047934,39.8438367011761,SSP585,2050,5.40057005449235e-07
PREF_0362,87.554725867094,44.3616945203136,SSP585,2050,3.4102948930359e-06
PREF_0363,87.9837059846626,47.2417775193536,SSP585,2050,7.630940347092e-05
PREF_0365,82.3440729928643,44.8522161448952,SSP585,2050,9.37347388596521e-09
PREF_0366,80.6830235814472,43.9325279896843,SSP585,2050,9.70373780206923e-06
PREF_0367,79.3619267343794,37.3626499181998,SSP585,2050,1.99892580938776e-05
PREF_0368,84.781122501724,44.8185332541682,SSP585,2050,0.00010159721700731
PREF_0369,120.967869142155,23.7470626562012,SSP585,2050,0.0118308235867921
PREF_0370,114.1343242378,22.381274185077,SSP585,2050,0.0436843440560345
PREF_0371,113.561375464429,22.1630230696564,SSP585,2050,
PREF_0001,116.41228426717,40.18554306975,SSP585,2080,1
PREF_0002,117.334038439083,39.2934261784069,SSP585,2080,0.999628032220635
PREF_0003,114.439869046953,38.1312704711954,SSP585,2080,0.00556721364736301
PREF_0004,118.335893338026,39.721237129033,SSP585,2080,0.335966649453068
PREF_0005,119.18504322806,40.0879714867578,SSP585,2080,0.00446652317850815
PREF_0006,114.542071716664,36.5529972394931,SSP585,2080,0.000122796186555196
PREF_0007,114.815897649124,37.2126414474834,SSP585,2080,0.000179098507435804
PREF_0008,115.170561809715,39.0212666741669,SSP585,2080,9.52985897437753e-05
PREF_0009,115.032446780788,40.8651179626447,SSP585,2080,0.202117746222528
PREF_0010,117.548592960558,41.3476139006133,SSP585,2080,0.00140628294681211
PREF_0011,116.753295617347,38.2667749970675,SSP585,2080,1.71479212851544e-05
PREF_0012,116.628047536647,39.2592148177462,SSP585,2080,0.0125197318799347
PREF_0013,115.823192787472,37.7625466130914,SSP585,2080,9.50835580348919e-06
PREF_0014,112.316082717194,37.959207330532,SSP585,2080,0.00411476241286946
PREF_0015,113.722311327971,39.8994625456914,SSP585,2080,8.05141497371986e-05
PREF_0016,113.498951100883,38.0635408679591,SSP585,2080,9.57681823288148e-07
PREF_0017,112.916777736781,36.4752960616079,SSP585,2080,0.0033083246379364
PREF_0018,112.707634484679,35.6106436714664,SSP585,2080,0.000245895659256923
PREF_0019,112.641470912658,39.6172750013344,SSP585,2080,1.51630570432992e-07
PREF_0020,112.963178418287,37.3273359357114,SSP585,2080,0.000896442867447389
PREF_0021,111.063414501381,35.1866054090188,SSP585,2080,0.00739884581880523
PREF_0022,112.407411408649,38.881868940379,SSP585,2080,4.31164088805502e-05
PREF_0023,111.376944525406,36.2269282788253,SSP585,2080,5.8688229634507e-05
PREF_0024,111.263177184034,37.6784859107261,SSP585,2080,3.49023681589511e-06
PREF_0025,111.498141174348,40.5905792558338,SSP585,2080,0.00187986773165405
PREF_0026,110.256725283458,41.5509244549057,SSP585,2080,1.16306218977957e-06
PREF_0027,106.869226668268,39.4264852418261,SSP585,2080,2.02366051298419e-05
PREF_0028,118.871463718702,43.2215046345057,SSP585,2080,8.39169425730368e-05
PREF_0029,121.570346028635,43.8159763824953,SSP585,2080,5.09334763254543e-08
PREF_0030,108.629234003992,39.4115750031708,SSP585,2080,4.61572491872175e-05
PREF_0031,121.19659210836,49.6614008345483,SSP585,2080,0.0352974628385655
PREF_0032,107.564831321024,41.4454323777836,SSP585,2080,1.25504660324349e-05
PREF_0033,112.443637083244,41.6818240218822,SSP585,2080,6.93994103506679e-06
PREF_0034,121.336362650093,46.2252751297965,SSP585,2080,6.86457140020025e-07
PREF_0035,115.482393740881,44.1928695824004,SSP585,2080,0.000989834489668495
PREF_0036,102.447745283343,40.4974270881128,SSP585,2080,0.00550347181335165
PREF_0037,125.565936095502,40.6862713036231,SSP585,2080,2.81082339737004e-07
PREF_0038,123.137626299845,42.0939586473418,SSP585,2080,0.0474349736352966
PREF_0039,122.205323620304,39.5949540576238,SSP585,2080,0.0263125514824827
PREF_0040,123.011927242468,40.7139411863433,SSP585,2080,1.74833119093165e-07
PREF_0041,124.655739092978,41.8338385020899,SSP585,2080,2.23218377602974e-05
PREF_0042,124.569508663334,41.2285187216001,SSP585,2080,1.93769712408809e-06
PREF_0043,124.39803570562,40.5435782159099,SSP585,2080,0.000541258206475992
PREF_0044,121.614664282512,41.4630033296608,SSP585,2080,0.000599008207264773
PREF_0045,122.463826467916,40.3912799052404,SSP585,2080,2.92187767336749e-06
PREF_0046,121.955300047318,42.2792591285283,SSP585,2080,4.35418851085778e-07
PREF_0047,123.246473918431,41.1806799239703,SSP585,2080,9.40675808424052e-05
PREF_0048,121.999956338949,41.0775196761948,SSP585,2080,0.000449133430438953
PREF_0049,124.170649974772,42.6439464142152,SSP585,2080,4.93177882976426e-08
PREF_0050,120.015192643785,41.5112614252467,SSP585,2080,0.00013032675896496
PREF_0051,120.198412871611,40.6244485793518,SSP585,2080,1.2515710336225e-05
PREF_0052,125.767138904235,44.383844316748,SSP585,2080,0.00668187130989828
PREF_0053,126.843313105594,43.579780227955,SSP585,2080,6.78711652959407e-05
PREF_0054,124.467586594304,43.5707196443035,SSP585,2080,4.34974006834343e-05
PREF_0055,125.305555415586,42.8109020657527,SSP585,2080,5.40238577206864e-08
PREF_0056,125.94939040737,41.9556271070022,SSP585,2080,4.5151009930855e-08
PREF_0057,127.285140798257,42.0690338602398,SSP585,2080,3.28961946571837e-06
PREF_0058,124.475794410416,44.8009885538836,SSP585,2080,2.33764383694712e-06
PREF_0059,123.011895585646,45.3464495658839,SSP585,2080,3.3420784354421e-06
PREF_0060,129.123716698607,43.1419306829455,SSP585,2080,0.0154991079133774
PREF_0061,127.957475301674,45.6372933666836,SSP585,2080,0.00133331415835813
PREF_0062,124.545858548084,47.6998644899573,SSP585,2080,7.65042121654291e-05
PREF_0063,132.286221814204,45.6296122059588,SSP585,2080,2.13053186204348e-09
PREF_0064,130.79895397606,47.6388826442854,SSP585,2080,2.78427444433405e-08
PREF_0065,132.542684595686,46.6797924930002,SSP585,2080,4.31569591174963e-09
PREF_0066,124.699639357736,46.3468595798758,SSP585,2080,9.00589371111149e-06
PREF_0067,129.211501257341,47.8118250342385,SSP585,2080,1.82172938307801e-05
PREF_0068,132.259830962042,47.2672022437473,SSP585,2080,6.05798398112256e-08
PREF_0069,130.97359636323,45.9113972452748,SSP585,2080,4.53501514119381e-09
PREF_0070,129.888084713383,44.5962715724084,SSP585,2080,1.02002236990195e-07
PREF_0071,126.98590236696,49.2632238393858,SSP585,2080,6.21243356646595e-07
PREF_0072,126.645484892872,46.8934872676214,SSP585,2080,2.88325615827034e-07
PREF_0073,124.203632357947,52.3257719934708,SSP585,2080,1.36608475309608e-07
PREF_0074,121.469065179995,31.2400932603511,SSP585,2080,1
PREF_0075,118.842533247822,31.9276363127488,SSP585,2080,0.999973005379879
PREF_0076,120.075821213349,31.5263797043919,SSP585,2080,0.364714098525467
PREF_0077,117.516635621497,34.3560882655161,SSP585,2080,0.0309120929423827
PREF_0078,119.637182577956,31.6253407214956,SSP585,2080,0.130157895666338
PREF_0079,120.651600617082,31.3813326257149,SSP585,2080,0.896839697433842
PREF_0080,121.021757383171,32.1859920652549,SSP585,2080,0.00574062479687998
PREF_0081,119.133600164008,34.5332041344831,SSP585,2080,0.00483127000837791
PREF_0082,118.963773723171,33.352905441794,SSP585,2080,0.0137761372213404
PREF_0083,120.182941259759,33.5090424499879,SSP585,2080,0.170773312592826
PREF_0084,119.474172338863,32.7381748613515,SSP585,2080,0.00080707816915071
PREF_0085,119.453646392655,32.0166610377772,SSP585,2080,0.00186964916149246
PREF_0086,120.056706940147,32.5713559147387,SSP585,2080,0.000182219118890603
PREF_0087,118.520188650619,33.7841542803303,SSP585,2080,2.50223893644153e-05
PREF_0088,119.470025342718,29.900285085159,SSP585,2080,1
PREF_0089,121.460669165808,29.7424311496461,SSP585,2080,0.113103124483137
PREF_0090,120.440431736298,27.9037166774901,SSP585,2080,0.119638380774228
PREF_0091,120.803418395142,30.6165430813739,SSP585,2080,0.468861008798267
PREF_0092,119.868729351977,30.7443515893504,SSP585,2080,0.0308173618730292
PREF_0093,120.636482898016,29.7351557799873,SSP585,2080,0.0333244033194102
PREF_0094,119.952132815189,29.1182566499995,SSP585,2080,0.0256277996450132
PREF_0095,118.674656457155,28.9345116941443,SSP585,2080,0.00223754690867184
PREF_0096,122.1858465645,30.094795665055,SSP585,2080,
PREF_0097,121.110784250137,28.7726851220614,SSP585,2080,0.061707664822811
PREF_0098,119.511749600323,28.1993431788513,SSP585,2080,0.0614605375425764
PREF_0099,117.35580112481,31.763442092308,SSP585,2080,0.207344683638433
PREF_0100,118.134645665742,31.1626738515048,SSP585,2080,0.000499035889648281
PREF_0101,117.325387506481,33.1085742062566,SSP585,2080,6.0801038133329e-05
PREF_0102,116.768425082043,32.4720014752,SSP585,2080,3.06161279552963e-05
PREF_0103,118.365129022456,31.6370014190239,SSP585,2080,0.00138175634747384
PREF_0104,116.743475421296,33.7265585515633,SSP585,2080,2.44923587205959e-05
PREF_0105,117.556068147381,30.8841774126909,SSP585,2080,1.22475487710494e-05
PREF_0106,116.486727856145,30.5760492508359,SSP585,2080,0.00107356527456481
PREF_0107,118.071057832693,29.9066407089699,SSP585,2080,0.0223734979424808
PREF_0108,118.102551296158,32.5441558226879,SSP585,2080,0.000176725289559032
PREF_0109,115.703800824132,32.9173385608118,SSP585,2080,7.19880062716172e-06
PREF_0110,117.210821682996,33.8586764858289,SSP585,2080,2.59490868259604e-06
PREF_0111,116.229729649121,31.6600037112846,SSP585,2080,0.00257705480584236
PREF_0112,116.180668765281,33.4354585784111,SSP585,2080,3.73682784149398e-06
PREF_0113,117.365628813809,30.2837713476417,SSP585,2080,0.000623263810510921
PREF_0114,118.8522388918,30.6862406240494,SSP585,2080,0.000440467365235619
PREF_0115,119.180295391907,26.0497041797646,SSP585,2080,0.934912712220482
PREF_0116,118.115775148551,24.6765311488191,SSP585,2080,0.479853744159698
PREF_0117,118.889519919092,25.4508565510371,SSP585,2080,3.0473777942519e-05
PREF_0118,117.395920725057,26.2986789881343,SSP585,2080,0.065532552898401
PREF_0119,118.257295817303,25.2001281731827,SSP585,2080,0.0218487120821966
PREF_0120,117.442971020029,24.3664148600507,SSP585,2080,0.00723618108364799
PREF_0121,118.142126484301,27.3390188826295,SSP585,2080,0.00352673921775526
PREF_0122,116.738691781547,25.2928390378304,SSP585,2080,0.000162789434642652
PREF_0123,119.473420606052,26.9749352500293,SSP585,2080,0.0129027315181103
PREF_0124,116.019035787737,28.6493141932215,SSP585,2080,0.322400805121408
PREF_0125,117.269958487373,29.3072781509948,SSP585,2080,2.13549171717009e-05
PREF_0126,113.902531360959,27.5116244565766,SSP585,2080,5.93246103652856e-06
PREF_0127,115.452665963283,29.3217658437937,SSP585,2080,0.477410768723701
PREF_0128,114.852565664,27.845201931333,SSP585,2080,7.39564527248993e-05
PREF_0129,117.108625585849,28.2239761542879,SSP585,2080,0.000121488707756745
PREF_0130,115.272967990124,25.7088441367973,SSP585,2080,0.00317824456882143
PREF_0131,114.824694531561,26.9736376232455,SSP585,2080,0.000175705608382537
PREF_0132,114.972713231006,28.3060669110271,SSP585,2080,2.92159638031198e-05
PREF_0133,116.434345843721,27.5100032895821,SSP585,2080,0.000820890950585573
PREF_0134,117.472279546934,28.7734120278182,SSP585,2080,0.412133075845829
PREF_0135,117.214758007375,36.6371036906449,SSP585,2080,0.00798234011497101
PREF_0136,120.14258646388,36.4532044794438,SSP585,2080,0.138604454019798
PREF_0137,118.053300525766,36.6077275134601,SSP585,2080,1.63849817962358e-05
PREF_0138,117.393293485901,34.9159642466091,SSP585,2080,1.35432405978797e-06
PREF_0139,118.6016179926,37.6222250628034,SSP585,2080,0.0804294195700472
PREF_0140,120.800566247534,37.2408122682831,SSP585,2080,0.000267333217040533
PREF_0141,119.071101154826,36.5456482708468,SSP585,2080,0.00126790285289657
PREF_0142,116.734962703893,35.3685016602667,SSP585,2080,0.00119242237662753
PREF_0143,117.025831758989,36.0009844651839,SSP585,2080,0.000868220735466774
PREF_0144,121.983077951471,37.1203321280958,SSP585,2080,0.000268430346405113
PREF_0145,119.135110097857,35.5829553353829,SSP585,2080,0.00749051603449158
PREF_0146,118.280468582427,35.3090873873127,SSP585,2080,0.000100411556029023
PREF_0147,116.646405673694,37.247723099715,SSP585,2080,5.8165239682495e-05
PREF_0148,115.88055802248,36.458517756423,SSP585,2080,3.87850219374375e-06
PREF_0149,117.837676102068,37.5316276470258,SSP585,2080,0.000128308601828886
PREF_0150,115.692432055622,35.150431351982,SSP585,2080,5.42356011203893e-05
PREF_0151,113.468976568239,34.6278711177045,SSP585,2080,0.629262251167652
PREF_0152,114.535460237847,34.6039518302676,SSP585,2080,0.00034092661268037
PREF_0153,112.031167865773,34.2910692187165,SSP585,2080,0.0648839787165242
PREF_0154,113.011828896453,33.7953979677855,SSP585,2080,0.00214694671684401
PREF_0155,114.353837962852,35.8764456234909,SSP585,2080,8.85234517555844e-06
PREF_0156,114.310905140239,35.7216927322557,SSP585,2080,0.000168491507372304
PREF_0157,114.088538154082,35.2621274908395,SSP585,2080,0.000357573795111477
PREF_0158,113.129100373486,35.1168559696007,SSP585,2080,0.00025553643198617
PREF_0159,115.282533764344,35.8084659810573,SSP585,2080,1.71483144795204e-07
PREF_0160,113.709560064792,34.0725916098738,SSP585,2080,3.56487207470169e-05
PREF_0161,113.899884488326,33.6557464548746,SSP585,2080,1.34308628552127e-07
PREF_0162,111.105884464701,34.3609206095318,SSP585,2080,0.00125824295961441
PREF_0163,112.284501883058,33.0427490633271,SSP585,2080,0.000129102179063145
PREF_0164,115.698209444122,34.2884206487352,SSP585,2080,9.56125656045304e-05
PREF_0165,114.883896668317,32.0811810042991,SSP585,2080,0.148897837769238
PREF_0166,114.877788137035,33.7217509803537,SSP585,2080,4.97426266288237e-07
PREF_0167,114.150865504897,32.9233755174143,SSP585,2080,0.000144985305374656
PREF_0168,112.391866857502,35.1002846507087,SSP585,2080,6.76518893760747e-06
PREF_0169,114.342958062904,30.6235727072449,SSP585,2080,0.999932271716935
PREF_0170,115.025282850923,29.9268279845345,SSP585,2080,0.00297880868254163
PREF_0171,110.442329314318,32.4559194262792,SSP585,2080,0.0001778131432848
PREF_0172,111.135154998307,30.7469181066073,SSP585,2080,0.160294519524084
PREF_0173,111.937144523176,31.9307004909456,SSP585,2080,0.000381370915483736
PREF_0174,114.755799916571,30.3287028723122,SSP585,2080,0.000324002312537153
PREF_0175,112.608260637099,31.0689590920281,SSP585,2080,0.00425407401577116
PREF_0176,113.879251024466,31.118321699715,SSP585,2080,0.00124465756829706
PREF_0177,112.569990658804,29.9959084538979,SSP585,2080,0.0255618752162022
PREF_0178,115.339730051782,30.7158623244675,SSP585,2080,0.0019452316840225
PREF_0179,114.175159032829,29.6236429680127,SSP585,2080,0.000307840190899911
PREF_0180,113.424087205411,31.8283714602033,SSP585,2080,6.01365859457248e-05
PREF_0181,109.5490264115,30.1915715047699,SSP585,2080,0.00209207258627742
PREF_0182,113.375090127821,30.2901270371969,SSP585,2080,1.82801465364868e-05
PREF_0183,112.756076699488,30.3390409625101,SSP585,2080,5.70467058985669e-05
PREF_0184,113.111775340254,30.6448523272443,SSP585,2080,2.69324688213501e-05
PREF_0185,110.474742817312,31.5903686798086,SSP585,2080,0.354805005917241
PREF_0186,113.153068557336,28.2269084881488,SSP585,2080,0.915221705891043
PREF_0187,113.516433827533,27.1198351768892,SSP585,2080,0.000170878982187928
PREF_0188,112.602696266354,27.7315616500929,SSP585,2080,0.000515030006290718
PREF_0189,112.574385492858,26.79436065359,SSP585,2080,0.000612593405527551
PREF_0190,110.874693939505,26.913623025858,SSP585,2080,0.000210830550125052
PREF_0191,113.254487509402,29.065312201056,SSP585,2080,0.0239132465824323
PREF_0192,111.519546660834,29.3001132557067,SSP585,2080,0.28420341633928
PREF_0193,110.525585300456,29.3936037299833,SSP585,2080,0.00317686305051901
PREF_0194,111.951002997917,28.5751096389928,SSP585,2080,0.000932877050840664
PREF_0195,113.136744354604,25.8146959533097,SSP585,2080,0.000180931654007233
PREF_0196,111.72943651547,25.7746520474289,SSP585,2080,0.000336974961561265
PREF_0197,110.075373107275,27.5488502671601,SSP585,2080,0.000856243484251285
PREF_0198,111.614322447876,27.7391699389406,SSP585,2080,0.000163002141582713
PREF_0199,109.726927690393,28.6946922948259,SSP585,2080,0.00103399147594829
PREF_0200,113.535746046809,23.3483646738186,SSP585,2080,0.778625716781115
PREF_0201,113.774525426829,24.8205049111224,SSP585,2080,0.00543982560961831
PREF_0202,114.126622793796,22.654626617963,SSP585,2080,0.340161128353677
PREF_0203,113.356941044411,22.1700957734541,SSP585,2080,0.0199034475309285
PREF_0204,116.583102846881,23.3333785912082,SSP585,2080,0.0018059787843574
PREF_0205,112.944450818453,23.0064078594495,SSP585,2080,0.00388103932055262
PREF_0206,112.669866962352,22.2812791458628,SSP585,2080,0.000724685833281002
PREF_0207,110.163875328952,21.0964623822923,SSP585,2080,0.000755604697511347
PREF_0208,110.951011375377,22.0152651806508,SSP585,2080,5.69444231923733e-05
PREF_0209,112.20534935015,23.5375527133138,SSP585,2080,0.000151647509259778
PREF_0210,114.498560296944,23.2427166184876,SSP585,2080,0.00107810850613799
PREF_0211,116.079207187448,24.2027815683028,SSP585,2080,6.53724395296429e-05
PREF_0212,115.532334174828,23.0147030540659,SSP585,2080,0.000826231304818847
PREF_0213,114.957659869726,24.0444871692152,SSP585,2080,8.42257899025256e-06
PREF_0214,111.771872471282,22.039380368836,SSP585,2080,2.59823639160439e-05
PREF_0215,112.874477794154,24.3147376029664,SSP585,2080,0.000104578803165389
PREF_0216,113.875723120169,22.9353135303325,SSP585,2080,0.00697395999187878
PREF_0217,113.384370849443,22.5204665786937,SSP585,2080,0.00376947760707158
PREF_0218,116.772513802174,23.7959351337963,SSP585,2080,0.000640048060987941
PREF_0219,116.116903221298,23.3383237064649,SSP585,2080,0.000357003332907113
PREF_0220,111.793854947701,22.8159126045577,SSP585,2080,1.15814184520335e-06
PREF_0221,108.463204002264,23.0570134259933,SSP585,2080,0.0558355994747718
PREF_0222,109.371349479053,24.9476352314178,SSP585,2080,0.000301709969664388
PREF_0223,110.514166304899,25.3549999670203,SSP585,2080,0.00172314014397756
PREF_0224,110.990355849425,23.4808430929715,SSP585,2080,0.000206014496978213
PREF_0225,109.332625259554,21.6768854375209,SSP585,2080,0.138409052464629
PREF_0226,107.99784951337,21.8829412007828,SSP585,2080,0.000105921020231214
PREF_0227,109.024637005823,22.1831995553368,SSP585,2080,0.000208379128119773
PREF_0228,109.998509179938,23.3082926540964,SSP585,2080,6.06130624183354e-05
PREF_0229,110.181453068447,22.4412877442711,SSP585,2080,7.63055391639345e-06
PREF_0230,106.286719395067,23.9858320761009,SSP585,2080,0.0886474991105042
PREF_0231,111.3622823185,24.3597299388747,SSP585,2080,6.8949581792932e-06
PREF_0232,107.84197994181,24.6422622116037,SSP585,2080,5.72786015895499e-06
PREF_0233,109.412929064536,23.854077810817,SSP585,2080,0.000108228553298284
PREF_0234,107.273469604443,22.503021510329,SSP585,2080,0.104277503131095
PREF_0235,110.420969784745,19.8318476301766,SSP585,2080,0.020921133463033
PREF_0236,109.418619554525,18.3931107604313,SSP585,2080,0.00897625906830879
PREF_0238,109.401924826546,19.5678467359099,SSP585,2080,0.0340424033910985
PREF_0239,109.5074750392,18.8257030244206,SSP585,2080,3.38448685306414e-05
PREF_0240,110.403009812029,19.210726699148,SSP585,2080,2.34541483008499e-05
PREF_0241,110.76965701352,19.7456693812598,SSP585,2080,0.000582207451217287
PREF_0242,110.281926944281,18.8352519695088,SSP585,2080,0.000432818487747455
PREF_0243,108.840187554495,18.994296952827,SSP585,2080,0.00168613141480112
PREF_0244,110.307625139388,19.4851544870951,SSP585,2080,2.88755020894094e-06
PREF_0245,110.051124424786,19.3429042887909,SSP585,2080,4.80453506312983e-07
PREF_0246,109.985143624302,19.6884173804261,SSP585,2080,0.000156953665013893
PREF_0247,109.71326666417,19.8019150407495,SSP585,2080,1.43121745256325e-05
PREF_0248,109.347924805645,19.2114046881232,SSP585,2080,7.182028031405e-06
PREF_0249,109.000610703777,19.2177381682593,SSP585,2080,0.00223006808050308
PREF_0250,109.052307358808,18.6541995851467,SSP585,2080,0.12915132099328
PREF_0251,109.937903305097,18.5715719407355,SSP585,2080,0.00032592023347755
PREF_0252,109.646577677606,18.5914097857582,SSP585,2080,6.82765791581996e-06
PREF_0253,109.85094471885,19.0351686429588,SSP585,2080,9.31034605879955e-05
PREF_0254,107.87440300651,30.0572234159166,SSP585,2080,0.649339836771555
PREF_0255,103.929954385757,30.6534270171105,SSP585,2080,0.990187772871697
PREF_0256,104.682845569553,29.286580401007,SSP585,2080,0.000432566195670225
PREF_0257,101.729482846343,26.8069142090478,SSP585,2080,0.000571702199557933
PREF_0258,105.666515439982,28.4401661930112,SSP585,2080,0.000687776354252767
PREF_0259,104.43501549654,31.1301839270514,SSP585,2080,0.0270676781019652
PREF_0260,104.703260466676,31.8489839013939,SSP585,2080,0.0216938642256778
PREF_0261,105.782489510542,32.2621985146646,SSP585,2080,0.024314920438581
PREF_0262,105.471625702131,30.6316146808222,SSP585,2080,5.69561551144737e-06
PREF_0263,104.91139691779,29.640688504834,SSP585,2080,3.90857444010351e-06
PREF_0264,103.570361564462,29.2160737820306,SSP585,2080,0.000970120934912111
PREF_0265,106.203780772366,31.1956107790993,SSP585,2080,1.26059255746158e-05
PREF_0266,103.758233478023,29.929927898061,SSP585,2080,0.33958322090743
PREF_0267,104.635615341643,28.5732579436036,SSP585,2080,0.000564494028195139
PREF_0268,106.663311799101,30.4262180393733,SSP585,2080,8.38718450246745e-08
PREF_0269,107.644771952834,31.36588371825,SSP585,2080,0.000140507772473986
PREF_0270,102.663801134515,29.9122179487174,SSP585,2080,0.109983212924585
PREF_0271,107.038027941735,32.0170373348411,SSP585,2080,9.55714362493865e-06
PREF_0272,105.115391387731,30.100388308182,SSP585,2080,1.42147373183299e-06
PREF_0273,102.608155786342,32.4002996748412,SSP585,2080,0.324490960067841
PREF_0274,99.9970181932757,30.9485603231945,SSP585,2080,0.0100010741251779
PREF_0275,102.079579757462,27.8865867601347,SSP585,2080,0.00170995293520504
PREF_0276,106.706471671867,26.8415517033133,SSP585,2080,0.048967606716263
PREF_0277,104.891172500966,26.1352092423209,SSP585,2080,4.72214191954423e-05
PREF_0278,107.084921064145,28.1685253286438,SSP585,2080,0.0151459390531359
PREF_0279,105.949001883575,25.9950599922776,SSP585,2080,0.000116127505715991
PREF_0280,105.214668618187,27.0673736202101,SSP585,2080,0.00225367359705553
PREF_0281,108.541267530869,27.9718781050439,SSP585,2080,0.0001248063359931
PREF_0282,105.464382926591,25.2655219858669,SSP585,2080,5.94126234952919e-05
PREF_0283,108.557547343821,26.5057258991906,SSP585,2080,3.56962800744931e-05
PREF_0284,107.25007442265,26.0131075992171,SSP585,2080,0.000449258853340906
PREF_0285,102.872805571015,25.3871144823286,SSP585,2080,0.00562449915876329
PREF_0286,103.937741370522,25.7035647239763,SSP585,2080,2.4949648568251e-06
PREF_0287,102.201916578749,24.1396230718,SSP585,2080,0.000154721791756796
PREF_0288,98.9709390425275,24.9767356749139,SSP585,2080,0.111579605265129
PREF_0289,104.002151079261,27.6534954381893,SSP585,2080,1.06595033133594e-07
PREF_0290,100.523900678028,26.9406607686172,SSP585,2080,0.00209933619140967
PREF_0291,100.720356313581,23.1860093826598,SSP585,2080,0.00184870930641023
PREF_0292,99.6736831329065,23.9398166034017,SSP585,2080,4.19804800905199e-05
PREF_0293,101.568070531858,25.3519101763082,SSP585,2080,0.000634599655580659
PREF_0294,103.035048660128,23.4397577395395,SSP585,2080,0.000111186141281472
PREF_0295,104.714447004675,23.6889945340357,SSP585,2080,2.26424101487099e-05
PREF_0296,100.944060251825,21.9307652171919,SSP585,2080,0.0637435170382062
PREF_0297,100.039232738163,25.7279958620396,SSP585,2080,0.0217696070807824
PREF_0298,98.0850212177583,24.5590009063044,SSP585,2080,0.23398704872324
PREF_0299,98.8696037324368,26.9595718331434,SSP585,2080,0.000766471852266526
PREF_0300,99.4397682650685,27.9569827173524,SSP585,2080,0.00150438259006092
PREF_0301,91.0897778571989,30.0369929194074,SSP585,2080,0.00519430053330083
PREF_0302,86.4837372882426,29.4912237039721,SSP585,2080,0.019102415993526
PREF_0303,97.0384869242498,30.7746711725119,SSP585,2080,6.58985071407825e-05
PREF_0304,95.2436937211529,29.2019687257004,SSP585,2080,0.409753315548958
PREF_0305,92.2646949953206,28.2980944518944,SSP585,2080,0.00947725837407054
PREF_0306,89.2571959012187,32.7359811491026,SSP585,2080,1.2210511975419e-05
PREF_0307,82.5578345637871,33.0293923100188,SSP585,2080,9.66347568465142e-06
PREF_0308,108.791854450862,34.106924250675,SSP585,2080,0.0718980723249157
PREF_0309,109.032153282048,35.1956651677704,SSP585,2080,2.36226490590852e-08
PREF_0310,107.200029870516,34.3787894198332,SSP585,2080,0.000109900199918189
PREF_0311,108.390466785722,34.7845382326763,SSP585,2080,0.00989085690486902
PREF_0312,109.850766835986,34.950047690257,SSP585,2080,9.24824650835321e-05
PREF_0313,109.315202723372,36.4371839750012,SSP585,2080,4.8219885882661e-05
PREF_0314,107.101514151531,33.0905545386454,SSP585,2080,0.116994935285277
PREF_0315,109.566254380927,38.0378175734505,SSP585,2080,1.62201098398151e-05
PREF_0316,108.926544708739,32.757233182988,SSP585,2080,3.8814038456958e-05
PREF_0317,109.901268777651,33.6470969414652,SSP585,2080,6.39832146620556e-06
PREF_0318,103.654184531251,36.3500430935287,SSP585,2080,0.0673065260470623
PREF_0319,98.2096194867174,39.8290269898253,SSP585,2080,1.83182796709147e-08
PREF_0320,102.046936471831,38.4325725742986,SSP585,2080,3.2955786288813e-07
PREF_0321,104.621395249623,36.6134910915472,SSP585,2080,7.43370362044082e-07
PREF_0322,105.737208308216,34.6476946370737,SSP585,2080,4.36077063534768e-05
PREF_0323,103.056537612753,38.1665346464537,SSP585,2080,1.66182821298433e-05
PREF_0324,99.8278028838748,38.9529923354242,SSP585,2080,0.000281264623157473
PREF_0325,106.645753241326,35.3058828845902,SSP585,2080,3.58130032318549e-06
PREF_0326,96.0556633550248,40.260184938378,SSP585,2080,1.82372472123937e-06
PREF_0327,107.590550419631,36.1620214181463,SSP585,2080,0.00187665551131144
PREF_0328,104.452510541131,35.1198674637214,SSP585,2080,4.74478345442453e-05
PREF_0329,105.220350422395,33.5972701109345,SSP585,2080,0.000197930960188053
PREF_0330,103.280169886887,35.6301833324338,SSP585,2080,7.72571055784876e-06
PREF_0331,102.766564922225,34.3223304987986,SSP585,2080,0.00718481064957788
PREF_0332,101.437457951386,36.8279701149894,SSP585,2080,0.0342126785677297
PREF_0333,102.343691531015,36.3320151689351,SSP585,2080,0.0027832247332803
PREF_0334,100.302910572808,37.7589249826958,SSP585,2080,0.0178940971567639
PREF_0335,101.629425109548,35.022119343186,SSP585,2080,1.42803846673312e-05
PREF_0336,100.257670988381,35.8999822260154,SSP585,2080,0.047037779279573
PREF_0337,99.4199373434216,34.1157432840334,SSP585,2080,0.00015293314026843
PREF_0338,94.3213877752006,34.2108563391637,SSP585,2080,0.0424955648082866
PREF_0339,94.5310653939951,36.7123595619951,SSP585,2080,0.0132341157527595
PREF_0340,106.345209953701,38.2799544735338,SSP585,2080,0.0013539981130174
PREF_0341,106.513046043903,39.0065028203354,SSP585,2080,4.93116846045361e-06
PREF_0342,106.527562074545,37.4616613320997,SSP585,2080,1.93037089191161e-06
PREF_0343,106.180718287451,35.9149174435308,SSP585,2080,0.000409756745135326
PREF_0344,105.50095648294,37.0137223362795,SSP585,2080,2.89230270111851e-06
PREF_0345,87.7864948843258,43.7535036134194,SSP585,2080,0.0366060812119244
PREF_0346,85.1895002101539,45.4754926341596,SSP585,2080,0.000941944347046753
PREF_0347,89.815629633217,42.3913032516545,SSP585,2080,1.25477618961867e-07
PREF_0348,93.5147276857982,43.0389443814081,SSP585,2080,2.89413970899766e-07
PREF_0349,88.6325398965762,44.3456950213978,SSP585,2080,0.0183268122910661
PREF_0350,82.1059132168765,44.7311707957691,SSP585,2080,9.2038945509465e-06
PREF_0351,87.4661713634175,39.4907900907797,SSP585,2080,0.00065515512113401
PREF_0352,81.5485869391361,40.9627162026591,SSP585,2080,5.17247273612576e-06
PREF_0353,75.9455428738829,39.6561895503,SSP585,2080,1.10914314366273e-05
PREF_0354,77.1874398100588,38.1261251592131,SSP585,2080,0.00032443114486036
PREF_0355,80.9226253535944,37.0715380101512,SSP585,2080,0.000153176494466667
PREF_0356,82.1233333018035,43.4460517923895,SSP585,2080,0.0137120042989628
PREF_0357,84.7897215181362,45.6420659046148,SSP585,2080,0.0178079371592551
PREF_0358,88.4041846646969,46.907005776288,SSP585,2080,0.610722229213039
PREF_0359,86.0356695052122,44.3055193131897,SSP585,2080,8.63713461565219e-05
PREF_0360,81.3100738005355,40.5982692764772,SSP585,2080,7.09055415493154e-08
PREF_0361,79.0259048047934,39.8438367011761,SSP585,2080,2.60618926439804e-09
PREF_0362,87.554725867094,44.3616945203136,SSP585,2080,6.99082648436544e-08
PREF_0363,87.9837059846626,47.2417775193536,SSP585,2080,5.80566488672663e-06
PREF_0365,82.3440729928643,44.8522161448952,SSP585,2080,7.9068973590779e-12
PREF_0366,80.6830235814472,43.9325279896843,SSP585,2080,2.54327707671642e-07
PREF_0367,79.3619267343794,37.3626499181998,SSP585,2080,3.95622735016588e-07
PREF_0368,84.781122501724,44.8185332541682,SSP585,2080,8.27466226427376e-06
PREF_0369,120.967869142155,23.7470626562012,SSP585,2080,0.00763059808953392
PREF_0370,114.1343242378,22.381274185077,SSP585,2080,0.0505617919499528
PREF_0371,113.561375464429,22.1630230696564,SSP585,2080,
